charging_session_id,event_time,charge_start_time,charge_end_time,journey_id,user_id,selected_site_id,city,site_category,vehicle_soc_start_pct,target_soc_pct,battery_capacity_kwh,charger_connector,charger_power_kw,is_fast_charger,energy_required_kwh,energy_delivered_kwh,expected_charge_duration_min,actual_charge_duration_min,delay_ratio,availability_ratio_at_start,estimated_wait_at_start_min,operating_condition,operational_anomaly,severe_delay,day_part,is_weekend
CHG_BFA71895A5,2026-08-03 01:08:17,2026-08-03 01:08:17,2026-08-03 02:02:57,JNY_331948833,USR_19829,STN_JPR_01,Jaipur,MALL,30.1,90.0,69.5,CCS2,60.0,True,41.63,39.77,50.88,54.68,1.075,1.0,1.0,NORMAL,False,False,NIGHT,False
CHG_08D24EAB8D,2026-08-03 02:43:21,2026-08-03 02:43:21,2026-08-03 03:21:17,JNY_229841434,USR_18209,STN_BLR_01,Bengaluru,OFFICE,26.5,85.0,69.5,CHAdeMO,75.0,True,40.66,38.51,37.95,37.94,1.0,1.0,0.0,NORMAL,False,False,NIGHT,False
CHG_3C6BEFBEB1,2026-08-03 03:27:26,2026-08-03 03:27:26,2026-08-03 05:54:09,JNY_929792534,USR_93230,STN_DEL_03,Delhi,HIGHWAY,36.1,90.0,74.6,TYPE2_AC,22.0,False,40.21,38.51,134.03,146.73,1.095,0.8,0.0,NORMAL,False,False,NIGHT,False
CHG_E1F77717C9,2026-08-03 04:02:54,2026-08-03 04:02:54,2026-08-03 04:35:43,JNY_958511985,USR_34784,STN_DEL_02,Delhi,OFFICE,18.5,85.0,60.2,CCS2,90.0,True,40.03,38.19,31.14,32.82,1.054,1.0,0.0,NORMAL,False,False,NIGHT,False
CHG_46CA1464C2,2026-08-03 04:08:37,2026-08-03 04:08:37,2026-08-03 05:05:00,JNY_158173782,USR_25908,STN_MUM_02,Mumbai,RESIDENTIAL,26.1,85.0,85.4,CCS2,60.0,True,50.3,48.78,58.68,56.39,0.961,0.75,0.0,NORMAL,False,False,NIGHT,False
CHG_E0D867394E,2026-08-03 04:55:00,2026-08-03 04:55:00,2026-08-03 05:33:34,JNY_560064426,USR_18555,STN_DEL_02,Delhi,OFFICE,30.5,90.0,76.3,CCS2,90.0,True,45.4,43.73,36.99,38.58,1.043,1.0,0.0,NORMAL,False,False,NIGHT,False
CHG_523900E5B1,2026-08-03 05:14:27,2026-08-03 05:14:27,2026-08-03 05:30:44,JNY_543922807,USR_95798,STN_JPR_02,Jaipur,HIGHWAY,55.9,90.0,66.5,CCS2,120.0,True,22.68,21.55,13.86,16.29,1.176,0.4,7.0,NORMAL,False,False,NIGHT,False
CHG_8832543CF7,2026-08-03 05:20:17,2026-08-03 05:20:17,2026-08-03 05:38:57,JNY_346296957,USR_52403,STN_JPR_01,Jaipur,MALL,50.6,85.0,90.0,CCS2,120.0,True,30.96,29.99,18.06,18.68,1.034,1.0,0.0,NORMAL,False,False,NIGHT,False
CHG_851329CDAC,2026-08-03 05:25:22,2026-08-03 05:25:22,2026-08-03 06:01:10,JNY_608181087,USR_29690,STN_DEL_01,Delhi,MALL,16.3,80.0,70.7,CCS2,90.0,True,45.04,42.47,33.36,35.82,1.074,0.8,0.0,NORMAL,False,False,NIGHT,False
CHG_8FD170662A,2026-08-03 05:30:27,2026-08-03 05:30:27,2026-08-03 06:04:58,JNY_397669066,USR_32140,STN_JPR_02,Jaipur,HIGHWAY,14.7,80.0,88.6,CCS2,120.0,True,57.86,55.27,32.14,34.53,1.074,0.8,2.0,NORMAL,False,False,NIGHT,False
CHG_A4DBF6D95C,2026-08-03 05:31:09,2026-08-03 05:31:09,2026-08-03 05:50:00,JNY_223053343,USR_29803,STN_DEL_02,Delhi,OFFICE,26.7,80.0,67.1,CCS2,120.0,True,35.76,34.34,19.87,18.86,0.949,0.75,0.0,NORMAL,False,False,NIGHT,False
CHG_2696A0CBF0,2026-08-03 05:55:27,2026-08-03 05:55:27,2026-08-03 06:18:27,JNY_488951666,USR_20825,STN_JPR_02,Jaipur,HIGHWAY,41.8,85.0,69.5,CCS2,90.0,True,30.02,28.17,23.35,23.0,0.985,0.8,0.0,NORMAL,False,False,NIGHT,False
CHG_519FF07D4A,2026-08-03 05:57:52,2026-08-03 05:57:52,2026-08-03 06:40:53,JNY_635410729,USR_85945,STN_MUM_01,Mumbai,MALL,24.9,90.0,76.5,CCS2,90.0,True,49.8,48.36,40.58,43.02,1.06,1.0,0.0,NORMAL,False,False,NIGHT,False
CHG_7ACD9EEF48,2026-08-03 06:19:52,2026-08-03 06:19:52,2026-08-03 06:36:37,JNY_672176637,USR_89322,STN_GGN_01,Gurugram,OFFICE,36.1,80.0,70.5,CCS2,120.0,True,30.95,29.82,17.19,16.77,0.975,1.0,0.0,NORMAL,False,False,MORNING,False
CHG_04D825C8DA,2026-08-03 06:23:47,2026-08-03 06:23:47,2026-08-03 07:05:44,JNY_771074125,USR_16239,STN_GGN_01,Gurugram,OFFICE,24.0,90.0,76.1,CCS2,90.0,True,50.23,48.04,40.92,41.95,1.025,1.0,0.0,NORMAL,False,False,MORNING,False
CHG_20A562A392,2026-08-03 06:24:52,2026-08-03 06:24:52,2026-08-03 06:58:38,JNY_835503505,USR_79332,STN_GGN_01,Gurugram,OFFICE,19.1,80.0,77.2,CCS2,90.0,True,47.01,44.3,34.83,33.78,0.97,1.0,2.0,NORMAL,False,False,MORNING,False
CHG_36CE9BEAED,2026-08-03 06:34:39,2026-08-03 06:34:39,2026-08-03 07:09:06,JNY_974738855,USR_82128,STN_MUM_02,Mumbai,RESIDENTIAL,28.1,85.0,64.3,CCS2,120.0,True,36.59,34.57,21.34,34.46,1.614,0.5,0.0,POWER_LIMITATION,True,True,MORNING,False
CHG_A93C27010D,2026-08-03 06:50:45,2026-08-03 06:50:45,2026-08-03 07:07:58,JNY_643407789,USR_10454,STN_DEL_02,Delhi,OFFICE,38.7,85.0,79.3,CCS2,150.0,True,36.72,35.39,17.13,17.22,1.005,0.75,0.0,NORMAL,False,False,MORNING,False
CHG_02E0AE1D05,2026-08-03 07:00:05,2026-08-03 07:00:05,2026-08-03 09:37:53,JNY_548256623,USR_84594,STN_GGN_01,Gurugram,OFFICE,15.5,85.0,75.5,TYPE2_AC,22.0,False,52.47,49.56,166.96,157.82,0.945,1.0,0.0,NORMAL,False,False,MORNING,False
CHG_F5CA8E9D92,2026-08-03 07:03:01,2026-08-03 07:03:01,2026-08-03 07:28:06,JNY_841232637,USR_63886,STN_MUM_02,Mumbai,RESIDENTIAL,22.7,80.0,83.9,CCS2,120.0,True,48.07,45.79,26.71,25.09,0.939,0.75,0.0,NORMAL,False,False,MORNING,False
CHG_38C17B6AAA,2026-08-03 07:04:09,2026-08-03 07:04:09,2026-08-03 07:33:58,JNY_614310449,USR_68996,STN_BLR_01,Bengaluru,OFFICE,25.2,85.0,87.5,CCS2,120.0,True,52.33,50.96,30.52,29.82,0.977,1.0,0.0,NORMAL,False,False,MORNING,False
CHG_857DFDF60A,2026-08-03 07:06:14,2026-08-03 07:06:14,2026-08-03 07:49:42,JNY_966348374,USR_55273,STN_DEL_03,Delhi,HIGHWAY,38.6,80.0,67.6,CHAdeMO,50.0,True,27.99,26.33,37.32,43.48,1.165,0.6,0.0,MINOR_SLOWDOWN,True,False,MORNING,False
CHG_8CEC13D6AF,2026-08-03 07:06:36,2026-08-03 07:06:36,2026-08-03 07:51:26,JNY_734644770,USR_93904,STN_JPR_01,Jaipur,MALL,37.0,90.0,81.7,CHAdeMO,75.0,True,43.3,41.3,42.34,44.84,1.059,0.8,0.0,NORMAL,False,False,MORNING,False
CHG_BB79F09293,2026-08-03 07:08:31,2026-08-03 07:08:31,2026-08-03 07:31:15,JNY_607391292,USR_48376,STN_DEL_03,Delhi,HIGHWAY,23.5,85.0,84.1,CCS2,150.0,True,51.72,50.99,24.14,22.74,0.942,0.6,0.0,NORMAL,False,False,MORNING,False
CHG_DAB61C8EC9,2026-08-03 07:14:44,2026-08-03 07:14:44,2026-08-03 07:45:18,JNY_841691601,USR_47266,STN_DEL_02,Delhi,OFFICE,27.4,85.0,64.4,CCS2,90.0,True,37.09,35.39,28.85,30.58,1.06,1.0,0.0,NORMAL,False,False,MORNING,False
CHG_5926ADFDF3,2026-08-03 07:18:15,2026-08-03 07:18:15,2026-08-03 07:48:06,JNY_439929401,USR_62691,STN_GGN_02,Gurugram,MALL,40.6,80.0,72.4,CCS2,60.0,True,28.53,27.36,31.7,29.85,0.942,0.6,0.0,NORMAL,False,False,MORNING,False
CHG_78831CC32B,2026-08-03 07:20:12,2026-08-03 07:20:12,2026-08-03 08:49:08,JNY_593208422,USR_14503,STN_MUM_02,Mumbai,RESIDENTIAL,31.4,80.0,64.0,TYPE2_AC,22.0,False,31.1,29.63,94.25,88.94,0.944,0.75,0.0,NORMAL,False,False,MORNING,False
CHG_9CE61F34DA,2026-08-03 07:31:39,2026-08-03 07:31:39,2026-08-03 10:53:00,JNY_614328662,USR_83380,STN_DEL_01,Delhi,MALL,45.1,85.0,81.7,TYPE2_AC,11.0,False,32.6,31.41,207.44,201.37,0.971,0.4,0.0,NORMAL,False,False,MORNING,False
CHG_4139F2F3C2,2026-08-03 07:32:31,2026-08-03 07:32:31,2026-08-03 07:58:53,JNY_129898833,USR_66203,STN_GGN_01,Gurugram,OFFICE,12.9,80.0,81.3,CCS2,150.0,True,54.55,52.14,24.25,26.38,1.088,0.75,0.0,NORMAL,False,False,MORNING,False
CHG_655894B861,2026-08-03 07:36:06,2026-08-03 07:36:06,2026-08-03 07:54:40,JNY_837567246,USR_66358,STN_JPR_02,Jaipur,HIGHWAY,39.5,80.0,85.8,CCS2,120.0,True,34.75,33.27,19.31,18.57,0.962,0.8,0.0,NORMAL,False,False,MORNING,False
CHG_E5BFF22F8F,2026-08-03 07:41:45,2026-08-03 07:41:45,2026-08-03 10:41:58,JNY_818910274,USR_80889,STN_DEL_02,Delhi,OFFICE,17.2,85.0,83.4,TYPE2_AC,22.0,False,56.55,56.09,179.92,180.22,1.002,0.75,0.0,NORMAL,False,False,MORNING,False
CHG_2115412CB2,2026-08-03 07:56:25,2026-08-03 07:56:25,2026-08-03 08:54:53,JNY_101330618,USR_31645,STN_DEL_02,Delhi,OFFICE,12.1,90.0,64.9,CCS2,60.0,True,50.56,49.85,61.79,58.47,0.946,0.75,0.0,NORMAL,False,False,MORNING,False
CHG_DC2A91EE6C,2026-08-03 08:01:56,2026-08-03 08:01:56,2026-08-03 08:33:37,JNY_164809524,USR_99579,STN_DEL_01,Delhi,MALL,37.1,90.0,64.4,CCS2,90.0,True,34.07,32.58,27.76,31.69,1.141,0.2,5.0,NORMAL,False,False,MORNING,False
CHG_57C44D7C76,2026-08-03 08:02:14,2026-08-03 08:02:14,2026-08-03 08:30:32,JNY_826294049,USR_66458,STN_GGN_01,Gurugram,OFFICE,38.9,80.0,78.2,CHAdeMO,75.0,True,32.14,31.02,28.57,28.31,0.991,0.75,0.0,NORMAL,False,False,MORNING,False
CHG_0AF6E452E2,2026-08-03 08:03:33,2026-08-03 08:03:33,2026-08-03 08:49:31,JNY_111620611,USR_71580,STN_BLR_01,Bengaluru,OFFICE,17.8,90.0,81.0,CCS2,90.0,True,58.48,57.52,47.65,45.98,0.965,0.75,0.0,NORMAL,False,False,MORNING,False
CHG_82C2BC4141,2026-08-03 08:08:28,2026-08-03 08:08:28,2026-08-03 08:44:31,JNY_341561154,USR_29691,STN_DEL_02,Delhi,OFFICE,50.5,85.0,77.6,CCS2,60.0,True,26.77,25.89,31.23,36.07,1.155,0.5,11.0,NORMAL,False,False,MORNING,False
CHG_7AB4FB75C9,2026-08-03 08:10:28,2026-08-03 08:10:28,2026-08-03 08:46:41,JNY_641012724,USR_94665,STN_BLR_01,Bengaluru,OFFICE,32.6,90.0,83.1,CHAdeMO,100.0,True,47.7,45.58,34.98,36.23,1.036,1.0,0.0,NORMAL,False,False,MORNING,False
CHG_75495783F1,2026-08-03 08:12:52,2026-08-03 08:12:52,2026-08-03 09:00:52,JNY_794820318,USR_45563,STN_DEL_02,Delhi,OFFICE,29.3,85.0,89.2,CHAdeMO,75.0,True,49.68,47.92,46.37,48.0,1.035,1.0,0.0,NORMAL,False,False,MORNING,False
CHG_CD61BA94A3,2026-08-03 08:13:00,2026-08-03 08:13:00,2026-08-03 08:34:30,JNY_554041804,USR_95380,STN_DEL_02,Delhi,OFFICE,57.3,85.0,79.7,CHAdeMO,75.0,True,22.08,21.17,20.61,21.52,1.044,0.75,4.0,NORMAL,False,False,MORNING,False
CHG_D84C6BA685,2026-08-03 08:14:59,2026-08-03 08:14:59,2026-08-03 14:14:59,JNY_788713879,USR_89718,STN_GGN_02,Gurugram,MALL,29.3,90.0,84.0,TYPE2_AC,11.0,False,50.99,50.28,339.92,360.0,1.059,0.4,0.0,NORMAL,False,False,MORNING,False
CHG_1C45C1B284,2026-08-03 08:15:43,2026-08-03 08:15:43,2026-08-03 10:59:49,JNY_697335669,USR_28918,STN_DEL_02,Delhi,OFFICE,43.0,85.0,64.2,TYPE2_AC,11.0,False,26.96,26.2,171.59,164.11,0.956,1.0,0.0,NORMAL,False,False,MORNING,False
CHG_5A3A842893,2026-08-03 08:23:03,2026-08-03 08:23:03,2026-08-03 08:53:14,JNY_795216253,USR_44225,STN_JPR_02,Jaipur,HIGHWAY,32.9,85.0,80.1,CCS2,120.0,True,41.73,40.02,24.34,30.2,1.24,0.8,0.0,MINOR_SLOWDOWN,True,False,MORNING,False
CHG_A037D6D110,2026-08-03 08:23:46,2026-08-03 08:23:46,2026-08-03 09:03:35,JNY_745223533,USR_56140,STN_DEL_01,Delhi,MALL,26.3,85.0,71.7,CHAdeMO,75.0,True,42.09,39.64,39.28,39.83,1.014,0.4,0.0,NORMAL,False,False,MORNING,False
CHG_8E753B23C9,2026-08-03 08:24:08,2026-08-03 08:24:08,2026-08-03 08:52:07,JNY_457477665,USR_41610,STN_JPR_01,Jaipur,MALL,26.0,85.0,67.6,CCS2,120.0,True,39.88,38.54,23.27,27.99,1.203,0.4,5.0,NORMAL,False,False,MORNING,False
CHG_C514DE3F8D,2026-08-03 08:40:32,2026-08-03 08:40:32,2026-08-03 09:31:14,JNY_768231975,USR_99188,STN_BLR_01,Bengaluru,OFFICE,41.8,90.0,71.8,CCS2,60.0,True,34.61,33.66,42.3,50.7,1.199,0.75,0.0,MINOR_SLOWDOWN,True,False,MORNING,False
CHG_7D35670951,2026-08-03 08:55:07,2026-08-03 08:55:07,2026-08-03 11:08:33,JNY_998453243,USR_90679,STN_DEL_03,Delhi,HIGHWAY,31.8,80.0,76.4,TYPE2_AC,22.0,False,36.82,35.27,111.59,133.44,1.196,0.2,5.0,NORMAL,False,False,MORNING,False
CHG_42340D0A3E,2026-08-03 08:55:38,2026-08-03 08:55:38,2026-08-03 09:38:50,JNY_158825988,USR_26361,STN_GGN_02,Gurugram,MALL,32.2,90.0,90.0,CCS2,90.0,True,52.02,49.3,42.39,43.21,1.02,0.8,0.0,NORMAL,False,False,MORNING,False
CHG_32DF8ACE44,2026-08-03 08:58:28,2026-08-03 08:58:28,2026-08-03 09:51:25,JNY_603343382,USR_42712,STN_DEL_03,Delhi,HIGHWAY,16.0,85.0,60.0,CHAdeMO,75.0,True,41.4,41.19,38.64,52.96,1.371,0.2,18.0,NORMAL,False,False,MORNING,False
CHG_6D65603E6C,2026-08-03 09:01:28,2026-08-03 09:01:28,2026-08-03 10:12:48,JNY_850511997,USR_59341,STN_GGN_02,Gurugram,MALL,14.5,85.0,64.9,CCS2,60.0,True,45.75,43.07,53.38,71.34,1.336,0.2,7.0,NORMAL,False,False,MORNING,False
CHG_F6A677C983,2026-08-03 09:03:00,2026-08-03 09:03:00,2026-08-03 09:29:38,JNY_204342260,USR_75999,STN_GGN_01,Gurugram,OFFICE,45.3,80.0,74.8,CHAdeMO,75.0,True,25.96,24.94,23.07,26.63,1.154,0.5,0.0,NORMAL,False,False,MORNING,False
CHG_B877C23A12,2026-08-03 09:10:37,2026-08-03 09:10:37,2026-08-03 09:58:39,JNY_402228803,USR_37670,STN_MUM_01,Mumbai,MALL,16.3,80.0,78.3,CHAdeMO,75.0,True,49.88,48.05,44.34,48.04,1.084,0.2,2.0,NORMAL,False,False,MORNING,False
CHG_49B0B2B626,2026-08-03 09:10:52,2026-08-03 09:10:52,2026-08-03 15:10:52,JNY_219569636,USR_19458,STN_GGN_02,Gurugram,MALL,25.4,80.0,88.4,TYPE2_AC,7.2,False,48.27,46.14,446.91,360.0,0.806,0.6,0.0,NORMAL,False,False,MORNING,False
CHG_5D70B916E4,2026-08-03 09:16:11,2026-08-03 09:16:11,2026-08-03 15:16:11,JNY_116080707,USR_47056,STN_GGN_01,Gurugram,OFFICE,16.5,85.0,90.0,TYPE2_AC,11.0,False,61.65,59.88,392.32,360.0,0.918,0.75,0.0,NORMAL,False,False,MORNING,False
CHG_C28894011B,2026-08-03 09:17:55,2026-08-03 09:17:55,2026-08-03 09:51:08,JNY_307819740,USR_73244,STN_BLR_01,Bengaluru,OFFICE,52.8,85.0,78.2,CHAdeMO,50.0,True,25.18,24.14,35.25,33.23,0.942,0.75,0.0,NORMAL,False,False,MORNING,False
CHG_67EB0B9B12,2026-08-03 09:21:06,2026-08-03 09:21:06,2026-08-03 12:15:47,JNY_876926435,USR_83440,STN_MUM_02,Mumbai,RESIDENTIAL,25.9,90.0,84.4,TYPE2_AC,22.0,False,54.1,52.59,180.33,174.7,0.969,0.75,0.0,NORMAL,False,False,MORNING,False
CHG_E94E612D6A,2026-08-03 09:28:22,2026-08-03 09:28:22,2026-08-03 15:28:22,JNY_475409139,USR_76578,STN_BLR_01,Bengaluru,OFFICE,15.4,80.0,67.7,TYPE2_AC,7.2,False,43.73,42.59,404.95,360.0,0.889,0.5,3.0,NORMAL,False,False,MORNING,False
CHG_555EEB51AB,2026-08-03 09:32:17,2026-08-03 09:32:17,2026-08-03 10:00:08,JNY_508751432,USR_20029,STN_DEL_03,Delhi,HIGHWAY,32.7,95.0,67.3,CCS2,120.0,True,41.93,40.48,26.79,27.86,1.04,0.6,1.0,NORMAL,False,False,MORNING,False
CHG_1FD16CB58D,2026-08-03 09:34:39,2026-08-03 09:34:39,2026-08-03 09:59:55,JNY_377353473,USR_66905,STN_JPR_01,Jaipur,MALL,32.2,85.0,69.3,CCS2,120.0,True,36.59,35.05,21.34,25.27,1.184,0.2,7.0,NORMAL,False,False,MORNING,False
CHG_98E324A714,2026-08-03 09:35:04,2026-08-03 09:35:04,2026-08-03 10:05:39,JNY_141692782,USR_49619,STN_JPR_01,Jaipur,MALL,29.3,80.0,81.7,CCS2,90.0,True,41.42,39.97,30.68,30.59,0.997,0.6,0.0,NORMAL,False,False,MORNING,False
CHG_66A1A5D1A9,2026-08-03 09:38:15,2026-08-03 09:38:15,2026-08-03 10:19:08,JNY_382925462,USR_64780,STN_GGN_01,Gurugram,OFFICE,18.2,85.0,82.0,CCS2,120.0,True,54.78,52.34,31.95,40.89,1.28,0.25,14.0,NORMAL,False,False,MORNING,False
CHG_26351F9E5C,2026-08-03 09:47:03,2026-08-03 09:47:03,2026-08-03 10:26:21,JNY_777934555,USR_38692,STN_JPR_02,Jaipur,HIGHWAY,18.5,85.0,84.4,CCS2,120.0,True,56.13,54.4,32.74,39.31,1.201,0.2,2.0,NORMAL,False,False,MORNING,False
CHG_5513A710D1,2026-08-03 09:51:29,2026-08-03 09:51:29,2026-08-03 10:33:05,JNY_208492503,USR_77060,STN_GGN_02,Gurugram,MALL,29.4,85.0,82.9,CCS2,90.0,True,46.09,44.31,35.85,41.6,1.16,0.4,3.0,NORMAL,False,False,MORNING,False
CHG_484C8E43FE,2026-08-03 09:52:58,2026-08-03 09:52:58,2026-08-03 10:23:20,JNY_896203925,USR_66072,STN_DEL_03,Delhi,HIGHWAY,40.9,85.0,80.9,CCS2,90.0,True,35.68,34.58,27.75,30.38,1.095,0.4,2.0,NORMAL,False,False,MORNING,False
CHG_9034AF07C6,2026-08-03 09:54:53,2026-08-03 09:54:53,2026-08-03 10:39:07,JNY_218209483,USR_49177,STN_GGN_02,Gurugram,MALL,47.9,80.0,90.0,CHAdeMO,50.0,True,28.89,26.94,38.52,44.24,1.148,0.2,3.0,NORMAL,False,False,MORNING,False
CHG_E03F4A0AF2,2026-08-03 10:00:01,2026-08-03 10:00:01,2026-08-03 10:42:00,JNY_684243151,USR_33369,STN_DEL_01,Delhi,MALL,24.5,90.0,79.6,CCS2,90.0,True,52.14,47.73,42.48,42.0,0.989,1.0,3.0,NORMAL,False,False,MORNING,False
CHG_F1ADF640A2,2026-08-03 10:00:26,2026-08-03 10:00:26,2026-08-03 10:27:59,JNY_286245564,USR_11629,STN_GGN_02,Gurugram,MALL,53.2,90.0,73.7,CHAdeMO,75.0,True,27.12,26.08,26.52,27.56,1.039,0.4,0.0,NORMAL,False,False,MORNING,False
CHG_07B7690D80,2026-08-03 10:01:01,2026-08-03 10:01:01,2026-08-03 10:38:47,JNY_318310927,USR_34680,STN_BLR_01,Bengaluru,OFFICE,37.1,85.0,76.1,CCS2,90.0,True,36.45,34.46,28.35,37.77,1.332,0.25,5.0,NORMAL,False,False,MORNING,False
CHG_FCAAE891EC,2026-08-03 10:07:30,2026-08-03 10:07:30,2026-08-03 10:46:54,JNY_125395465,USR_34699,STN_JPR_01,Jaipur,MALL,35.5,80.0,75.4,CCS2,90.0,True,33.55,32.34,24.85,39.4,1.585,0.2,10.0,MINOR_SLOWDOWN,True,True,MORNING,False
CHG_D1A108482D,2026-08-03 10:08:12,2026-08-03 10:08:12,2026-08-03 10:28:52,JNY_232144883,USR_18812,STN_JPR_01,Jaipur,MALL,51.7,80.0,77.2,CHAdeMO,100.0,True,21.85,21.18,14.57,20.67,1.419,0.2,7.0,MINOR_SLOWDOWN,True,False,MORNING,False
CHG_F7A5E0F47A,2026-08-03 10:08:23,2026-08-03 10:08:23,2026-08-03 10:35:01,JNY_470883917,USR_25723,STN_JPR_01,Jaipur,MALL,33.9,85.0,64.8,CCS2,90.0,True,33.11,31.7,25.75,26.65,1.035,0.6,0.0,NORMAL,False,False,MORNING,False
CHG_5DD521039F,2026-08-03 10:08:38,2026-08-03 10:08:38,2026-08-03 10:39:21,JNY_954814998,USR_75911,STN_DEL_03,Delhi,HIGHWAY,20.3,80.0,82.3,CCS2,120.0,True,49.13,47.58,27.3,30.72,1.126,0.8,3.0,NORMAL,False,False,MORNING,False
CHG_F9C3043150,2026-08-03 10:15:18,2026-08-03 10:15:18,2026-08-03 10:42:37,JNY_738821935,USR_83306,STN_DEL_03,Delhi,HIGHWAY,54.3,85.0,82.9,CHAdeMO,75.0,True,25.45,24.09,23.75,27.33,1.151,0.4,7.0,NORMAL,False,False,MORNING,False
CHG_F997A92CAA,2026-08-03 10:17:11,2026-08-03 10:17:11,2026-08-03 15:01:58,JNY_519020054,USR_82267,STN_GGN_02,Gurugram,MALL,29.8,85.0,87.7,TYPE2_AC,11.0,False,48.41,46.0,308.07,284.8,0.924,0.6,0.0,NORMAL,False,False,MORNING,False
CHG_7BD999A007,2026-08-03 10:22:10,2026-08-03 10:22:10,2026-08-03 16:22:10,JNY_367679439,USR_45776,STN_GGN_01,Gurugram,OFFICE,29.9,85.0,78.0,TYPE2_AC,11.0,False,42.98,40.32,273.5,360.0,1.316,0.25,10.0,NORMAL,False,False,MORNING,False
CHG_93F9AEFC35,2026-08-03 10:34:32,2026-08-03 10:34:32,2026-08-03 13:45:32,JNY_239978806,USR_42317,STN_MUM_02,Mumbai,RESIDENTIAL,16.5,90.0,73.5,TYPE2_AC,22.0,False,54.02,50.99,180.08,191.02,1.061,0.75,0.0,NORMAL,False,False,MORNING,False
CHG_A0DF3C4329,2026-08-03 10:36:17,2026-08-03 10:36:17,2026-08-03 10:51:53,JNY_675435316,USR_61476,STN_DEL_01,Delhi,MALL,59.2,85.0,90.0,CCS2,120.0,True,23.22,22.38,13.54,15.6,1.152,0.4,0.0,NORMAL,False,False,MORNING,False
CHG_10C76DDBDC,2026-08-03 10:42:53,2026-08-03 10:42:53,2026-08-03 11:01:12,JNY_334413027,USR_53355,STN_BLR_01,Bengaluru,OFFICE,26.7,80.0,58.7,CCS2,120.0,True,31.29,29.2,17.38,18.32,1.054,0.5,0.0,NORMAL,False,False,MORNING,False
CHG_34329D48BA,2026-08-03 10:46:03,2026-08-03 10:46:03,2026-08-03 11:06:11,JNY_598436281,USR_23101,STN_DEL_01,Delhi,MALL,34.2,80.0,74.1,CCS2,120.0,True,33.94,32.81,18.85,20.14,1.068,0.6,0.0,NORMAL,False,False,MORNING,False
CHG_967BD4E6E2,2026-08-03 11:02:19,2026-08-03 11:02:19,2026-08-03 11:22:36,JNY_131287169,USR_80710,STN_DEL_02,Delhi,OFFICE,32.5,80.0,68.1,CCS2,120.0,True,32.35,30.43,17.97,20.3,1.13,0.5,0.0,NORMAL,False,False,MORNING,False
CHG_056D53B53A,2026-08-03 11:12:39,2026-08-03 11:12:39,2026-08-03 11:54:09,JNY_900260750,USR_93406,STN_DEL_01,Delhi,MALL,20.2,80.0,69.7,CCS2,150.0,True,41.68,39.63,18.52,41.51,2.241,0.2,2.0,CHARGER_FAULT,True,True,MORNING,False
CHG_34BD788C51,2026-08-03 11:12:51,2026-08-03 11:12:51,2026-08-03 12:05:09,JNY_870520911,USR_43187,STN_DEL_03,Delhi,HIGHWAY,20.7,90.0,86.9,CCS2,90.0,True,60.22,59.92,49.07,52.32,1.066,0.4,2.0,NORMAL,False,False,MORNING,False
CHG_DA1301DD04,2026-08-03 11:14:53,2026-08-03 11:14:53,2026-08-03 11:36:37,JNY_739384967,USR_49708,STN_JPR_01,Jaipur,MALL,19.6,85.0,73.7,CCS2,150.0,True,48.2,46.65,22.49,21.74,0.966,0.6,2.0,NORMAL,False,False,MORNING,False
CHG_B2FF470B8D,2026-08-03 11:16:40,2026-08-03 11:16:40,2026-08-03 11:53:52,JNY_271278905,USR_43744,STN_DEL_03,Delhi,HIGHWAY,40.0,95.0,73.9,CCS2,90.0,True,40.65,37.96,34.62,37.21,1.075,0.4,0.0,NORMAL,False,False,MORNING,False
CHG_4199B4D480,2026-08-03 11:17:58,2026-08-03 11:17:58,2026-08-03 11:55:03,JNY_974903912,USR_41585,STN_DEL_03,Delhi,HIGHWAY,31.3,85.0,66.8,CCS2,90.0,True,35.87,34.61,27.9,37.09,1.329,0.2,3.0,MINOR_SLOWDOWN,True,False,MORNING,False
CHG_5185C62C73,2026-08-03 11:18:00,2026-08-03 11:18:00,2026-08-03 11:43:41,JNY_326828117,USR_60238,STN_DEL_01,Delhi,MALL,13.7,80.0,85.7,CCS2,150.0,True,56.82,54.25,25.25,25.69,1.017,0.6,0.0,NORMAL,False,False,MORNING,False
CHG_8CF6F17A6A,2026-08-03 11:19:06,2026-08-03 11:19:06,2026-08-03 11:45:42,JNY_148258380,USR_24349,STN_MUM_02,Mumbai,RESIDENTIAL,33.4,80.0,62.6,CHAdeMO,75.0,True,29.17,28.12,25.93,26.61,1.026,1.0,0.0,NORMAL,False,False,MORNING,False
CHG_9147FB2D61,2026-08-03 11:19:54,2026-08-03 11:19:54,2026-08-03 11:37:24,JNY_781149256,USR_43015,STN_MUM_02,Mumbai,RESIDENTIAL,24.1,80.0,69.0,CCS2,150.0,True,38.57,37.25,17.14,17.5,1.021,0.75,0.0,NORMAL,False,False,MORNING,False
CHG_8406139635,2026-08-03 11:21:42,2026-08-03 11:21:42,2026-08-03 11:52:03,JNY_543592376,USR_42050,STN_MUM_01,Mumbai,MALL,26.0,85.0,77.6,CCS2,120.0,True,45.78,43.65,26.71,30.36,1.137,0.4,0.0,NORMAL,False,False,MORNING,False
CHG_5B647D59CD,2026-08-03 11:21:45,2026-08-03 11:21:45,2026-08-03 11:35:39,JNY_158057933,USR_24472,STN_MUM_01,Mumbai,MALL,46.8,80.0,90.0,CCS2,150.0,True,29.88,29.11,13.28,13.92,1.048,0.4,0.0,NORMAL,False,False,MORNING,False
CHG_A0FA083182,2026-08-03 11:22:56,2026-08-03 11:22:56,2026-08-03 12:09:30,JNY_253137491,USR_88077,STN_DEL_01,Delhi,MALL,18.5,80.0,67.3,CCS2,60.0,True,41.39,40.42,45.99,46.58,1.013,0.6,0.0,NORMAL,False,False,MORNING,False
CHG_3DC651708F,2026-08-03 11:26:28,2026-08-03 11:26:28,2026-08-03 11:48:15,JNY_742641857,USR_38428,STN_BLR_01,Bengaluru,OFFICE,44.0,85.0,87.7,CCS2,120.0,True,35.96,34.4,20.97,21.8,1.039,0.75,4.0,NORMAL,False,False,MORNING,False
CHG_CD10BFAAD2,2026-08-03 11:26:31,2026-08-03 11:26:31,2026-08-03 13:07:48,JNY_224410317,USR_74917,STN_DEL_02,Delhi,OFFICE,15.4,80.0,86.8,CHAdeMO,50.0,True,56.07,52.51,74.76,101.3,1.355,0.25,12.0,NORMAL,False,False,MORNING,False
CHG_4DFB3DF179,2026-08-03 11:27:30,2026-08-03 11:27:30,2026-08-03 12:11:23,JNY_625554676,USR_99180,STN_JPR_01,Jaipur,MALL,21.3,90.0,77.9,CCS2,90.0,True,53.52,50.64,43.61,43.88,1.006,0.8,0.0,NORMAL,False,False,MORNING,False
CHG_7260070A7C,2026-08-03 11:30:43,2026-08-03 11:30:43,2026-08-03 12:09:59,JNY_698140172,USR_20385,STN_GGN_01,Gurugram,OFFICE,30.6,90.0,84.0,CCS2,120.0,True,49.9,48.31,30.49,39.27,1.288,0.0,8.0,NORMAL,False,False,MORNING,False
CHG_FE4E3C2C0C,2026-08-03 11:32:11,2026-08-03 11:32:11,2026-08-03 12:28:04,JNY_570504799,USR_55941,STN_MUM_01,Mumbai,MALL,20.6,80.0,82.1,CCS2,60.0,True,48.77,47.55,54.19,55.9,1.032,0.6,0.0,NORMAL,False,False,MORNING,False
CHG_CB60451A8D,2026-08-03 11:33:35,2026-08-03 11:33:35,2026-08-03 13:08:53,JNY_412615083,USR_78788,STN_DEL_01,Delhi,MALL,40.0,90.0,58.3,TYPE2_AC,22.0,False,29.15,27.82,97.17,95.31,0.981,0.6,2.0,NORMAL,False,False,MORNING,False
CHG_FD04195C1F,2026-08-03 11:38:51,2026-08-03 11:38:51,2026-08-03 11:58:20,JNY_827879386,USR_21221,STN_BLR_01,Bengaluru,OFFICE,37.9,90.0,59.2,CCS2,120.0,True,30.84,29.18,18.85,19.5,1.034,0.5,0.0,NORMAL,False,False,MORNING,False
CHG_39229584AE,2026-08-03 11:41:21,2026-08-03 11:41:21,2026-08-03 17:11:32,JNY_635398396,USR_90945,STN_MUM_01,Mumbai,MALL,19.8,85.0,85.2,TYPE2_AC,11.0,False,55.55,53.61,353.5,330.19,0.934,0.6,0.0,NORMAL,False,False,MORNING,False
CHG_641D19469A,2026-08-03 11:42:43,2026-08-03 11:42:43,2026-08-03 12:00:51,JNY_866377207,USR_32689,STN_JPR_01,Jaipur,MALL,32.0,80.0,69.6,CCS2,120.0,True,33.41,32.2,18.56,18.13,0.977,0.6,0.0,NORMAL,False,False,MORNING,False
CHG_6861747555,2026-08-03 11:45:12,2026-08-03 11:45:12,2026-08-03 12:14:22,JNY_461286750,USR_46589,STN_GGN_02,Gurugram,MALL,30.5,80.0,69.0,CCS2,90.0,True,34.16,32.76,25.3,29.18,1.153,0.4,0.0,NORMAL,False,False,MORNING,False
CHG_5EF4FD5E48,2026-08-03 11:45:23,2026-08-03 11:45:23,2026-08-03 12:04:58,JNY_449627485,USR_95697,STN_JPR_02,Jaipur,HIGHWAY,39.1,85.0,90.0,CCS2,150.0,True,41.31,38.99,19.28,19.6,1.017,0.8,0.0,NORMAL,False,False,MORNING,False
CHG_E813BE77F5,2026-08-03 11:53:37,2026-08-03 11:53:37,2026-08-03 12:22:48,JNY_195184690,USR_48424,STN_DEL_01,Delhi,MALL,20.3,85.0,72.4,CCS2,120.0,True,46.84,45.67,27.32,29.2,1.069,0.2,2.0,NORMAL,False,False,MORNING,False
CHG_F72D5EBD77,2026-08-03 11:55:05,2026-08-03 11:55:05,2026-08-03 13:26:01,JNY_783466553,USR_89947,STN_DEL_02,Delhi,OFFICE,48.0,80.0,90.0,TYPE2_AC,22.0,False,28.8,28.2,87.27,90.94,1.042,0.75,0.0,NORMAL,False,False,MORNING,False
CHG_CAAA191A55,2026-08-03 11:59:13,2026-08-03 11:59:13,2026-08-03 12:38:08,JNY_509816966,USR_52487,STN_BLR_01,Bengaluru,OFFICE,49.4,95.0,82.7,CCS2,120.0,True,37.71,36.35,24.09,38.92,1.615,0.5,2.0,POWER_LIMITATION,True,True,MORNING,False
CHG_1E84B8A91C,2026-08-03 12:05:34,2026-08-03 12:05:34,2026-08-03 12:50:48,JNY_961431455,USR_79579,STN_MUM_02,Mumbai,RESIDENTIAL,13.3,90.0,88.3,CCS2,120.0,True,67.73,64.53,41.39,45.24,1.093,1.0,0.0,NORMAL,False,False,AFTERNOON,False
CHG_C8F3C28299,2026-08-03 12:10:38,2026-08-03 12:10:38,2026-08-03 12:26:05,JNY_628988107,USR_80667,STN_DEL_01,Delhi,MALL,53.7,85.0,87.4,CCS2,150.0,True,27.36,26.76,12.77,15.45,1.21,0.2,4.0,NORMAL,False,False,AFTERNOON,False
CHG_B46B0C487E,2026-08-03 12:10:54,2026-08-03 12:10:54,2026-08-03 13:23:47,JNY_446581168,USR_66872,STN_JPR_01,Jaipur,MALL,55.3,85.0,60.7,TYPE2_AC,22.0,False,18.03,17.22,57.36,72.89,1.271,0.2,4.0,NORMAL,False,False,AFTERNOON,False
CHG_BE6CE9C5DF,2026-08-03 12:11:16,2026-08-03 12:11:16,2026-08-03 12:56:35,JNY_632699381,USR_95588,STN_DEL_01,Delhi,MALL,30.8,80.0,90.0,CHAdeMO,75.0,True,44.28,42.6,39.36,45.33,1.152,0.6,4.0,NORMAL,False,False,AFTERNOON,False
CHG_9FA0937AAA,2026-08-03 12:13:18,2026-08-03 12:13:18,2026-08-03 14:55:54,JNY_123534348,USR_68506,STN_DEL_01,Delhi,MALL,19.1,85.0,72.4,TYPE2_AC,22.0,False,47.71,46.45,151.81,162.61,1.071,0.6,4.0,NORMAL,False,False,AFTERNOON,False
CHG_98F466C81D,2026-08-03 12:13:34,2026-08-03 12:13:34,2026-08-03 12:27:01,JNY_770112117,USR_72659,STN_DEL_02,Delhi,OFFICE,59.4,80.0,87.9,CCS2,120.0,True,18.11,17.12,10.06,13.46,1.338,0.5,10.0,NORMAL,False,False,AFTERNOON,False
CHG_CFFCBEBF3E,2026-08-03 12:15:43,2026-08-03 12:15:43,2026-08-03 13:06:16,JNY_164149080,USR_86981,STN_JPR_01,Jaipur,MALL,33.9,90.0,89.9,CCS2,90.0,True,50.43,47.97,41.09,50.56,1.23,0.2,5.0,NORMAL,False,False,AFTERNOON,False
CHG_E900F9844B,2026-08-03 12:18:46,2026-08-03 12:18:46,2026-08-03 12:40:42,JNY_785043515,USR_61640,STN_BLR_01,Bengaluru,OFFICE,33.0,85.0,69.8,CCS2,120.0,True,36.3,34.84,21.17,21.94,1.036,0.5,3.0,NORMAL,False,False,AFTERNOON,False
CHG_E66622A656,2026-08-03 12:21:42,2026-08-03 12:21:42,2026-08-03 12:48:58,JNY_238211670,USR_99483,STN_DEL_02,Delhi,OFFICE,20.3,90.0,67.6,CCS2,150.0,True,47.12,44.46,23.04,27.28,1.184,0.5,2.0,NORMAL,False,False,AFTERNOON,False
CHG_89CA19E6BB,2026-08-03 12:27:43,2026-08-03 12:27:43,2026-08-03 13:07:25,JNY_516742568,USR_13860,STN_DEL_01,Delhi,MALL,21.8,85.0,85.9,CCS2,120.0,True,54.29,51.78,31.67,39.7,1.254,0.2,6.0,NORMAL,False,False,AFTERNOON,False
CHG_002772FF4B,2026-08-03 12:30:01,2026-08-03 12:30:01,2026-08-03 13:18:12,JNY_162693698,USR_93263,STN_JPR_01,Jaipur,MALL,15.9,90.0,89.3,CCS2,120.0,True,66.17,63.91,40.44,48.19,1.192,0.4,9.0,NORMAL,False,False,AFTERNOON,False
CHG_C628B50846,2026-08-03 12:33:44,2026-08-03 12:33:44,2026-08-03 13:21:39,JNY_564265260,USR_65237,STN_GGN_02,Gurugram,MALL,30.5,80.0,77.4,CHAdeMO,50.0,True,38.31,36.82,51.08,47.92,0.938,0.6,0.0,NORMAL,False,False,AFTERNOON,False
CHG_6D3E7DD55E,2026-08-03 12:37:21,2026-08-03 12:37:21,2026-08-03 13:09:41,JNY_115637711,USR_92926,STN_GGN_02,Gurugram,MALL,32.0,85.0,62.4,CHAdeMO,75.0,True,33.07,32.32,30.87,32.34,1.048,0.6,0.0,NORMAL,False,False,AFTERNOON,False
CHG_A36801B0CE,2026-08-03 12:37:58,2026-08-03 12:37:58,2026-08-03 13:03:08,JNY_664461092,USR_67484,STN_MUM_01,Mumbai,MALL,39.3,85.0,55.3,CCS2,90.0,True,25.27,24.31,19.66,25.18,1.281,0.2,3.0,NORMAL,False,False,AFTERNOON,False
CHG_A2E721580E,2026-08-03 12:38:00,2026-08-03 12:38:00,2026-08-03 15:55:18,JNY_168116271,USR_11554,STN_BLR_01,Bengaluru,OFFICE,32.5,85.0,59.6,TYPE2_AC,11.0,False,31.29,30.04,199.12,197.31,0.991,0.5,0.0,NORMAL,False,False,AFTERNOON,False
CHG_FCB23AFF0D,2026-08-03 12:38:08,2026-08-03 12:38:08,2026-08-03 13:05:44,JNY_830516248,USR_87761,STN_JPR_02,Jaipur,HIGHWAY,20.1,95.0,56.9,CCS2,120.0,True,42.62,41.51,27.23,27.61,1.014,0.4,0.0,NORMAL,False,False,AFTERNOON,False
CHG_5CE4941917,2026-08-03 12:41:55,2026-08-03 12:41:55,2026-08-03 12:57:36,JNY_233541729,USR_38408,STN_GGN_01,Gurugram,OFFICE,50.1,80.0,90.0,CCS2,120.0,True,26.91,25.97,14.95,15.69,1.05,0.75,2.0,NORMAL,False,False,AFTERNOON,False
CHG_FA5AEB6E54,2026-08-03 12:44:59,2026-08-03 12:44:59,2026-08-03 13:27:20,JNY_982368106,USR_85014,STN_DEL_01,Delhi,MALL,16.1,85.0,76.7,CCS2,90.0,True,52.85,50.17,41.1,42.36,1.031,0.4,0.0,NORMAL,False,False,AFTERNOON,False
CHG_BA2F1B6144,2026-08-03 12:51:37,2026-08-03 12:51:37,2026-08-03 13:10:58,JNY_367764321,USR_55927,STN_JPR_01,Jaipur,MALL,50.4,85.0,88.3,CCS2,120.0,True,30.55,28.87,17.82,19.36,1.086,0.6,0.0,NORMAL,False,False,AFTERNOON,False
CHG_F673DEBD62,2026-08-03 12:54:27,2026-08-03 12:54:27,2026-08-03 14:00:34,JNY_943883260,USR_64812,STN_BLR_01,Bengaluru,OFFICE,32.1,95.0,70.2,CCS2,60.0,True,44.16,42.2,56.42,66.12,1.172,0.5,11.0,NORMAL,False,False,AFTERNOON,False
CHG_26BB70C4C5,2026-08-03 12:56:57,2026-08-03 12:56:57,2026-08-03 15:49:13,JNY_747591197,USR_78024,STN_DEL_03,Delhi,HIGHWAY,20.8,90.0,71.9,TYPE2_AC,22.0,False,49.75,46.71,165.85,172.28,1.039,0.6,0.0,NORMAL,False,False,AFTERNOON,False
CHG_9E53711F5D,2026-08-03 13:01:30,2026-08-03 13:01:30,2026-08-03 13:14:34,JNY_495874134,USR_41811,STN_GGN_02,Gurugram,MALL,54.2,80.0,83.7,CCS2,120.0,True,21.59,20.28,12.0,13.08,1.09,0.2,3.0,NORMAL,False,False,AFTERNOON,False
CHG_763AC4E71E,2026-08-03 13:02:09,2026-08-03 13:02:09,2026-08-03 13:27:53,JNY_263541386,USR_91434,STN_MUM_02,Mumbai,RESIDENTIAL,22.7,85.0,71.7,CCS2,150.0,True,44.67,42.81,20.85,25.74,1.235,0.5,7.0,NORMAL,False,False,AFTERNOON,False
CHG_0B8DABFFD7,2026-08-03 13:06:52,2026-08-03 13:06:52,2026-08-03 13:44:32,JNY_326824175,USR_48991,STN_GGN_02,Gurugram,MALL,40.0,85.0,81.6,CCS2,90.0,True,36.72,35.02,28.56,37.68,1.319,0.2,12.0,NORMAL,False,False,AFTERNOON,False
CHG_5A4DA6C63C,2026-08-03 13:11:47,2026-08-03 13:11:47,2026-08-03 13:51:59,JNY_565304079,USR_19191,STN_GGN_02,Gurugram,MALL,38.1,80.0,88.2,CHAdeMO,75.0,True,36.96,34.79,32.85,40.21,1.224,0.2,11.0,NORMAL,False,False,AFTERNOON,False
CHG_ACE692A51E,2026-08-03 13:12:43,2026-08-03 13:12:43,2026-08-03 16:17:26,JNY_304131945,USR_59645,STN_DEL_03,Delhi,HIGHWAY,36.0,90.0,72.7,TYPE2_AC,22.0,False,39.26,37.49,130.86,184.73,1.412,0.2,22.0,NORMAL,False,False,AFTERNOON,False
CHG_83C67DB425,2026-08-03 13:17:48,2026-08-03 13:17:48,2026-08-03 13:50:56,JNY_661185155,USR_20765,STN_BLR_01,Bengaluru,OFFICE,42.3,90.0,90.0,CCS2,120.0,True,42.93,39.81,26.24,33.14,1.263,0.25,2.0,NORMAL,False,False,AFTERNOON,False
CHG_CC1BFA327B,2026-08-03 13:23:41,2026-08-03 13:23:41,2026-08-03 13:38:28,JNY_535557921,USR_13438,STN_DEL_02,Delhi,OFFICE,56.2,80.0,73.1,CCS2,90.0,True,17.4,16.56,12.89,14.8,1.148,0.5,11.0,NORMAL,False,False,AFTERNOON,False
CHG_F676B90F96,2026-08-03 13:25:08,2026-08-03 13:25:08,2026-08-03 13:41:21,JNY_356332756,USR_41603,STN_GGN_01,Gurugram,OFFICE,46.8,85.0,74.8,CCS2,150.0,True,28.57,27.73,13.33,16.22,1.216,0.25,4.0,NORMAL,False,False,AFTERNOON,False
CHG_1068F6B36A,2026-08-03 13:38:59,2026-08-03 13:38:59,2026-08-03 14:03:13,JNY_840511324,USR_53065,STN_JPR_02,Jaipur,HIGHWAY,18.2,80.0,80.5,CCS2,150.0,True,49.75,46.83,22.11,24.23,1.096,0.6,0.0,NORMAL,False,False,AFTERNOON,False
CHG_374B36D8CE,2026-08-03 13:39:25,2026-08-03 13:39:25,2026-08-03 15:41:15,JNY_874267729,USR_39898,STN_MUM_02,Mumbai,RESIDENTIAL,57.1,85.0,70.6,TYPE2_AC,11.0,False,19.7,18.94,125.35,121.85,0.972,0.75,0.0,NORMAL,False,False,AFTERNOON,False
CHG_B59CB2D5BC,2026-08-03 13:48:30,2026-08-03 13:48:30,2026-08-03 14:07:16,JNY_894098397,USR_13681,STN_MUM_02,Mumbai,RESIDENTIAL,32.2,80.0,84.3,CCS2,150.0,True,40.3,38.04,17.91,18.77,1.048,0.5,5.0,NORMAL,False,False,AFTERNOON,False
CHG_7319704779,2026-08-03 13:52:00,2026-08-03 13:52:00,2026-08-03 14:27:58,JNY_850780099,USR_50443,STN_JPR_01,Jaipur,MALL,35.0,80.0,60.4,CCS2,60.0,True,27.18,25.72,30.2,35.98,1.191,0.8,5.0,NORMAL,False,False,AFTERNOON,False
CHG_85FD8085EB,2026-08-03 13:58:41,2026-08-03 13:58:41,2026-08-03 15:58:14,JNY_758279992,USR_70124,STN_MUM_02,Mumbai,RESIDENTIAL,39.9,85.0,70.8,TYPE2_AC,22.0,False,31.93,30.86,101.6,119.55,1.177,0.5,0.0,MINOR_SLOWDOWN,True,False,AFTERNOON,False
CHG_79B9B3E633,2026-08-03 13:58:56,2026-08-03 13:58:56,2026-08-03 15:20:54,JNY_221120023,USR_46525,STN_GGN_02,Gurugram,MALL,23.0,85.0,90.0,CHAdeMO,50.0,True,55.8,53.34,78.12,81.97,1.049,0.4,3.0,NORMAL,False,False,AFTERNOON,False
CHG_0A9777F6AA,2026-08-03 14:07:11,2026-08-03 14:07:11,2026-08-03 14:33:48,JNY_660518358,USR_80672,STN_JPR_01,Jaipur,MALL,28.8,85.0,76.7,CCS2,150.0,True,43.11,42.4,20.12,26.63,1.324,0.2,10.0,NORMAL,False,False,AFTERNOON,False
CHG_1905F7D892,2026-08-03 14:08:42,2026-08-03 14:08:42,2026-08-03 14:47:52,JNY_784098849,USR_54693,STN_MUM_02,Mumbai,RESIDENTIAL,34.8,80.0,87.0,CCS2,90.0,True,39.32,37.1,29.13,39.18,1.345,0.5,4.0,MINOR_SLOWDOWN,True,False,AFTERNOON,False
CHG_395378B80D,2026-08-03 14:17:25,2026-08-03 14:17:25,2026-08-03 15:08:05,JNY_660825421,USR_33227,STN_BLR_01,Bengaluru,OFFICE,20.9,90.0,70.8,CCS2,90.0,True,48.92,46.12,39.86,50.68,1.271,0.25,4.0,NORMAL,False,False,AFTERNOON,False
CHG_A62ACEA1F6,2026-08-03 14:18:22,2026-08-03 14:18:22,2026-08-03 14:37:00,JNY_206650401,USR_26929,STN_JPR_02,Jaipur,HIGHWAY,57.1,90.0,73.4,CCS2,90.0,True,24.15,23.35,19.68,18.65,0.948,0.6,1.0,NORMAL,False,False,AFTERNOON,False
CHG_F15EB07A83,2026-08-03 14:22:51,2026-08-03 14:22:51,2026-08-03 17:20:37,JNY_500019179,USR_31742,STN_MUM_01,Mumbai,MALL,28.1,90.0,85.0,TYPE2_AC,22.0,False,52.62,50.32,175.38,177.77,1.014,0.6,4.0,NORMAL,False,False,AFTERNOON,False
CHG_11DABDCE86,2026-08-03 14:25:51,2026-08-03 14:25:51,2026-08-03 18:00:42,JNY_451462557,USR_56609,STN_JPR_01,Jaipur,MALL,52.7,85.0,54.4,TYPE2_AC,7.2,False,17.57,16.88,170.83,214.86,1.258,0.2,4.0,NORMAL,False,False,AFTERNOON,False
CHG_97827FE72A,2026-08-03 14:26:03,2026-08-03 14:26:03,2026-08-03 14:54:56,JNY_822457514,USR_66302,STN_MUM_02,Mumbai,RESIDENTIAL,24.8,90.0,56.8,CCS2,90.0,True,37.03,35.56,30.18,28.89,0.958,1.0,0.0,NORMAL,False,False,AFTERNOON,False
CHG_82551BFB36,2026-08-03 14:26:42,2026-08-03 14:26:42,2026-08-03 14:55:25,JNY_758843740,USR_53764,STN_JPR_02,Jaipur,HIGHWAY,33.5,80.0,76.4,CCS2,120.0,True,35.53,34.25,19.74,28.73,1.456,0.2,11.0,NORMAL,False,False,AFTERNOON,False
CHG_918389B201,2026-08-03 14:30:51,2026-08-03 14:30:51,2026-08-03 15:05:23,JNY_209131492,USR_42815,STN_GGN_02,Gurugram,MALL,13.7,85.0,72.5,CHAdeMO,100.0,True,51.69,48.7,36.18,34.54,0.955,0.8,0.0,NORMAL,False,False,AFTERNOON,False
CHG_BA674D930E,2026-08-03 14:37:32,2026-08-03 14:37:32,2026-08-03 15:32:45,JNY_811978941,USR_77456,STN_BLR_01,Bengaluru,OFFICE,19.1,85.0,81.6,CHAdeMO,75.0,True,53.77,51.29,50.19,55.22,1.1,0.5,0.0,NORMAL,False,False,AFTERNOON,False
CHG_CE4BA5FCA6,2026-08-03 14:39:59,2026-08-03 14:39:59,2026-08-03 15:03:05,JNY_788166010,USR_17536,STN_MUM_01,Mumbai,MALL,53.2,85.0,87.4,CCS2,90.0,True,27.79,26.36,21.62,23.1,1.069,0.6,0.0,NORMAL,False,False,AFTERNOON,False
CHG_4882F594E0,2026-08-03 14:43:41,2026-08-03 14:43:41,2026-08-03 15:13:30,JNY_957860714,USR_31828,STN_MUM_01,Mumbai,MALL,23.7,85.0,86.6,CCS2,120.0,True,53.09,50.95,30.97,29.82,0.963,0.8,2.0,NORMAL,False,False,AFTERNOON,False
CHG_059E02B5DB,2026-08-03 14:51:33,2026-08-03 14:51:33,2026-08-03 15:05:37,JNY_953186086,USR_23212,STN_DEL_01,Delhi,MALL,46.2,85.0,77.3,CCS2,150.0,True,29.99,28.68,14.0,14.08,1.006,0.8,0.0,NORMAL,False,False,AFTERNOON,False
CHG_F8DB58C144,2026-08-03 14:51:39,2026-08-03 14:51:39,2026-08-03 15:22:33,JNY_856479572,USR_97558,STN_BLR_01,Bengaluru,OFFICE,18.0,85.0,69.5,CCS2,120.0,True,46.56,43.78,27.16,30.91,1.138,0.25,5.0,NORMAL,False,False,AFTERNOON,False
CHG_F381A027BC,2026-08-03 14:57:27,2026-08-03 14:57:27,2026-08-03 15:33:38,JNY_476576980,USR_74365,STN_BLR_01,Bengaluru,OFFICE,44.4,80.0,78.1,CHAdeMO,50.0,True,27.8,27.64,37.07,36.2,0.976,0.5,0.0,NORMAL,False,False,AFTERNOON,False
CHG_1FD7C12907,2026-08-03 14:59:02,2026-08-03 14:59:02,2026-08-03 15:42:00,JNY_295986895,USR_62575,STN_DEL_03,Delhi,HIGHWAY,15.7,80.0,77.6,CHAdeMO,100.0,True,49.9,46.55,33.26,42.97,1.292,0.2,2.0,MINOR_SLOWDOWN,True,False,AFTERNOON,False
CHG_58E0804D57,2026-08-03 15:00:08,2026-08-03 15:00:08,2026-08-03 16:42:40,JNY_933496573,USR_50079,STN_MUM_01,Mumbai,MALL,54.2,90.0,63.8,TYPE2_AC,22.0,False,22.84,21.62,76.13,102.54,1.347,0.4,10.0,NORMAL,False,False,AFTERNOON,False
CHG_5180A2E3C7,2026-08-03 15:01:32,2026-08-03 15:01:32,2026-08-03 18:50:44,JNY_389853166,USR_39219,STN_JPR_02,Jaipur,HIGHWAY,20.3,90.0,90.0,TYPE2_AC,22.0,False,62.73,59.11,209.1,229.21,1.096,0.6,0.0,NORMAL,False,False,AFTERNOON,False
CHG_F9FE9CE273,2026-08-03 15:01:34,2026-08-03 15:01:34,2026-08-03 15:36:42,JNY_206788144,USR_30905,STN_JPR_01,Jaipur,MALL,20.1,85.0,82.2,CCS2,120.0,True,53.35,51.71,31.12,35.14,1.129,0.4,6.0,NORMAL,False,False,AFTERNOON,False
CHG_026809C764,2026-08-03 15:10:16,2026-08-03 15:10:16,2026-08-03 15:50:46,JNY_600968825,USR_45387,STN_DEL_02,Delhi,OFFICE,36.7,85.0,83.4,CCS2,90.0,True,40.28,38.42,31.33,40.52,1.293,0.25,7.0,NORMAL,False,False,AFTERNOON,False
CHG_AAAC6F7691,2026-08-03 15:23:01,2026-08-03 15:23:01,2026-08-03 16:03:15,JNY_599929340,USR_73743,STN_MUM_02,Mumbai,RESIDENTIAL,20.2,80.0,72.9,CHAdeMO,75.0,True,43.59,41.38,38.75,40.25,1.039,1.0,0.0,NORMAL,False,False,AFTERNOON,False
CHG_B95D035F59,2026-08-03 15:24:27,2026-08-03 15:24:27,2026-08-03 15:56:57,JNY_426296500,USR_14619,STN_MUM_02,Mumbai,RESIDENTIAL,32.3,85.0,80.1,CCS2,90.0,True,42.21,41.03,32.83,32.51,0.99,1.0,0.0,NORMAL,False,False,AFTERNOON,False
CHG_C80589C3AA,2026-08-03 15:24:32,2026-08-03 15:24:32,2026-08-03 15:35:27,JNY_800628960,USR_70921,STN_JPR_01,Jaipur,MALL,52.9,80.0,70.2,CCS2,150.0,True,19.02,18.7,8.46,10.93,1.293,0.4,11.0,NORMAL,False,False,AFTERNOON,False
CHG_45DB32F015,2026-08-03 15:26:41,2026-08-03 15:26:41,2026-08-03 16:36:25,JNY_897025280,USR_27998,STN_MUM_01,Mumbai,MALL,30.4,90.0,54.7,CCS2,60.0,True,32.6,31.48,39.85,69.74,1.75,0.2,24.0,MINOR_SLOWDOWN,True,True,AFTERNOON,False
CHG_C6807CDD0B,2026-08-03 15:27:04,2026-08-03 15:27:04,2026-08-03 17:00:06,JNY_149505020,USR_77287,STN_MUM_02,Mumbai,RESIDENTIAL,13.5,90.0,90.0,CCS2,120.0,True,68.85,64.73,42.08,93.04,2.211,0.75,2.0,CHARGER_FAULT,True,True,AFTERNOON,False
CHG_63DB6AB8D1,2026-08-03 15:29:28,2026-08-03 15:29:28,2026-08-03 15:51:38,JNY_635527825,USR_26771,STN_DEL_03,Delhi,HIGHWAY,38.4,85.0,60.6,CCS2,90.0,True,28.24,27.22,21.96,22.17,1.009,0.6,0.0,NORMAL,False,False,AFTERNOON,False
CHG_F2AFE379C1,2026-08-03 15:35:44,2026-08-03 15:35:44,2026-08-03 16:05:00,JNY_782202728,USR_79305,STN_DEL_02,Delhi,OFFICE,33.1,90.0,69.6,CCS2,120.0,True,39.6,36.51,24.2,29.27,1.21,0.5,10.0,NORMAL,False,False,AFTERNOON,False
CHG_33EC875E02,2026-08-03 15:38:58,2026-08-03 15:38:58,2026-08-03 16:16:31,JNY_249097996,USR_30891,STN_BLR_01,Bengaluru,OFFICE,23.5,85.0,57.3,CHAdeMO,75.0,True,35.24,33.65,32.89,37.55,1.142,0.25,2.0,NORMAL,False,False,AFTERNOON,False
CHG_814E21191E,2026-08-03 15:45:32,2026-08-03 15:45:32,2026-08-03 16:18:02,JNY_880268636,USR_51220,STN_MUM_02,Mumbai,RESIDENTIAL,42.5,90.0,89.4,CCS2,90.0,True,42.47,41.01,34.6,32.52,0.94,1.0,1.0,NORMAL,False,False,AFTERNOON,False
CHG_6B3D42F643,2026-08-03 15:49:05,2026-08-03 15:49:05,2026-08-03 20:27:14,JNY_838403134,USR_21765,STN_BLR_01,Bengaluru,OFFICE,31.2,80.0,81.1,TYPE2_AC,11.0,False,39.58,38.57,239.86,278.15,1.16,0.25,7.0,NORMAL,False,False,AFTERNOON,False
CHG_7B02521E23,2026-08-03 15:53:16,2026-08-03 15:53:16,2026-08-03 16:41:46,JNY_205126175,USR_13507,STN_DEL_02,Delhi,OFFICE,19.8,80.0,83.4,CCS2,90.0,True,50.21,48.4,37.19,48.5,1.304,0.5,0.0,MINOR_SLOWDOWN,True,False,AFTERNOON,False
CHG_88BFA8E12A,2026-08-03 16:03:53,2026-08-03 16:03:53,2026-08-03 17:50:45,JNY_920456551,USR_56633,STN_MUM_02,Mumbai,RESIDENTIAL,24.3,80.0,63.5,TYPE2_AC,22.0,False,35.37,34.18,107.18,106.88,0.997,0.75,0.0,NORMAL,False,False,AFTERNOON,False
CHG_1C70CB7E21,2026-08-03 16:07:45,2026-08-03 16:07:45,2026-08-03 17:22:40,JNY_400494076,USR_32844,STN_MUM_02,Mumbai,RESIDENTIAL,28.1,95.0,71.4,CHAdeMO,50.0,True,47.77,45.78,73.24,74.93,1.023,1.0,3.0,NORMAL,False,False,AFTERNOON,False
CHG_7F7E3AA6D0,2026-08-03 16:11:02,2026-08-03 16:11:02,2026-08-03 17:19:01,JNY_843850873,USR_84828,STN_DEL_02,Delhi,OFFICE,28.1,90.0,73.6,CCS2,60.0,True,45.56,43.48,55.68,67.99,1.221,0.25,9.0,NORMAL,False,False,AFTERNOON,False
CHG_A01AC6695C,2026-08-03 16:17:47,2026-08-03 16:17:47,2026-08-03 17:02:01,JNY_487179702,USR_10223,STN_MUM_01,Mumbai,MALL,17.3,85.0,57.4,CCS2,60.0,True,38.86,37.08,45.34,44.24,0.976,0.6,0.0,NORMAL,False,False,AFTERNOON,False
CHG_5B475B101A,2026-08-03 16:18:20,2026-08-03 16:18:20,2026-08-03 16:51:08,JNY_828581404,USR_13337,STN_JPR_01,Jaipur,MALL,41.5,80.0,87.5,CHAdeMO,75.0,True,33.69,32.54,29.94,32.81,1.096,0.6,0.0,NORMAL,False,False,AFTERNOON,False
CHG_81F75248AE,2026-08-03 16:21:01,2026-08-03 16:21:01,2026-08-03 22:21:01,JNY_278611651,USR_40853,STN_DEL_03,Delhi,HIGHWAY,16.7,90.0,74.6,TYPE2_AC,11.0,False,54.68,53.5,364.55,360.0,0.988,1.0,0.0,NORMAL,False,False,AFTERNOON,False
CHG_BA7CF1C4C0,2026-08-03 16:25:50,2026-08-03 16:25:50,2026-08-03 17:14:46,JNY_455119072,USR_61868,STN_BLR_01,Bengaluru,OFFICE,22.1,85.0,67.9,CCS2,90.0,True,42.71,41.22,33.22,48.94,1.473,0.25,11.0,MINOR_SLOWDOWN,True,False,AFTERNOON,False
CHG_870BC1D7F4,2026-08-03 16:27:33,2026-08-03 16:27:33,2026-08-03 17:24:26,JNY_794702547,USR_90751,STN_DEL_02,Delhi,OFFICE,22.1,85.0,72.9,CCS2,90.0,True,45.85,44.43,35.66,56.89,1.595,0.25,23.0,NORMAL,False,True,AFTERNOON,False
CHG_4B652DADC6,2026-08-03 16:36:45,2026-08-03 16:36:45,2026-08-03 17:32:33,JNY_170687033,USR_72617,STN_DEL_01,Delhi,MALL,37.1,95.0,62.2,CHAdeMO,50.0,True,36.01,34.26,55.22,55.8,1.011,0.4,2.0,NORMAL,False,False,AFTERNOON,False
CHG_DA72064739,2026-08-03 16:37:09,2026-08-03 16:37:09,2026-08-03 17:12:44,JNY_775782516,USR_22949,STN_MUM_01,Mumbai,MALL,23.9,85.0,68.1,CCS2,90.0,True,41.61,38.97,32.36,35.6,1.1,0.6,4.0,NORMAL,False,False,AFTERNOON,False
CHG_C6FABEDFE5,2026-08-03 16:38:31,2026-08-03 16:38:31,2026-08-03 16:56:48,JNY_751394685,USR_28834,STN_DEL_01,Delhi,MALL,47.8,80.0,77.6,CCS2,90.0,True,24.99,23.91,18.51,18.29,0.988,0.6,0.0,NORMAL,False,False,AFTERNOON,False
CHG_1304964307,2026-08-03 16:44:50,2026-08-03 16:44:50,2026-08-03 17:04:59,JNY_365915058,USR_49393,STN_DEL_02,Delhi,OFFICE,27.4,80.0,62.0,CCS2,120.0,True,32.61,31.63,18.12,20.15,1.112,0.25,2.0,NORMAL,False,False,AFTERNOON,False
CHG_AC30F6CD5D,2026-08-03 16:49:17,2026-08-03 16:49:17,2026-08-03 17:15:06,JNY_495897562,USR_96114,STN_BLR_01,Bengaluru,OFFICE,36.8,80.0,89.4,CCS2,120.0,True,38.62,36.82,21.46,25.83,1.204,0.5,8.0,NORMAL,False,False,AFTERNOON,False
CHG_9A2BFC2571,2026-08-03 16:50:30,2026-08-03 16:50:30,2026-08-03 17:30:44,JNY_167528846,USR_80140,STN_MUM_02,Mumbai,RESIDENTIAL,16.5,85.0,52.4,CCS2,60.0,True,35.89,34.38,41.88,40.24,0.961,1.0,0.0,NORMAL,False,False,AFTERNOON,False
CHG_690C55F6CC,2026-08-03 16:50:33,2026-08-03 16:50:33,2026-08-03 17:35:48,JNY_849874703,USR_65799,STN_DEL_01,Delhi,MALL,39.8,85.0,87.7,CHAdeMO,75.0,True,39.64,37.99,37.0,45.26,1.223,0.6,0.0,MINOR_SLOWDOWN,True,False,AFTERNOON,False
CHG_148BC37414,2026-08-03 16:50:41,2026-08-03 16:50:41,2026-08-03 17:20:31,JNY_908553552,USR_20523,STN_BLR_01,Bengaluru,OFFICE,41.3,85.0,83.8,CCS2,120.0,True,36.62,35.68,21.36,29.84,1.397,0.25,12.0,NORMAL,False,False,AFTERNOON,False
CHG_CF1B658B54,2026-08-03 16:51:10,2026-08-03 16:51:10,2026-08-03 17:32:14,JNY_160524730,USR_80947,STN_MUM_02,Mumbai,RESIDENTIAL,26.4,85.0,74.9,CHAdeMO,75.0,True,43.89,41.2,40.97,41.08,1.003,1.0,0.0,NORMAL,False,False,AFTERNOON,False
CHG_3456790923,2026-08-03 16:54:01,2026-08-03 16:54:01,2026-08-03 18:53:44,JNY_453110046,USR_25301,STN_MUM_01,Mumbai,MALL,29.1,80.0,80.1,TYPE2_AC,22.0,False,40.77,40.42,123.55,119.73,0.969,0.6,0.0,NORMAL,False,False,AFTERNOON,False
CHG_8760B54D75,2026-08-03 17:00:51,2026-08-03 17:00:51,2026-08-03 17:10:56,JNY_427032748,USR_66981,STN_JPR_01,Jaipur,MALL,57.1,80.0,55.8,CCS2,120.0,True,12.78,12.42,7.1,10.08,1.42,0.2,12.0,NORMAL,False,False,EVENING,False
CHG_78E600349D,2026-08-03 17:00:56,2026-08-03 17:00:56,2026-08-03 17:35:32,JNY_899925869,USR_93638,STN_GGN_02,Gurugram,MALL,38.9,85.0,90.0,CCS2,90.0,True,41.49,39.44,32.27,34.61,1.073,0.4,5.0,NORMAL,False,False,EVENING,False
CHG_BE06CD5E3A,2026-08-03 17:08:11,2026-08-03 17:08:11,2026-08-03 17:42:01,JNY_152311750,USR_21555,STN_GGN_01,Gurugram,OFFICE,18.0,85.0,82.4,CCS2,120.0,True,55.21,52.53,32.2,33.84,1.051,0.5,0.0,NORMAL,False,False,EVENING,False
CHG_422EAA70AC,2026-08-03 17:10:18,2026-08-03 17:10:18,2026-08-03 17:45:18,JNY_334017482,USR_26288,STN_DEL_02,Delhi,OFFICE,26.4,80.0,72.2,CCS2,90.0,True,38.7,38.31,28.67,35.01,1.221,0.25,2.0,NORMAL,False,False,EVENING,False
CHG_522B5FCC2D,2026-08-03 17:11:54,2026-08-03 17:11:54,2026-08-03 17:38:05,JNY_985483447,USR_62423,STN_MUM_02,Mumbai,RESIDENTIAL,45.8,85.0,77.4,CCS2,90.0,True,30.34,28.8,23.6,26.2,1.11,1.0,3.0,NORMAL,False,False,EVENING,False
CHG_E1BBDEAFBC,2026-08-03 17:16:17,2026-08-03 17:16:17,2026-08-03 20:37:58,JNY_859250629,USR_34062,STN_MUM_02,Mumbai,RESIDENTIAL,11.9,90.0,71.5,TYPE2_AC,22.0,False,55.84,53.25,186.14,201.69,1.084,1.0,0.0,NORMAL,False,False,EVENING,False
CHG_0610416C17,2026-08-03 17:23:46,2026-08-03 17:23:46,2026-08-03 17:42:37,JNY_165176015,USR_31024,STN_GGN_01,Gurugram,OFFICE,44.5,80.0,89.1,CCS2,120.0,True,31.63,30.83,17.57,18.86,1.073,0.5,0.0,NORMAL,False,False,EVENING,False
CHG_E7600FE821,2026-08-03 17:24:56,2026-08-03 17:24:56,2026-08-03 18:25:04,JNY_715799498,USR_94932,STN_DEL_02,Delhi,OFFICE,12.4,80.0,85.1,CHAdeMO,100.0,True,57.53,55.0,38.35,60.15,1.568,0.25,30.0,NORMAL,False,True,EVENING,False
CHG_A8C60B3FBC,2026-08-03 17:25:36,2026-08-03 17:25:36,2026-08-03 19:29:24,JNY_540314147,USR_77481,STN_JPR_01,Jaipur,MALL,22.3,80.0,69.4,TYPE2_AC,22.0,False,40.04,38.77,121.34,123.8,1.02,0.6,0.0,NORMAL,False,False,EVENING,False
CHG_99ABE1ACE9,2026-08-03 17:27:58,2026-08-03 17:27:58,2026-08-03 18:15:42,JNY_733228240,USR_74382,STN_GGN_01,Gurugram,OFFICE,21.5,80.0,62.9,CHAdeMO,75.0,True,36.8,34.92,32.71,47.74,1.46,0.0,10.0,NORMAL,False,False,EVENING,False
CHG_65CAEC37FB,2026-08-03 17:29:00,2026-08-03 17:29:00,2026-08-03 19:07:24,JNY_258230455,USR_45515,STN_DEL_01,Delhi,MALL,14.0,80.0,81.4,CHAdeMO,50.0,True,53.72,50.82,71.63,98.41,1.374,0.2,9.0,NORMAL,False,False,EVENING,False
CHG_7BC2C28F60,2026-08-03 17:33:56,2026-08-03 17:33:56,2026-08-03 17:50:01,JNY_587340417,USR_99041,STN_GGN_02,Gurugram,MALL,55.0,80.0,65.6,CCS2,90.0,True,16.4,15.83,12.15,16.1,1.325,0.2,7.0,NORMAL,False,False,EVENING,False
CHG_A4CE5F1136,2026-08-03 17:36:08,2026-08-03 17:36:08,2026-08-03 17:56:07,JNY_732079230,USR_54220,STN_BLR_01,Bengaluru,OFFICE,30.8,80.0,67.1,CCS2,120.0,True,33.01,32.28,18.34,19.99,1.09,0.25,3.0,NORMAL,False,False,EVENING,False
CHG_9D58B881B0,2026-08-03 17:37:55,2026-08-03 17:37:55,2026-08-03 17:52:19,JNY_851680424,USR_23773,STN_JPR_01,Jaipur,MALL,51.0,80.0,89.3,CCS2,120.0,True,25.9,24.48,14.39,14.41,1.002,0.4,0.0,NORMAL,False,False,EVENING,False
CHG_6FD5D83B83,2026-08-03 17:39:19,2026-08-03 17:39:19,2026-08-03 19:44:59,JNY_594780393,USR_98785,STN_MUM_01,Mumbai,MALL,29.8,90.0,60.0,TYPE2_AC,22.0,False,36.12,34.85,120.4,125.68,1.044,0.4,0.0,NORMAL,False,False,EVENING,False
CHG_5A1B75A908,2026-08-03 17:41:56,2026-08-03 17:41:56,2026-08-03 18:56:06,JNY_737034521,USR_65257,STN_MUM_02,Mumbai,RESIDENTIAL,18.6,85.0,75.7,CHAdeMO,50.0,True,50.26,48.02,70.37,74.18,1.054,0.5,3.0,NORMAL,False,False,EVENING,False
CHG_1B342A1B9C,2026-08-03 17:45:40,2026-08-03 17:45:40,2026-08-03 18:36:10,JNY_909079184,USR_87434,STN_JPR_02,Jaipur,HIGHWAY,18.9,90.0,75.4,CHAdeMO,100.0,True,53.61,51.43,39.31,50.51,1.285,0.2,11.0,NORMAL,False,False,EVENING,False
CHG_8E842F7CF4,2026-08-03 17:46:17,2026-08-03 17:46:17,2026-08-03 18:13:03,JNY_250979276,USR_52668,STN_GGN_02,Gurugram,MALL,39.8,85.0,75.3,CCS2,120.0,True,34.04,32.97,19.85,26.78,1.349,0.2,20.0,NORMAL,False,False,EVENING,False
CHG_C5CCD02F42,2026-08-03 17:47:49,2026-08-03 17:47:49,2026-08-03 17:58:15,JNY_679649784,USR_78514,STN_MUM_02,Mumbai,RESIDENTIAL,42.6,80.0,65.4,CCS2,150.0,True,24.46,23.62,10.87,10.45,0.961,0.75,0.0,NORMAL,False,False,EVENING,False
CHG_73359B9581,2026-08-03 17:51:02,2026-08-03 17:51:02,2026-08-03 18:54:47,JNY_749660576,USR_74478,STN_BLR_01,Bengaluru,OFFICE,33.9,85.0,69.6,CHAdeMO,50.0,True,35.57,33.2,49.79,63.76,1.281,0.25,3.0,NORMAL,False,False,EVENING,False
CHG_D5BF17CBC2,2026-08-03 17:52:45,2026-08-03 17:52:45,2026-08-03 18:21:07,JNY_164989782,USR_46168,STN_DEL_01,Delhi,MALL,36.9,85.0,86.2,CCS2,120.0,True,41.46,40.21,24.19,28.38,1.173,0.4,9.0,NORMAL,False,False,EVENING,False
CHG_54C5131C9A,2026-08-03 17:57:36,2026-08-03 17:57:36,2026-08-03 20:45:45,JNY_896390442,USR_84649,STN_MUM_02,Mumbai,RESIDENTIAL,51.5,85.0,68.2,TYPE2_AC,11.0,False,22.85,22.37,145.39,168.17,1.157,0.75,4.0,NORMAL,False,False,EVENING,False
CHG_664DADC190,2026-08-03 18:05:31,2026-08-03 18:05:31,2026-08-03 18:24:36,JNY_713520355,USR_65684,STN_DEL_01,Delhi,MALL,46.0,85.0,79.9,CCS2,120.0,True,31.16,29.97,18.18,19.08,1.05,0.6,0.0,NORMAL,False,False,EVENING,False
CHG_DFE1DAA12A,2026-08-03 18:06:30,2026-08-03 18:06:30,2026-08-03 18:39:54,JNY_594571128,USR_47820,STN_MUM_02,Mumbai,RESIDENTIAL,32.0,85.0,72.1,CHAdeMO,75.0,True,38.21,36.81,35.67,33.41,0.937,1.0,0.0,NORMAL,False,False,EVENING,False
CHG_65C7239663,2026-08-03 18:06:42,2026-08-03 18:06:42,2026-08-03 18:26:56,JNY_860101729,USR_88840,STN_JPR_02,Jaipur,HIGHWAY,34.7,90.0,73.2,CCS2,150.0,True,40.48,38.72,19.79,20.24,1.023,0.4,0.0,NORMAL,False,False,EVENING,False
CHG_D7A1122495,2026-08-03 18:16:20,2026-08-03 18:16:20,2026-08-03 19:07:42,JNY_268752256,USR_97303,STN_BLR_01,Bengaluru,OFFICE,40.8,85.0,72.0,CCS2,60.0,True,31.82,30.29,37.13,51.37,1.384,0.0,6.0,NORMAL,False,False,EVENING,False
CHG_81134E0073,2026-08-03 18:16:23,2026-08-03 18:16:23,2026-08-03 18:55:37,JNY_796301136,USR_17517,STN_MUM_02,Mumbai,RESIDENTIAL,39.2,80.0,78.1,CCS2,60.0,True,31.86,30.33,35.41,39.24,1.108,1.0,1.0,NORMAL,False,False,EVENING,False
CHG_0A79707F77,2026-08-03 18:17:39,2026-08-03 18:17:39,2026-08-03 18:37:55,JNY_176618159,USR_27867,STN_DEL_01,Delhi,MALL,36.9,90.0,63.4,CCS2,150.0,True,33.67,32.08,16.46,20.28,1.232,0.2,5.0,NORMAL,False,False,EVENING,False
CHG_72942C15B7,2026-08-03 18:18:27,2026-08-03 18:18:27,2026-08-03 18:41:41,JNY_952435750,USR_56620,STN_GGN_02,Gurugram,MALL,27.9,80.0,69.1,CCS2,120.0,True,36.0,34.69,20.0,23.24,1.162,0.4,3.0,NORMAL,False,False,EVENING,False
CHG_0E655E1094,2026-08-03 18:19:59,2026-08-03 18:19:59,2026-08-03 20:14:56,JNY_509894869,USR_68522,STN_GGN_01,Gurugram,OFFICE,38.2,85.0,74.8,TYPE2_AC,22.0,False,35.01,33.94,111.38,114.96,1.032,0.5,0.0,NORMAL,False,False,EVENING,False
CHG_F22A080E93,2026-08-03 18:23:15,2026-08-03 18:23:15,2026-08-03 23:58:58,JNY_619537998,USR_94310,STN_DEL_01,Delhi,MALL,37.8,90.0,87.0,TYPE2_AC,11.0,False,45.41,44.31,302.76,335.72,1.109,0.2,2.0,NORMAL,False,False,EVENING,False
CHG_BD9ED36CB2,2026-08-03 18:28:53,2026-08-03 18:28:53,2026-08-04 00:28:53,JNY_285083481,USR_35252,STN_MUM_02,Mumbai,RESIDENTIAL,44.7,95.0,88.5,TYPE2_AC,7.2,False,44.52,42.78,474.01,360.0,0.759,0.25,9.0,NORMAL,False,False,EVENING,False
CHG_800D3465A3,2026-08-03 18:31:04,2026-08-03 18:31:04,2026-08-03 18:55:41,JNY_992968722,USR_39935,STN_MUM_02,Mumbai,RESIDENTIAL,21.7,85.0,67.9,CCS2,120.0,True,42.98,40.38,25.07,24.63,0.982,0.75,0.0,NORMAL,False,False,EVENING,False
CHG_3C28DFD7F3,2026-08-03 18:42:21,2026-08-03 18:42:21,2026-08-03 19:36:56,JNY_267861649,USR_31148,STN_JPR_01,Jaipur,MALL,21.4,80.0,88.2,CCS2,90.0,True,51.69,50.14,38.29,54.6,1.426,0.2,28.0,NORMAL,False,False,EVENING,False
CHG_C71D27FB8D,2026-08-03 18:47:37,2026-08-03 18:47:37,2026-08-03 19:10:07,JNY_867653859,USR_80973,STN_MUM_02,Mumbai,RESIDENTIAL,43.3,90.0,54.6,CCS2,90.0,True,25.5,24.23,20.78,22.52,1.084,0.75,0.0,NORMAL,False,False,EVENING,False
CHG_460B834A8B,2026-08-03 18:48:12,2026-08-03 18:48:12,2026-08-03 21:12:29,JNY_701360760,USR_52350,STN_GGN_02,Gurugram,MALL,33.3,85.0,75.4,TYPE2_AC,22.0,False,38.98,36.73,124.03,144.3,1.163,0.2,6.0,NORMAL,False,False,EVENING,False
CHG_72CEFF58A0,2026-08-03 18:50:10,2026-08-03 18:50:10,2026-08-03 19:33:10,JNY_980695229,USR_74989,STN_MUM_01,Mumbai,MALL,23.2,80.0,75.5,CCS2,90.0,True,42.88,40.58,31.77,43.01,1.354,0.2,4.0,MINOR_SLOWDOWN,True,False,EVENING,False
CHG_42B5ECA616,2026-08-03 18:53:01,2026-08-03 18:53:01,2026-08-03 19:13:57,JNY_487731715,USR_11701,STN_DEL_01,Delhi,MALL,51.8,90.0,69.1,CCS2,120.0,True,26.4,24.81,16.13,20.95,1.299,0.2,4.0,NORMAL,False,False,EVENING,False
CHG_CDA2C611A8,2026-08-03 18:57:05,2026-08-03 18:57:05,2026-08-03 19:16:37,JNY_276296097,USR_92614,STN_JPR_02,Jaipur,HIGHWAY,51.0,85.0,61.3,CCS2,120.0,True,20.84,20.22,12.16,19.54,1.607,0.0,14.0,NORMAL,False,True,EVENING,False
CHG_4A521458B8,2026-08-03 18:59:41,2026-08-03 18:59:41,2026-08-03 20:07:10,JNY_815766780,USR_61088,STN_BLR_01,Bengaluru,OFFICE,31.4,85.0,79.1,CHAdeMO,50.0,True,42.4,40.7,59.36,67.49,1.137,0.25,5.0,NORMAL,False,False,EVENING,False
CHG_31AFFF864E,2026-08-03 19:00:57,2026-08-03 19:00:57,2026-08-03 19:22:00,JNY_405238498,USR_41454,STN_JPR_02,Jaipur,HIGHWAY,57.0,85.0,89.3,CCS2,120.0,True,25.0,23.84,14.59,21.06,1.444,0.2,11.0,NORMAL,False,False,EVENING,False
CHG_3E3FA9DC68,2026-08-03 19:01:58,2026-08-03 19:01:58,2026-08-03 20:21:29,JNY_709100213,USR_29156,STN_MUM_02,Mumbai,RESIDENTIAL,47.9,85.0,62.2,TYPE2_AC,22.0,False,23.08,22.15,73.42,79.52,1.083,0.75,0.0,NORMAL,False,False,EVENING,False
CHG_E2A13E7ECB,2026-08-03 19:02:35,2026-08-03 19:02:35,2026-08-03 19:52:49,JNY_833418403,USR_18584,STN_MUM_02,Mumbai,RESIDENTIAL,21.5,95.0,68.7,CCS2,90.0,True,50.49,48.12,43.01,50.24,1.168,0.5,9.0,NORMAL,False,False,EVENING,False
CHG_D98A87450A,2026-08-03 19:04:44,2026-08-03 19:04:44,2026-08-03 21:25:03,JNY_835249151,USR_30195,STN_GGN_02,Gurugram,MALL,31.3,85.0,73.0,TYPE2_AC,22.0,False,39.2,38.01,124.73,140.33,1.125,0.2,3.0,NORMAL,False,False,EVENING,False
CHG_590CBF15C6,2026-08-03 19:05:42,2026-08-03 19:05:42,2026-08-03 19:27:38,JNY_890063562,USR_59164,STN_GGN_02,Gurugram,MALL,30.3,85.0,80.8,CCS2,150.0,True,44.2,42.47,20.63,21.94,1.064,0.6,0.0,NORMAL,False,False,EVENING,False
CHG_7212249BF3,2026-08-03 19:07:28,2026-08-03 19:07:28,2026-08-03 22:06:27,JNY_695282200,USR_25540,STN_GGN_02,Gurugram,MALL,35.4,85.0,90.0,TYPE2_AC,22.0,False,44.64,42.25,142.04,178.99,1.26,0.2,4.0,NORMAL,False,False,EVENING,False
CHG_8553017904,2026-08-03 19:12:55,2026-08-03 19:12:55,2026-08-03 19:52:18,JNY_424914620,USR_30125,STN_BLR_01,Bengaluru,OFFICE,17.4,80.0,67.0,CHAdeMO,75.0,True,41.94,39.56,37.28,39.39,1.057,0.75,0.0,NORMAL,False,False,EVENING,False
CHG_253C7F88EB,2026-08-03 19:13:10,2026-08-03 19:13:10,2026-08-03 20:05:04,JNY_417837094,USR_76567,STN_BLR_01,Bengaluru,OFFICE,19.3,80.0,90.0,CCS2,90.0,True,54.63,51.88,40.47,51.9,1.283,0.25,2.0,MINOR_SLOWDOWN,True,False,EVENING,False
CHG_F4DD0C2E89,2026-08-03 19:21:34,2026-08-03 19:21:34,2026-08-03 19:52:38,JNY_874877210,USR_61245,STN_MUM_01,Mumbai,MALL,22.8,80.0,78.6,CCS2,90.0,True,44.96,43.85,33.3,31.07,0.933,0.6,0.0,NORMAL,False,False,EVENING,False
CHG_78FAAC144E,2026-08-03 19:22:13,2026-08-03 19:22:13,2026-08-03 19:45:40,JNY_800063114,USR_93455,STN_MUM_01,Mumbai,MALL,16.3,80.0,59.9,CCS2,120.0,True,38.16,36.31,21.2,23.47,1.107,0.2,2.0,NORMAL,False,False,EVENING,False
CHG_58BC7B1AC4,2026-08-03 19:27:50,2026-08-03 19:27:50,2026-08-03 20:20:27,JNY_372313847,USR_78690,STN_BLR_01,Bengaluru,OFFICE,13.3,95.0,65.3,CCS2,90.0,True,53.35,49.91,45.45,52.63,1.158,0.25,3.0,NORMAL,False,False,EVENING,False
CHG_26A235FF52,2026-08-03 19:28:44,2026-08-03 19:28:44,2026-08-03 19:51:05,JNY_533482361,USR_31401,STN_BLR_01,Bengaluru,OFFICE,52.7,85.0,82.3,CCS2,90.0,True,26.58,25.6,20.68,22.36,1.081,0.5,0.0,NORMAL,False,False,EVENING,False
CHG_07387308F5,2026-08-03 19:29:02,2026-08-03 19:29:02,2026-08-03 19:48:56,JNY_680339426,USR_18435,STN_BLR_01,Bengaluru,OFFICE,28.5,80.0,75.0,CCS2,120.0,True,38.62,36.74,21.46,19.91,0.928,1.0,0.0,NORMAL,False,False,EVENING,False
CHG_6D20E7B0A0,2026-08-03 19:31:08,2026-08-03 19:31:08,2026-08-03 20:08:26,JNY_615840223,USR_48051,STN_JPR_02,Jaipur,HIGHWAY,14.1,80.0,66.4,CHAdeMO,100.0,True,43.76,41.92,29.17,37.3,1.279,0.2,3.0,NORMAL,False,False,EVENING,False
CHG_526ED1CCE6,2026-08-03 19:31:34,2026-08-03 19:31:34,2026-08-03 20:34:58,JNY_775591567,USR_28781,STN_GGN_02,Gurugram,MALL,49.3,80.0,59.3,TYPE2_AC,22.0,False,18.21,17.62,55.17,63.41,1.149,0.6,3.0,NORMAL,False,False,EVENING,False
CHG_14C9F77B9A,2026-08-03 19:32:35,2026-08-03 19:32:35,2026-08-04 00:13:03,JNY_516033749,USR_53492,STN_BLR_01,Bengaluru,OFFICE,16.2,85.0,67.6,TYPE2_AC,11.0,False,46.51,43.63,295.97,280.47,0.948,1.0,0.0,NORMAL,False,False,EVENING,False
CHG_755B346BBB,2026-08-03 19:36:45,2026-08-03 19:36:45,2026-08-03 20:08:32,JNY_549928867,USR_31663,STN_GGN_02,Gurugram,MALL,38.8,90.0,77.7,CCS2,120.0,True,39.78,37.58,24.31,31.79,1.308,0.2,4.0,NORMAL,False,False,EVENING,False
CHG_5B985CE30E,2026-08-03 19:37:29,2026-08-03 19:37:29,2026-08-03 19:53:25,JNY_745758454,USR_32739,STN_GGN_01,Gurugram,OFFICE,21.1,80.0,62.5,CCS2,150.0,True,36.81,36.23,16.36,15.95,0.975,0.75,1.0,NORMAL,False,False,EVENING,False
CHG_262BA5E932,2026-08-03 19:37:50,2026-08-03 19:37:50,2026-08-03 22:37:12,JNY_855568722,USR_46242,STN_JPR_02,Jaipur,HIGHWAY,17.6,80.0,75.2,TYPE2_AC,22.0,False,46.92,43.51,142.2,179.38,1.262,0.4,9.0,NORMAL,False,False,EVENING,False
CHG_C93A524B75,2026-08-03 19:40:16,2026-08-03 19:40:16,2026-08-03 20:50:39,JNY_115595472,USR_46100,STN_MUM_02,Mumbai,RESIDENTIAL,25.5,85.0,69.6,CCS2,60.0,True,41.41,39.91,48.31,70.39,1.457,0.0,9.0,NORMAL,False,False,EVENING,False
CHG_FAAC15DA1E,2026-08-03 19:44:22,2026-08-03 19:44:22,2026-08-03 20:17:25,JNY_785787145,USR_16470,STN_GGN_01,Gurugram,OFFICE,31.9,85.0,64.3,CHAdeMO,75.0,True,34.14,32.48,31.87,33.05,1.037,1.0,0.0,NORMAL,False,False,EVENING,False
CHG_E91D808D38,2026-08-03 19:54:35,2026-08-03 19:54:35,2026-08-03 20:27:33,JNY_639827100,USR_33228,STN_JPR_01,Jaipur,MALL,16.5,80.0,77.9,CCS2,120.0,True,49.47,47.42,27.48,32.98,1.2,0.4,0.0,MINOR_SLOWDOWN,True,False,EVENING,False
CHG_71759067C1,2026-08-03 19:57:35,2026-08-03 19:57:35,2026-08-03 23:39:42,JNY_497751645,USR_53674,STN_DEL_01,Delhi,MALL,53.6,85.0,73.7,TYPE2_AC,7.2,False,23.14,22.48,224.99,222.13,0.987,0.6,0.0,NORMAL,False,False,EVENING,False
CHG_4479CB0219,2026-08-03 20:02:11,2026-08-03 20:02:11,2026-08-04 00:16:44,JNY_770185671,USR_34026,STN_DEL_01,Delhi,MALL,32.6,80.0,72.8,TYPE2_AC,11.0,False,34.51,33.0,209.13,254.56,1.217,0.2,6.0,NORMAL,False,False,EVENING,False
CHG_9D04CBC413,2026-08-03 20:03:32,2026-08-03 20:03:32,2026-08-03 20:40:06,JNY_477556483,USR_18124,STN_GGN_02,Gurugram,MALL,32.8,85.0,84.9,CCS2,90.0,True,44.32,42.91,34.47,36.57,1.061,0.6,0.0,NORMAL,False,False,EVENING,False
CHG_57B9DEBBF4,2026-08-03 20:04:07,2026-08-03 20:04:07,2026-08-03 20:31:43,JNY_966373653,USR_81979,STN_BLR_01,Bengaluru,OFFICE,41.5,90.0,79.1,CCS2,120.0,True,38.36,38.1,23.44,27.61,1.178,0.75,5.0,NORMAL,False,False,EVENING,False
CHG_545F79F384,2026-08-03 20:05:20,2026-08-03 20:05:20,2026-08-03 20:39:04,JNY_145014869,USR_46976,STN_MUM_01,Mumbai,MALL,28.7,85.0,72.3,CCS2,90.0,True,40.7,38.4,31.66,33.75,1.066,0.4,6.0,NORMAL,False,False,EVENING,False
CHG_AE1FD882F7,2026-08-03 20:05:42,2026-08-03 20:05:42,2026-08-03 20:48:43,JNY_170622564,USR_83530,STN_GGN_01,Gurugram,OFFICE,18.3,85.0,58.6,CHAdeMO,75.0,True,39.09,38.46,36.48,43.03,1.18,0.25,8.0,NORMAL,False,False,EVENING,False
CHG_569B3E1B6A,2026-08-03 20:08:23,2026-08-03 20:08:23,2026-08-03 20:38:20,JNY_492603823,USR_34084,STN_JPR_01,Jaipur,MALL,36.1,80.0,89.9,CCS2,150.0,True,39.47,37.96,17.54,29.96,1.708,0.0,32.0,NORMAL,False,True,EVENING,False
CHG_3B6AC48104,2026-08-03 20:10:32,2026-08-03 20:10:32,2026-08-03 20:27:21,JNY_106789071,USR_94268,STN_GGN_01,Gurugram,OFFICE,28.9,85.0,63.3,CCS2,150.0,True,35.51,34.79,16.57,16.83,1.016,0.75,0.0,NORMAL,False,False,EVENING,False
CHG_AFBA8849E7,2026-08-03 20:17:06,2026-08-03 20:17:06,2026-08-03 20:44:39,JNY_800282668,USR_48444,STN_MUM_01,Mumbai,MALL,31.3,80.0,80.2,CCS2,90.0,True,39.06,36.91,28.93,27.56,0.953,0.6,0.0,NORMAL,False,False,EVENING,False
CHG_41A03475CE,2026-08-03 20:17:15,2026-08-03 20:17:15,2026-08-04 00:15:17,JNY_611064642,USR_16177,STN_MUM_01,Mumbai,MALL,34.9,80.0,70.1,TYPE2_AC,11.0,False,31.62,30.66,191.61,238.05,1.242,0.2,2.0,NORMAL,False,False,EVENING,False
CHG_2944925DA4,2026-08-03 20:21:18,2026-08-03 20:21:18,2026-08-04 00:29:25,JNY_897863232,USR_22574,STN_MUM_02,Mumbai,RESIDENTIAL,45.8,80.0,90.0,TYPE2_AC,11.0,False,30.78,29.72,186.55,248.13,1.33,0.25,14.0,NORMAL,False,False,EVENING,False
CHG_793C2CC72D,2026-08-03 20:25:21,2026-08-03 20:25:21,2026-08-03 20:50:57,JNY_885147245,USR_58197,STN_BLR_01,Bengaluru,OFFICE,16.8,85.0,65.6,CCS2,120.0,True,44.74,43.13,26.1,25.61,0.981,0.75,0.0,NORMAL,False,False,EVENING,False
CHG_D332D5A75A,2026-08-03 20:25:35,2026-08-03 20:25:35,2026-08-03 21:13:19,JNY_573124006,USR_33666,STN_DEL_02,Delhi,OFFICE,17.9,80.0,68.1,CCS2,60.0,True,42.29,40.38,46.99,47.74,1.016,0.5,0.0,NORMAL,False,False,EVENING,False
CHG_F945D1C0D8,2026-08-03 20:25:55,2026-08-03 20:25:55,2026-08-03 20:53:11,JNY_373052731,USR_51756,STN_GGN_01,Gurugram,OFFICE,21.7,80.0,63.9,CCS2,90.0,True,37.25,35.79,27.6,27.27,0.988,0.75,0.0,NORMAL,False,False,EVENING,False
CHG_3DABD8DDCE,2026-08-03 20:29:04,2026-08-03 20:29:04,2026-08-03 21:08:28,JNY_314369355,USR_98984,STN_GGN_01,Gurugram,OFFICE,24.9,80.0,87.9,CCS2,90.0,True,48.43,47.06,35.88,39.4,1.098,1.0,0.0,NORMAL,False,False,EVENING,False
CHG_04C7A4C47B,2026-08-03 20:35:15,2026-08-03 20:35:15,2026-08-03 20:52:34,JNY_211193321,USR_33007,STN_GGN_01,Gurugram,OFFICE,46.2,80.0,85.3,CCS2,120.0,True,28.83,28.03,16.02,17.32,1.081,0.75,0.0,NORMAL,False,False,EVENING,False
CHG_6B52B88CEB,2026-08-03 20:39:25,2026-08-03 20:39:25,2026-08-03 21:20:51,JNY_476033346,USR_32144,STN_DEL_01,Delhi,MALL,30.3,80.0,70.9,CCS2,60.0,True,35.24,32.92,39.15,41.45,1.059,0.8,0.0,NORMAL,False,False,EVENING,False
CHG_67086C1D12,2026-08-03 20:39:29,2026-08-03 20:39:29,2026-08-03 23:25:57,JNY_252205882,USR_26166,STN_JPR_01,Jaipur,MALL,15.5,90.0,71.5,TYPE2_AC,22.0,False,53.27,51.31,177.56,166.48,0.938,0.6,0.0,NORMAL,False,False,EVENING,False
CHG_AA108E1B1D,2026-08-03 20:41:07,2026-08-03 20:41:07,2026-08-03 21:10:41,JNY_560990193,USR_92231,STN_GGN_01,Gurugram,OFFICE,36.4,85.0,69.1,CCS2,90.0,True,33.58,32.29,26.12,29.57,1.132,0.5,0.0,NORMAL,False,False,EVENING,False
CHG_9A1A1A2FB6,2026-08-03 20:48:33,2026-08-03 20:48:33,2026-08-03 21:13:00,JNY_273958300,USR_86670,STN_JPR_01,Jaipur,MALL,30.8,80.0,58.4,CCS2,90.0,True,28.73,27.67,21.28,24.46,1.149,0.4,5.0,NORMAL,False,False,EVENING,False
CHG_14FE03FE97,2026-08-03 20:55:04,2026-08-03 20:55:04,2026-08-03 22:22:40,JNY_930931044,USR_13895,STN_DEL_01,Delhi,MALL,27.7,85.0,79.9,CHAdeMO,50.0,True,45.78,44.17,64.1,87.61,1.367,0.2,9.0,NORMAL,False,False,EVENING,False
CHG_94A7951B66,2026-08-03 20:55:39,2026-08-03 20:55:39,2026-08-03 21:23:45,JNY_839402989,USR_20203,STN_DEL_01,Delhi,MALL,28.3,85.0,66.3,CCS2,120.0,True,37.59,35.9,21.93,28.12,1.282,0.2,11.0,NORMAL,False,False,EVENING,False
CHG_78E196AC78,2026-08-03 20:56:21,2026-08-03 20:56:21,2026-08-03 21:17:43,JNY_112261228,USR_16585,STN_GGN_02,Gurugram,MALL,42.0,85.0,73.6,CCS2,120.0,True,31.65,30.44,18.46,21.38,1.158,0.4,11.0,NORMAL,False,False,EVENING,False
CHG_A84F9D81D0,2026-08-03 20:57:03,2026-08-03 20:57:03,2026-08-03 23:56:53,JNY_530924847,USR_84491,STN_MUM_02,Mumbai,RESIDENTIAL,26.1,80.0,90.0,TYPE2_AC,22.0,False,48.51,45.98,147.0,179.84,1.223,0.25,7.0,NORMAL,False,False,EVENING,False
CHG_9F83FF1C9B,2026-08-03 21:00:15,2026-08-03 21:00:15,2026-08-03 21:09:44,JNY_299495226,USR_90690,STN_MUM_01,Mumbai,MALL,55.3,80.0,76.4,CCS2,150.0,True,18.87,18.3,8.39,9.48,1.131,0.4,0.0,NORMAL,False,False,NIGHT,False
CHG_84D467778D,2026-08-03 21:00:33,2026-08-03 21:00:33,2026-08-03 21:28:11,JNY_582353405,USR_62497,STN_JPR_02,Jaipur,HIGHWAY,18.2,80.0,66.0,CHAdeMO,100.0,True,40.79,38.5,27.19,27.65,1.017,0.6,2.0,NORMAL,False,False,NIGHT,False
CHG_49D87245FA,2026-08-03 21:03:16,2026-08-03 21:03:16,2026-08-03 21:35:46,JNY_494593983,USR_16387,STN_GGN_01,Gurugram,OFFICE,25.1,90.0,72.9,CCS2,120.0,True,47.31,45.15,28.91,32.51,1.124,0.75,1.0,MINOR_SLOWDOWN,True,False,NIGHT,False
CHG_416C3CDA57,2026-08-03 21:13:16,2026-08-03 21:13:16,2026-08-03 22:53:58,JNY_951880759,USR_78837,STN_BLR_01,Bengaluru,OFFICE,26.2,80.0,65.4,TYPE2_AC,22.0,False,35.19,33.53,106.62,100.71,0.945,0.75,0.0,NORMAL,False,False,NIGHT,False
CHG_465ABB7CD0,2026-08-03 21:13:32,2026-08-03 21:13:32,2026-08-03 21:49:21,JNY_302678899,USR_49963,STN_GGN_01,Gurugram,OFFICE,25.7,80.0,90.0,CCS2,90.0,True,48.87,45.55,36.2,35.82,0.989,0.75,0.0,NORMAL,False,False,NIGHT,False
CHG_785AE55F87,2026-08-03 21:13:41,2026-08-03 21:13:41,2026-08-03 21:38:25,JNY_903315462,USR_31914,STN_JPR_02,Jaipur,HIGHWAY,25.4,85.0,72.0,CCS2,120.0,True,42.91,41.58,25.03,24.74,0.988,0.8,0.0,NORMAL,False,False,NIGHT,False
CHG_0D5F0B3232,2026-08-03 21:13:53,2026-08-03 21:13:53,2026-08-03 22:27:41,JNY_834638594,USR_63948,STN_JPR_01,Jaipur,MALL,21.9,90.0,67.3,CHAdeMO,50.0,True,45.83,44.67,67.22,73.81,1.098,0.4,0.0,NORMAL,False,False,NIGHT,False
CHG_88388ACFE5,2026-08-03 21:24:01,2026-08-03 21:24:01,2026-08-03 22:01:11,JNY_932044159,USR_93350,STN_DEL_02,Delhi,OFFICE,27.1,85.0,65.5,CHAdeMO,75.0,True,37.92,35.56,35.4,37.17,1.05,0.75,0.0,NORMAL,False,False,NIGHT,False
CHG_0BBC897E98,2026-08-03 21:24:10,2026-08-03 21:24:10,2026-08-04 00:06:09,JNY_699147641,USR_29552,STN_BLR_01,Bengaluru,OFFICE,31.0,90.0,69.6,TYPE2_AC,22.0,False,41.06,39.78,136.88,161.99,1.183,1.0,0.0,MINOR_SLOWDOWN,True,False,NIGHT,False
CHG_23ADB5B9A4,2026-08-03 21:24:23,2026-08-03 21:24:23,2026-08-03 21:53:23,JNY_184185804,USR_16890,STN_DEL_01,Delhi,MALL,27.6,85.0,67.9,CCS2,90.0,True,38.97,36.81,30.31,29.0,0.957,0.6,0.0,NORMAL,False,False,NIGHT,False
CHG_4A8960370B,2026-08-03 21:24:39,2026-08-03 21:24:39,2026-08-03 21:40:43,JNY_721115918,USR_44521,STN_DEL_01,Delhi,MALL,35.9,80.0,79.6,CCS2,150.0,True,35.1,34.2,15.6,16.07,1.03,0.6,0.0,NORMAL,False,False,NIGHT,False
CHG_460B126BCB,2026-08-03 21:29:52,2026-08-03 21:29:52,2026-08-03 22:10:15,JNY_494059387,USR_22484,STN_MUM_02,Mumbai,RESIDENTIAL,48.6,85.0,72.2,CCS2,60.0,True,26.28,25.2,30.66,40.38,1.317,0.5,9.0,NORMAL,False,False,NIGHT,False
CHG_157035685E,2026-08-03 21:31:43,2026-08-03 21:31:43,2026-08-03 21:46:32,JNY_117702191,USR_25227,STN_GGN_01,Gurugram,OFFICE,48.2,85.0,67.2,CCS2,120.0,True,24.73,23.94,14.43,14.82,1.028,1.0,0.0,NORMAL,False,False,NIGHT,False
CHG_0916FF24B7,2026-08-03 21:32:03,2026-08-03 21:32:03,2026-08-04 01:02:03,JNY_145500789,USR_94009,STN_MUM_02,Mumbai,RESIDENTIAL,19.8,85.0,53.2,TYPE2_AC,11.0,False,34.69,33.19,220.73,210.01,0.951,0.75,0.0,NORMAL,False,False,NIGHT,False
CHG_F31211FC8D,2026-08-03 21:32:42,2026-08-03 21:32:42,2026-08-04 03:32:42,JNY_484079331,USR_56456,STN_MUM_02,Mumbai,RESIDENTIAL,15.1,80.0,85.6,TYPE2_AC,11.0,False,55.55,50.78,336.69,360.0,1.069,0.25,2.0,MINOR_SLOWDOWN,True,False,NIGHT,False
CHG_6BC70F41F1,2026-08-03 21:34:54,2026-08-03 21:34:54,2026-08-03 21:46:37,JNY_186436884,USR_27301,STN_JPR_02,Jaipur,HIGHWAY,62.3,85.0,82.8,CCS2,120.0,True,18.8,18.12,10.96,11.72,1.069,0.8,0.0,NORMAL,False,False,NIGHT,False
CHG_AD0037A67A,2026-08-03 21:50:47,2026-08-03 21:50:47,2026-08-03 22:15:30,JNY_830604318,USR_71679,STN_MUM_01,Mumbai,MALL,49.7,90.0,89.2,CCS2,120.0,True,35.95,35.13,21.97,24.73,1.126,0.6,0.0,MINOR_SLOWDOWN,True,False,NIGHT,False
CHG_49BBA3EA99,2026-08-03 21:52:49,2026-08-03 21:52:49,2026-08-03 22:07:20,JNY_453915891,USR_54382,STN_DEL_02,Delhi,OFFICE,41.8,85.0,77.0,CCS2,150.0,True,33.26,31.78,15.52,14.53,0.936,0.75,0.0,NORMAL,False,False,NIGHT,False
CHG_3FD61FAB54,2026-08-03 22:02:43,2026-08-03 22:02:43,2026-08-04 02:47:02,JNY_624819313,USR_98277,STN_BLR_01,Bengaluru,OFFICE,22.4,80.0,80.8,TYPE2_AC,11.0,False,46.54,44.69,282.07,284.32,1.008,0.75,0.0,NORMAL,False,False,NIGHT,False
CHG_F9F6F3F715,2026-08-03 22:24:51,2026-08-03 22:24:51,2026-08-03 22:46:14,JNY_232034737,USR_27107,STN_BLR_01,Bengaluru,OFFICE,45.7,90.0,76.0,CCS2,120.0,True,33.67,32.51,20.57,21.39,1.04,1.0,0.0,NORMAL,False,False,NIGHT,False
CHG_36B42D6B93,2026-08-03 22:42:26,2026-08-03 22:42:26,2026-08-03 23:04:11,JNY_901533789,USR_25669,STN_GGN_02,Gurugram,MALL,42.5,85.0,90.0,CCS2,120.0,True,38.25,36.73,22.31,21.75,0.975,1.0,0.0,NORMAL,False,False,NIGHT,False
CHG_D084E89185,2026-08-03 22:50:13,2026-08-03 22:50:13,2026-08-04 04:50:13,JNY_319515307,USR_85597,STN_DEL_03,Delhi,HIGHWAY,37.2,90.0,77.5,TYPE2_AC,7.2,False,40.92,38.33,416.78,360.0,0.864,1.0,0.0,NORMAL,False,False,NIGHT,False
CHG_41E99C61CC,2026-08-03 23:06:48,2026-08-03 23:06:48,2026-08-03 23:27:49,JNY_665895667,USR_30121,STN_GGN_01,Gurugram,OFFICE,36.6,80.0,89.9,CCS2,150.0,True,39.02,37.95,17.34,21.02,1.212,1.0,0.0,MINOR_SLOWDOWN,True,False,NIGHT,False
CHG_F9BBDCF4E6,2026-08-03 23:09:41,2026-08-03 23:09:41,2026-08-03 23:36:11,JNY_288349811,USR_74921,STN_JPR_01,Jaipur,MALL,14.3,85.0,66.5,CCS2,120.0,True,47.02,44.65,27.43,26.5,0.966,1.0,0.0,NORMAL,False,False,NIGHT,False
CHG_CFB792171B,2026-08-03 23:22:15,2026-08-03 23:22:15,2026-08-03 23:44:50,JNY_854709510,USR_64103,STN_MUM_01,Mumbai,MALL,44.6,85.0,90.0,CCS2,120.0,True,36.36,33.71,21.21,22.59,1.065,0.8,0.0,NORMAL,False,False,NIGHT,False
CHG_6B4E9E39FB,2026-08-03 23:52:44,2026-08-03 23:52:44,2026-08-04 00:27:49,JNY_819953694,USR_85306,STN_DEL_02,Delhi,OFFICE,29.0,80.0,77.8,CHAdeMO,75.0,True,39.68,38.38,35.27,35.09,0.995,1.0,0.0,NORMAL,False,False,NIGHT,False
CHG_7C2409140C,2026-08-04 00:41:03,2026-08-04 00:41:03,2026-08-04 01:18:17,JNY_608855657,USR_35671,STN_DEL_02,Delhi,OFFICE,23.0,80.0,62.4,CCS2,60.0,True,35.57,34.02,39.52,37.24,0.942,1.0,0.0,NORMAL,False,False,NIGHT,False
CHG_F375E99EE6,2026-08-04 00:49:09,2026-08-04 00:49:09,2026-08-04 01:31:54,JNY_891228714,USR_20580,STN_DEL_02,Delhi,OFFICE,40.0,90.0,67.7,CCS2,60.0,True,33.85,32.45,41.37,42.77,1.034,1.0,0.0,NORMAL,False,False,NIGHT,False
CHG_DC1031741A,2026-08-04 01:15:04,2026-08-04 01:15:04,2026-08-04 01:33:31,JNY_381737885,USR_78293,STN_BLR_01,Bengaluru,OFFICE,38.4,85.0,66.2,CCS2,120.0,True,30.85,29.92,18.0,18.46,1.026,1.0,0.0,NORMAL,False,False,NIGHT,False
CHG_EC3B7CFFFA,2026-08-04 03:15:42,2026-08-04 03:15:42,2026-08-04 03:58:02,JNY_376431232,USR_93217,STN_DEL_03,Delhi,HIGHWAY,36.0,95.0,83.7,CCS2,90.0,True,49.38,46.55,42.07,42.35,1.007,0.8,0.0,NORMAL,False,False,NIGHT,False
CHG_9E51156EC9,2026-08-04 03:51:22,2026-08-04 03:51:22,2026-08-04 04:28:23,JNY_447151082,USR_34281,STN_MUM_02,Mumbai,RESIDENTIAL,16.6,85.0,89.6,CCS2,120.0,True,61.29,58.19,35.75,37.02,1.035,1.0,0.0,NORMAL,False,False,NIGHT,False
CHG_71C979433D,2026-08-04 04:23:26,2026-08-04 04:23:26,2026-08-04 07:25:36,JNY_118367434,USR_33743,STN_JPR_01,Jaipur,MALL,44.3,85.0,65.3,TYPE2_AC,11.0,False,26.58,25.3,169.13,182.17,1.077,1.0,0.0,NORMAL,False,False,NIGHT,False
CHG_5C81B46D25,2026-08-04 04:25:17,2026-08-04 04:25:17,2026-08-04 04:56:50,JNY_766200539,USR_49462,STN_JPR_02,Jaipur,HIGHWAY,16.3,80.0,86.9,CCS2,120.0,True,55.36,52.62,30.75,31.57,1.026,1.0,0.0,NORMAL,False,False,NIGHT,False
CHG_48EB1584AC,2026-08-04 05:11:43,2026-08-04 05:11:43,2026-08-04 05:46:53,JNY_895035156,USR_97172,STN_DEL_01,Delhi,MALL,38.5,85.0,82.6,CCS2,90.0,True,38.41,37.53,29.87,35.18,1.178,1.0,3.0,MINOR_SLOWDOWN,True,False,NIGHT,False
CHG_D645F2F293,2026-08-04 05:12:33,2026-08-04 05:12:33,2026-08-04 05:49:55,JNY_894530502,USR_67713,STN_DEL_03,Delhi,HIGHWAY,41.2,85.0,65.3,CCS2,60.0,True,28.6,27.5,33.37,37.38,1.12,0.8,3.0,NORMAL,False,False,NIGHT,False
CHG_EF16E73FDC,2026-08-04 05:13:20,2026-08-04 05:13:20,2026-08-04 05:34:39,JNY_706025758,USR_58867,STN_MUM_01,Mumbai,MALL,30.7,80.0,66.5,CHAdeMO,100.0,True,32.78,31.41,21.86,21.32,0.976,0.8,3.0,NORMAL,False,False,NIGHT,False
CHG_E5933F914A,2026-08-04 05:19:20,2026-08-04 05:19:20,2026-08-04 05:39:02,JNY_449134681,USR_90754,STN_MUM_01,Mumbai,MALL,25.7,85.0,61.5,CCS2,120.0,True,36.47,34.76,21.27,19.7,0.926,0.8,0.0,NORMAL,False,False,NIGHT,False
CHG_0985C71FBF,2026-08-04 05:23:22,2026-08-04 05:23:22,2026-08-04 05:37:10,JNY_340162880,USR_74084,STN_GGN_01,Gurugram,OFFICE,27.8,80.0,56.7,CCS2,150.0,True,29.6,28.45,13.15,13.81,1.05,1.0,2.0,NORMAL,False,False,NIGHT,False
CHG_F299CFE43F,2026-08-04 05:45:20,2026-08-04 05:45:20,2026-08-04 06:03:42,JNY_278059118,USR_75288,STN_DEL_03,Delhi,HIGHWAY,41.9,80.0,68.8,CCS2,90.0,True,26.21,24.7,19.42,18.37,0.946,0.8,0.0,NORMAL,False,False,NIGHT,False
CHG_AA0C666DAA,2026-08-04 05:51:06,2026-08-04 05:51:06,2026-08-04 06:17:27,JNY_249521299,USR_87599,STN_GGN_01,Gurugram,OFFICE,33.3,80.0,68.0,CCS2,90.0,True,31.76,30.28,23.52,26.35,1.12,1.0,2.0,NORMAL,False,False,NIGHT,False
CHG_A163D619B9,2026-08-04 06:06:53,2026-08-04 06:06:53,2026-08-04 06:34:53,JNY_592913105,USR_83873,STN_MUM_02,Mumbai,RESIDENTIAL,30.3,90.0,70.0,CCS2,120.0,True,41.79,39.94,25.54,28.0,1.097,0.5,0.0,NORMAL,False,False,MORNING,False
CHG_98BCC1358D,2026-08-04 06:16:26,2026-08-04 06:16:26,2026-08-04 07:17:34,JNY_908766334,USR_65910,STN_JPR_01,Jaipur,MALL,21.4,90.0,72.1,CCS2,60.0,True,49.46,48.11,60.45,61.13,1.011,0.8,0.0,NORMAL,False,False,MORNING,False
CHG_CE5C771E0C,2026-08-04 06:22:20,2026-08-04 06:22:20,2026-08-04 12:22:20,JNY_417548051,USR_31461,STN_DEL_02,Delhi,OFFICE,27.5,95.0,76.3,TYPE2_AC,11.0,False,51.5,51.15,358.96,360.0,1.003,0.75,0.0,NORMAL,False,False,MORNING,False
CHG_8F3279FCC0,2026-08-04 06:24:18,2026-08-04 06:24:18,2026-08-04 06:45:29,JNY_228548931,USR_90842,STN_MUM_01,Mumbai,MALL,50.4,80.0,64.2,CCS2,60.0,True,19.0,18.38,21.11,21.19,1.003,0.8,0.0,NORMAL,False,False,MORNING,False
CHG_1A1544C23E,2026-08-04 06:26:18,2026-08-04 06:26:18,2026-08-04 06:55:54,JNY_811065007,USR_88401,STN_GGN_02,Gurugram,MALL,15.2,85.0,78.4,CCS2,120.0,True,54.72,53.94,31.92,29.61,0.927,0.6,0.0,NORMAL,False,False,MORNING,False
CHG_63BBB9B027,2026-08-04 06:27:26,2026-08-04 06:27:26,2026-08-04 06:54:10,JNY_663610313,USR_57025,STN_GGN_02,Gurugram,MALL,26.4,80.0,88.2,CCS2,120.0,True,47.28,44.17,26.26,26.74,1.018,0.6,0.0,NORMAL,False,False,MORNING,False
CHG_266DC66122,2026-08-04 06:29:07,2026-08-04 06:29:07,2026-08-04 10:30:44,JNY_316366792,USR_12488,STN_DEL_03,Delhi,HIGHWAY,38.6,80.0,67.5,TYPE2_AC,7.2,False,27.95,27.11,258.75,241.62,0.934,1.0,0.0,NORMAL,False,False,MORNING,False
CHG_C69C129563,2026-08-04 06:30:33,2026-08-04 06:30:33,2026-08-04 06:48:06,JNY_777697469,USR_89471,STN_BLR_01,Bengaluru,OFFICE,35.9,80.0,67.7,CCS2,120.0,True,29.86,28.73,16.59,17.55,1.058,1.0,0.0,NORMAL,False,False,MORNING,False
CHG_0D2EC27FDB,2026-08-04 06:33:57,2026-08-04 06:33:57,2026-08-04 07:12:08,JNY_148054758,USR_25478,STN_DEL_03,Delhi,HIGHWAY,30.5,90.0,72.2,CCS2,90.0,True,42.96,41.5,35.0,38.19,1.091,1.0,0.0,NORMAL,False,False,MORNING,False
CHG_5575D5361C,2026-08-04 06:37:33,2026-08-04 06:37:33,2026-08-04 07:08:24,JNY_281432063,USR_71401,STN_JPR_01,Jaipur,MALL,57.4,90.0,80.5,CCS2,60.0,True,26.24,25.39,32.07,30.85,0.962,1.0,0.0,NORMAL,False,False,MORNING,False
CHG_EDB2C64324,2026-08-04 06:38:12,2026-08-04 06:38:12,2026-08-04 09:48:36,JNY_774555287,USR_80185,STN_DEL_02,Delhi,OFFICE,25.3,90.0,87.5,TYPE2_AC,22.0,False,56.61,55.06,188.71,190.4,1.009,1.0,0.0,NORMAL,False,False,MORNING,False
CHG_0BB6948C55,2026-08-04 06:45:44,2026-08-04 06:45:44,2026-08-04 07:32:13,JNY_446383972,USR_38704,STN_DEL_01,Delhi,MALL,14.5,90.0,77.2,CHAdeMO,100.0,True,58.29,55.13,42.74,46.49,1.088,1.0,0.0,NORMAL,False,False,MORNING,False
CHG_366A5F2DF1,2026-08-04 06:47:35,2026-08-04 06:47:35,2026-08-04 07:28:23,JNY_980823889,USR_88609,STN_DEL_02,Delhi,OFFICE,18.3,80.0,72.4,CCS2,90.0,True,44.67,43.01,33.09,40.81,1.233,1.0,3.0,MINOR_SLOWDOWN,True,False,MORNING,False
CHG_697128FD51,2026-08-04 06:52:36,2026-08-04 06:52:36,2026-08-04 07:20:53,JNY_585635305,USR_65106,STN_MUM_02,Mumbai,RESIDENTIAL,43.9,85.0,84.0,CCS2,90.0,True,34.52,33.64,26.85,28.29,1.054,0.5,3.0,NORMAL,False,False,MORNING,False
CHG_9A60E220E3,2026-08-04 06:54:40,2026-08-04 06:54:40,2026-08-04 07:31:38,JNY_738236394,USR_55874,STN_MUM_01,Mumbai,MALL,18.8,90.0,82.7,CCS2,150.0,True,58.88,57.08,28.79,36.98,1.285,0.4,9.0,NORMAL,False,False,MORNING,False
CHG_0206C49E4D,2026-08-04 07:07:45,2026-08-04 07:07:45,2026-08-04 07:27:59,JNY_501111412,USR_19170,STN_MUM_01,Mumbai,MALL,30.8,85.0,58.9,CCS2,120.0,True,31.92,30.78,18.62,20.24,1.087,0.8,0.0,NORMAL,False,False,MORNING,False
CHG_B751B1537C,2026-08-04 07:12:25,2026-08-04 07:12:25,2026-08-04 12:55:15,JNY_754252441,USR_56872,STN_MUM_01,Mumbai,MALL,12.8,80.0,87.3,TYPE2_AC,11.0,False,58.67,55.53,355.55,342.85,0.964,0.8,0.0,NORMAL,False,False,MORNING,False
CHG_B5011C3CC1,2026-08-04 07:14:26,2026-08-04 07:14:26,2026-08-04 07:37:58,JNY_615473747,USR_33938,STN_DEL_01,Delhi,MALL,25.5,80.0,77.7,CCS2,120.0,True,42.35,40.4,23.53,23.54,1.001,0.6,0.0,NORMAL,False,False,MORNING,False
CHG_9AB2C2D287,2026-08-04 07:16:12,2026-08-04 07:16:12,2026-08-04 07:39:42,JNY_832645915,USR_89562,STN_MUM_01,Mumbai,MALL,41.1,85.0,79.8,CCS2,120.0,True,35.03,33.27,20.44,23.52,1.151,0.4,7.0,NORMAL,False,False,MORNING,False
CHG_D045BAD413,2026-08-04 07:21:10,2026-08-04 07:21:10,2026-08-04 07:46:07,JNY_414614965,USR_44932,STN_DEL_01,Delhi,MALL,27.2,85.0,64.5,CCS2,120.0,True,37.28,35.77,21.75,24.96,1.148,0.4,3.0,NORMAL,False,False,MORNING,False
CHG_E950F26B71,2026-08-04 07:21:33,2026-08-04 07:21:33,2026-08-04 07:46:15,JNY_436739199,USR_94305,STN_JPR_02,Jaipur,HIGHWAY,30.4,85.0,64.8,CHAdeMO,100.0,True,35.38,34.61,24.77,24.7,0.997,0.4,0.0,NORMAL,False,False,MORNING,False
CHG_DF64E6558D,2026-08-04 07:23:18,2026-08-04 07:23:18,2026-08-04 07:48:44,JNY_614907500,USR_59403,STN_DEL_03,Delhi,HIGHWAY,40.0,90.0,72.1,CCS2,120.0,True,36.05,34.09,22.03,25.45,1.155,0.8,5.0,NORMAL,False,False,MORNING,False
CHG_FF316C8B09,2026-08-04 07:25:08,2026-08-04 07:25:08,2026-08-04 07:47:39,JNY_589432914,USR_76268,STN_BLR_01,Bengaluru,OFFICE,20.2,80.0,70.3,CCS2,120.0,True,42.04,39.16,23.36,22.53,0.965,0.75,0.0,NORMAL,False,False,MORNING,False
CHG_381EB464CC,2026-08-04 07:30:32,2026-08-04 07:30:32,2026-08-04 08:34:28,JNY_262922842,USR_30391,STN_JPR_02,Jaipur,HIGHWAY,13.5,85.0,63.1,CHAdeMO,50.0,True,45.12,43.62,63.16,63.93,1.012,0.6,0.0,NORMAL,False,False,MORNING,False
CHG_3FDEDBA2EF,2026-08-04 07:31:33,2026-08-04 07:31:33,2026-08-04 07:51:51,JNY_635308973,USR_65151,STN_DEL_02,Delhi,OFFICE,32.5,80.0,77.7,CCS2,120.0,True,36.91,35.28,20.5,20.32,0.991,1.0,0.0,NORMAL,False,False,MORNING,False
CHG_C446CBE704,2026-08-04 07:35:06,2026-08-04 07:35:06,2026-08-04 12:20:31,JNY_285933787,USR_82831,STN_MUM_01,Mumbai,MALL,26.0,85.0,79.8,TYPE2_AC,11.0,False,47.08,45.46,299.61,285.43,0.953,0.6,0.0,NORMAL,False,False,MORNING,False
CHG_6236344905,2026-08-04 07:44:00,2026-08-04 07:44:00,2026-08-04 08:41:47,JNY_405213924,USR_34221,STN_BLR_01,Bengaluru,OFFICE,27.6,80.0,82.6,CHAdeMO,50.0,True,43.28,41.1,57.71,57.79,1.001,0.75,1.0,NORMAL,False,False,MORNING,False
CHG_0B6BFF1836,2026-08-04 07:49:22,2026-08-04 07:49:22,2026-08-04 12:56:57,JNY_729930008,USR_84382,STN_GGN_01,Gurugram,OFFICE,19.0,85.0,68.4,TYPE2_AC,11.0,False,45.14,42.64,287.28,307.6,1.071,0.75,0.0,NORMAL,False,False,MORNING,False
CHG_4934ADE175,2026-08-04 07:49:57,2026-08-04 07:49:57,2026-08-04 08:17:09,JNY_686468705,USR_25533,STN_BLR_01,Bengaluru,OFFICE,31.2,90.0,73.0,CCS2,120.0,True,42.92,40.65,26.23,27.22,1.038,1.0,0.0,NORMAL,False,False,MORNING,False
CHG_45C2A99440,2026-08-04 07:58:09,2026-08-04 07:58:09,2026-08-04 08:32:42,JNY_959107820,USR_66566,STN_JPR_02,Jaipur,HIGHWAY,39.6,80.0,75.2,CHAdeMO,75.0,True,30.38,27.86,27.01,34.57,1.28,0.2,4.0,NORMAL,False,False,MORNING,False
CHG_BABF2C024F,2026-08-04 07:59:49,2026-08-04 07:59:49,2026-08-04 11:47:40,JNY_862817080,USR_14666,STN_GGN_02,Gurugram,MALL,14.3,90.0,87.1,TYPE2_AC,22.0,False,65.93,63.36,219.78,227.86,1.037,0.8,0.0,NORMAL,False,False,MORNING,False
CHG_8D1FAF450D,2026-08-04 08:00:06,2026-08-04 08:00:06,2026-08-04 08:13:23,JNY_315933340,USR_80824,STN_DEL_03,Delhi,HIGHWAY,50.4,80.0,84.3,CCS2,120.0,True,24.95,24.02,13.86,13.29,0.959,0.6,0.0,NORMAL,False,False,MORNING,False
CHG_13229EEE1B,2026-08-04 08:00:21,2026-08-04 08:00:21,2026-08-04 09:45:34,JNY_333534525,USR_26604,STN_MUM_02,Mumbai,RESIDENTIAL,49.1,90.0,60.7,TYPE2_AC,22.0,False,24.83,23.35,82.75,105.22,1.272,0.5,0.0,MINOR_SLOWDOWN,True,False,MORNING,False
CHG_0F9081DD48,2026-08-04 08:06:01,2026-08-04 08:06:01,2026-08-04 08:48:53,JNY_466405680,USR_66098,STN_JPR_02,Jaipur,HIGHWAY,15.8,85.0,79.6,CCS2,120.0,True,55.08,54.03,32.13,42.87,1.334,0.2,5.0,NORMAL,False,False,MORNING,False
CHG_FE5BD793DE,2026-08-04 08:07:43,2026-08-04 08:07:43,2026-08-04 08:29:33,JNY_672636555,USR_88613,STN_DEL_01,Delhi,MALL,43.0,80.0,71.3,CCS2,90.0,True,26.38,25.14,19.54,21.84,1.117,0.4,7.0,NORMAL,False,False,MORNING,False
CHG_4486B40A4B,2026-08-04 08:08:04,2026-08-04 08:08:04,2026-08-04 08:19:07,JNY_540924457,USR_43027,STN_MUM_02,Mumbai,RESIDENTIAL,53.8,80.0,68.3,CCS2,120.0,True,17.89,16.86,9.94,11.07,1.113,0.75,5.0,NORMAL,False,False,MORNING,False
CHG_35033C85E9,2026-08-04 08:20:57,2026-08-04 08:20:57,2026-08-04 08:40:23,JNY_677298079,USR_97306,STN_MUM_02,Mumbai,RESIDENTIAL,40.3,85.0,73.3,CCS2,150.0,True,32.77,31.89,15.29,19.44,1.272,0.5,9.0,NORMAL,False,False,MORNING,False
CHG_C4B1F3E1B5,2026-08-04 08:21:10,2026-08-04 08:21:10,2026-08-04 08:33:36,JNY_490705264,USR_27594,STN_GGN_01,Gurugram,OFFICE,61.1,85.0,79.5,CCS2,120.0,True,19.0,18.4,11.08,12.44,1.122,0.75,3.0,NORMAL,False,False,MORNING,False
CHG_E75E1D33DA,2026-08-04 08:23:46,2026-08-04 08:23:46,2026-08-04 09:10:25,JNY_380706394,USR_74794,STN_MUM_01,Mumbai,MALL,35.5,80.0,81.7,CCS2,60.0,True,36.36,34.35,40.4,46.66,1.155,0.2,2.0,NORMAL,False,False,MORNING,False
CHG_2B14270540,2026-08-04 08:27:51,2026-08-04 08:27:51,2026-08-04 09:03:22,JNY_708967955,USR_80138,STN_MUM_02,Mumbai,RESIDENTIAL,37.8,85.0,65.3,CCS2,60.0,True,30.82,29.56,35.96,35.52,0.988,0.75,0.0,NORMAL,False,False,MORNING,False
CHG_2930957575,2026-08-04 08:28:25,2026-08-04 08:28:25,2026-08-04 10:55:14,JNY_992050636,USR_40023,STN_JPR_02,Jaipur,HIGHWAY,23.6,80.0,74.4,TYPE2_AC,22.0,False,41.96,40.71,127.16,146.82,1.155,0.2,2.0,NORMAL,False,False,MORNING,False
CHG_6B84B68871,2026-08-04 08:31:44,2026-08-04 08:31:44,2026-08-04 09:06:56,JNY_869075253,USR_22818,STN_GGN_01,Gurugram,OFFICE,25.1,80.0,87.1,CCS2,90.0,True,47.82,45.2,35.42,35.2,0.994,0.75,0.0,NORMAL,False,False,MORNING,False
CHG_41410B1BA9,2026-08-04 08:32:08,2026-08-04 08:32:08,2026-08-04 09:06:49,JNY_742907617,USR_81032,STN_MUM_01,Mumbai,MALL,30.8,85.0,55.5,CCS2,60.0,True,30.08,28.59,35.09,34.69,0.988,0.4,0.0,NORMAL,False,False,MORNING,False
CHG_66512E7BFE,2026-08-04 08:38:13,2026-08-04 08:38:13,2026-08-04 08:58:40,JNY_245232357,USR_34128,STN_MUM_01,Mumbai,MALL,54.2,85.0,68.8,CCS2,90.0,True,21.19,20.58,16.48,20.46,1.242,0.4,0.0,MINOR_SLOWDOWN,True,False,MORNING,False
CHG_788D12B86F,2026-08-04 08:41:20,2026-08-04 08:41:20,2026-08-04 09:47:03,JNY_707789365,USR_34345,STN_GGN_02,Gurugram,MALL,29.6,80.0,79.1,CHAdeMO,50.0,True,39.87,39.37,53.16,65.73,1.237,0.2,10.0,NORMAL,False,False,MORNING,False
CHG_E14046E026,2026-08-04 08:43:36,2026-08-04 08:43:36,2026-08-04 09:07:08,JNY_517162508,USR_58475,STN_JPR_02,Jaipur,HIGHWAY,39.7,95.0,80.7,CCS2,150.0,True,44.63,43.17,22.81,23.54,1.032,0.6,0.0,NORMAL,False,False,MORNING,False
CHG_1307C4E533,2026-08-04 08:46:07,2026-08-04 08:46:07,2026-08-04 09:30:15,JNY_355972337,USR_27102,STN_DEL_02,Delhi,OFFICE,27.8,80.0,82.8,CHAdeMO,75.0,True,43.22,41.87,38.42,44.14,1.149,0.5,0.0,NORMAL,False,False,MORNING,False
CHG_E3AFE8BF28,2026-08-04 08:48:25,2026-08-04 08:48:25,2026-08-04 09:12:40,JNY_255922648,USR_20738,STN_JPR_02,Jaipur,HIGHWAY,20.3,85.0,61.1,CCS2,120.0,True,39.53,37.86,23.06,24.26,1.052,0.4,0.0,NORMAL,False,False,MORNING,False
CHG_E4B05AE483,2026-08-04 08:49:41,2026-08-04 08:49:41,2026-08-04 09:19:31,JNY_832713808,USR_59430,STN_BLR_01,Bengaluru,OFFICE,33.1,80.0,85.7,CCS2,150.0,True,40.19,38.38,17.86,29.85,1.671,0.75,0.0,CHARGER_FAULT,True,True,MORNING,False
CHG_930899205C,2026-08-04 08:49:44,2026-08-04 08:49:44,2026-08-04 09:39:45,JNY_177154874,USR_35906,STN_GGN_01,Gurugram,OFFICE,16.2,85.0,86.7,CCS2,90.0,True,59.65,57.72,46.39,50.03,1.078,0.75,3.0,NORMAL,False,False,MORNING,False
CHG_2114555699,2026-08-04 08:50:24,2026-08-04 08:50:24,2026-08-04 13:23:44,JNY_872123757,USR_99492,STN_MUM_01,Mumbai,MALL,41.6,85.0,67.6,TYPE2_AC,11.0,False,29.34,28.22,186.7,273.34,1.464,0.2,9.0,MINOR_SLOWDOWN,True,False,MORNING,False
CHG_84FF866B0B,2026-08-04 09:00:13,2026-08-04 09:00:13,2026-08-04 09:26:04,JNY_611462648,USR_41737,STN_BLR_01,Bengaluru,OFFICE,30.6,90.0,54.6,CCS2,90.0,True,32.43,31.5,26.43,25.86,0.978,0.75,0.0,NORMAL,False,False,MORNING,False
CHG_C26B16FAA4,2026-08-04 09:15:29,2026-08-04 09:15:29,2026-08-04 10:10:55,JNY_187155439,USR_39449,STN_GGN_01,Gurugram,OFFICE,22.1,80.0,70.1,CCS2,60.0,True,40.59,38.47,45.1,55.44,1.229,0.25,5.0,NORMAL,False,False,MORNING,False
CHG_3FA7C62A57,2026-08-04 09:21:21,2026-08-04 09:21:21,2026-08-04 10:08:46,JNY_848361517,USR_60786,STN_JPR_01,Jaipur,MALL,24.1,80.0,87.9,CHAdeMO,75.0,True,49.14,47.89,43.68,47.42,1.086,0.2,2.0,NORMAL,False,False,MORNING,False
CHG_F44FD44A7E,2026-08-04 09:22:43,2026-08-04 09:22:43,2026-08-04 09:52:48,JNY_651046061,USR_73651,STN_MUM_01,Mumbai,MALL,34.4,80.0,86.8,CCS2,120.0,True,39.58,37.75,21.99,30.1,1.369,0.2,13.0,NORMAL,False,False,MORNING,False
CHG_1EED8048A0,2026-08-04 09:22:54,2026-08-04 09:22:54,2026-08-04 10:11:17,JNY_109518508,USR_20672,STN_GGN_01,Gurugram,OFFICE,32.7,85.0,90.0,CHAdeMO,75.0,True,47.07,45.19,43.93,48.38,1.101,0.5,0.0,NORMAL,False,False,MORNING,False
CHG_D8BF38F3CC,2026-08-04 09:23:31,2026-08-04 09:23:31,2026-08-04 10:32:53,JNY_670615292,USR_87064,STN_DEL_01,Delhi,MALL,12.3,80.0,84.5,CCS2,60.0,True,57.21,54.3,63.56,69.38,1.092,0.4,7.0,NORMAL,False,False,MORNING,False
CHG_B133F23B00,2026-08-04 09:24:58,2026-08-04 09:24:58,2026-08-04 10:04:05,JNY_544165281,USR_15149,STN_GGN_01,Gurugram,OFFICE,38.6,90.0,87.1,CCS2,90.0,True,44.77,42.07,36.48,39.12,1.072,0.5,0.0,NORMAL,False,False,MORNING,False
CHG_0DCF056118,2026-08-04 09:26:32,2026-08-04 09:26:32,2026-08-04 09:46:58,JNY_285387190,USR_10864,STN_GGN_01,Gurugram,OFFICE,41.4,95.0,61.9,CCS2,120.0,True,33.18,30.97,21.2,20.44,0.964,0.75,0.0,NORMAL,False,False,MORNING,False
CHG_4299B3C86D,2026-08-04 09:28:19,2026-08-04 09:28:19,2026-08-04 10:16:34,JNY_823537558,USR_19635,STN_JPR_02,Jaipur,HIGHWAY,32.2,85.0,76.7,CCS2,60.0,True,40.5,38.8,47.25,48.26,1.021,0.4,0.0,NORMAL,False,False,MORNING,False
CHG_F5A2A8FFAD,2026-08-04 09:28:21,2026-08-04 09:28:21,2026-08-04 11:56:40,JNY_175501307,USR_96408,STN_DEL_01,Delhi,MALL,18.7,80.0,69.5,TYPE2_AC,22.0,False,42.6,40.71,129.1,148.33,1.149,0.8,0.0,MINOR_SLOWDOWN,True,False,MORNING,False
CHG_E1B557B059,2026-08-04 09:36:14,2026-08-04 09:36:14,2026-08-04 10:18:19,JNY_483007217,USR_83210,STN_JPR_01,Jaipur,MALL,35.2,85.0,67.4,CCS2,60.0,True,33.57,31.58,39.16,42.09,1.075,0.8,0.0,NORMAL,False,False,MORNING,False
CHG_E4F73216CE,2026-08-04 09:39:25,2026-08-04 09:39:25,2026-08-04 10:10:02,JNY_576466038,USR_70420,STN_DEL_01,Delhi,MALL,33.1,80.0,80.2,CCS2,90.0,True,37.61,37.26,27.86,30.63,1.099,0.4,0.0,NORMAL,False,False,MORNING,False
CHG_F45B07A6CD,2026-08-04 09:43:10,2026-08-04 09:43:10,2026-08-04 10:39:56,JNY_749983637,USR_33800,STN_BLR_01,Bengaluru,OFFICE,17.5,85.0,85.2,CHAdeMO,75.0,True,57.51,55.48,53.68,56.77,1.058,0.75,0.0,NORMAL,False,False,MORNING,False
CHG_DDC7FB4DAA,2026-08-04 09:49:42,2026-08-04 09:49:42,2026-08-04 09:59:59,JNY_403978958,USR_11357,STN_JPR_01,Jaipur,MALL,55.3,85.0,68.8,CCS2,150.0,True,20.43,20.09,9.54,10.29,1.08,0.6,0.0,NORMAL,False,False,MORNING,False
CHG_5585398683,2026-08-04 09:56:57,2026-08-04 09:56:57,2026-08-04 10:16:10,JNY_473576336,USR_36325,STN_MUM_01,Mumbai,MALL,42.0,85.0,63.0,CCS2,120.0,True,27.09,26.1,15.8,19.23,1.217,0.2,8.0,NORMAL,False,False,MORNING,False
CHG_75C527B832,2026-08-04 09:58:22,2026-08-04 09:58:22,2026-08-04 10:29:51,JNY_689454811,USR_59852,STN_MUM_01,Mumbai,MALL,34.8,80.0,65.0,CHAdeMO,75.0,True,29.38,27.67,26.12,31.49,1.206,0.2,5.0,NORMAL,False,False,MORNING,False
CHG_6EF0FAB395,2026-08-04 09:59:26,2026-08-04 09:59:26,2026-08-04 10:16:14,JNY_751728630,USR_45454,STN_MUM_01,Mumbai,MALL,38.1,80.0,67.1,CCS2,120.0,True,28.11,26.88,15.62,16.81,1.076,0.8,0.0,NORMAL,False,False,MORNING,False
CHG_D3868B64BE,2026-08-04 10:00:26,2026-08-04 10:00:26,2026-08-04 10:13:45,JNY_906273702,USR_23475,STN_MUM_02,Mumbai,RESIDENTIAL,62.4,85.0,69.5,CCS2,90.0,True,15.71,14.98,12.22,13.32,1.091,1.0,3.0,NORMAL,False,False,MORNING,False
CHG_6B8F53044C,2026-08-04 10:04:23,2026-08-04 10:04:23,2026-08-04 10:32:46,JNY_828069630,USR_54989,STN_BLR_01,Bengaluru,OFFICE,25.5,80.0,82.9,CCS2,120.0,True,45.18,43.01,25.1,28.4,1.131,0.5,0.0,NORMAL,False,False,MORNING,False
CHG_F4DB5870E9,2026-08-04 10:07:36,2026-08-04 10:07:36,2026-08-04 11:04:58,JNY_815759633,USR_86657,STN_JPR_02,Jaipur,HIGHWAY,18.3,85.0,76.3,CCS2,60.0,True,50.89,48.44,59.37,57.38,0.966,0.6,0.0,NORMAL,False,False,MORNING,False
CHG_09A60D563B,2026-08-04 10:10:38,2026-08-04 10:10:38,2026-08-04 12:49:10,JNY_603817296,USR_49698,STN_MUM_01,Mumbai,MALL,27.5,95.0,68.8,TYPE2_AC,22.0,False,46.44,44.83,161.84,158.55,0.98,0.6,0.0,NORMAL,False,False,MORNING,False
CHG_1D0311DAEF,2026-08-04 10:12:12,2026-08-04 10:12:12,2026-08-04 10:22:23,JNY_781138496,USR_53123,STN_DEL_03,Delhi,HIGHWAY,62.7,80.0,90.0,CCS2,120.0,True,15.57,14.92,8.65,10.18,1.177,0.2,3.0,NORMAL,False,False,MORNING,False
CHG_60FF70A2CF,2026-08-04 10:14:15,2026-08-04 10:14:15,2026-08-04 10:39:51,JNY_110241618,USR_50041,STN_GGN_02,Gurugram,MALL,32.5,80.0,74.3,CCS2,90.0,True,35.29,34.63,26.14,25.61,0.98,0.6,0.0,NORMAL,False,False,MORNING,False
CHG_991CAD3DC9,2026-08-04 10:18:49,2026-08-04 10:18:49,2026-08-04 10:38:03,JNY_241056115,USR_19753,STN_DEL_03,Delhi,HIGHWAY,41.3,85.0,72.1,CCS2,120.0,True,31.51,30.02,18.38,19.24,1.047,0.6,3.0,NORMAL,False,False,MORNING,False
CHG_D090D2D35F,2026-08-04 10:21:36,2026-08-04 10:21:36,2026-08-04 11:04:45,JNY_813364714,USR_32879,STN_JPR_01,Jaipur,MALL,16.9,85.0,89.3,CCS2,120.0,True,60.81,58.38,35.47,43.16,1.217,0.6,0.0,MINOR_SLOWDOWN,True,False,MORNING,False
CHG_B5D886D023,2026-08-04 10:23:43,2026-08-04 10:23:43,2026-08-04 10:47:23,JNY_746001858,USR_96805,STN_DEL_02,Delhi,OFFICE,57.7,95.0,77.8,CCS2,120.0,True,29.02,28.19,18.54,23.67,1.277,0.25,5.0,NORMAL,False,False,MORNING,False
CHG_7FE0E56EF1,2026-08-04 10:28:06,2026-08-04 10:28:06,2026-08-04 10:54:15,JNY_915297186,USR_81862,STN_GGN_01,Gurugram,OFFICE,28.2,80.0,71.5,CCS2,90.0,True,37.04,34.94,27.43,26.16,0.954,0.75,0.0,NORMAL,False,False,MORNING,False
CHG_6B12DB58D6,2026-08-04 10:28:57,2026-08-04 10:28:57,2026-08-04 10:56:05,JNY_593152785,USR_61598,STN_JPR_01,Jaipur,MALL,23.9,90.0,88.8,CCS2,150.0,True,58.7,57.2,28.7,27.14,0.946,0.6,0.0,NORMAL,False,False,MORNING,False
CHG_783CBE7EB9,2026-08-04 10:29:16,2026-08-04 10:29:16,2026-08-04 11:10:56,JNY_475103225,USR_62914,STN_MUM_01,Mumbai,MALL,47.4,80.0,85.1,CCS2,60.0,True,27.74,26.36,30.83,41.68,1.352,0.2,6.0,NORMAL,False,False,MORNING,False
CHG_156F281B03,2026-08-04 10:29:50,2026-08-04 10:29:50,2026-08-04 10:44:37,JNY_509081145,USR_56005,STN_JPR_02,Jaipur,HIGHWAY,32.6,85.0,62.6,CCS2,150.0,True,32.8,31.51,15.31,14.8,0.967,0.4,0.0,NORMAL,False,False,MORNING,False
CHG_7A81246179,2026-08-04 10:31:27,2026-08-04 10:31:27,2026-08-04 11:27:09,JNY_157243535,USR_53783,STN_JPR_01,Jaipur,MALL,30.6,85.0,72.6,CCS2,60.0,True,39.49,38.38,46.08,55.71,1.209,0.6,0.0,MINOR_SLOWDOWN,True,False,MORNING,False
CHG_AC9417BE6A,2026-08-04 10:32:35,2026-08-04 10:32:35,2026-08-04 11:00:24,JNY_767892589,USR_13000,STN_JPR_01,Jaipur,MALL,26.3,80.0,90.0,CCS2,120.0,True,48.33,46.53,26.85,27.83,1.037,0.6,0.0,NORMAL,False,False,MORNING,False
CHG_DE2025A5BA,2026-08-04 10:36:55,2026-08-04 10:36:55,2026-08-04 12:42:35,JNY_657691997,USR_81535,STN_DEL_03,Delhi,HIGHWAY,30.2,80.0,73.1,TYPE2_AC,22.0,False,36.4,35.15,110.31,125.68,1.139,0.4,0.0,NORMAL,False,False,MORNING,False
CHG_00F8696FAB,2026-08-04 10:42:52,2026-08-04 10:42:52,2026-08-04 11:39:16,JNY_253690640,USR_44691,STN_DEL_01,Delhi,MALL,11.9,80.0,54.9,CHAdeMO,50.0,True,37.39,36.6,49.85,56.41,1.132,0.4,9.0,NORMAL,False,False,MORNING,False
CHG_26CD638459,2026-08-04 10:43:13,2026-08-04 10:43:13,2026-08-04 11:36:20,JNY_878459743,USR_12839,STN_BLR_01,Bengaluru,OFFICE,22.7,85.0,80.4,CHAdeMO,75.0,True,50.09,48.28,46.75,53.12,1.136,0.25,6.0,NORMAL,False,False,MORNING,False
CHG_3A00910D44,2026-08-04 10:46:31,2026-08-04 10:46:31,2026-08-04 11:12:54,JNY_105580959,USR_67325,STN_JPR_01,Jaipur,MALL,26.7,90.0,63.0,CCS2,120.0,True,39.88,37.74,24.37,26.4,1.083,0.6,1.0,NORMAL,False,False,MORNING,False
CHG_AF7F7535F3,2026-08-04 10:47:38,2026-08-04 10:47:38,2026-08-04 11:36:14,JNY_635050107,USR_56870,STN_GGN_01,Gurugram,OFFICE,19.3,85.0,67.6,CCS2,60.0,True,44.41,42.17,51.82,48.6,0.938,0.75,0.0,NORMAL,False,False,MORNING,False
CHG_DFF7AA65C7,2026-08-04 10:47:53,2026-08-04 10:47:53,2026-08-04 11:23:47,JNY_115686396,USR_68426,STN_GGN_01,Gurugram,OFFICE,25.5,80.0,87.1,CCS2,90.0,True,47.47,45.13,35.16,35.91,1.021,1.0,0.0,NORMAL,False,False,MORNING,False
CHG_65A5EF3918,2026-08-04 10:50:00,2026-08-04 10:50:00,2026-08-04 13:12:23,JNY_224107135,USR_11786,STN_BLR_01,Bengaluru,OFFICE,35.8,85.0,78.2,TYPE2_AC,22.0,False,38.47,35.92,122.42,142.4,1.163,0.25,2.0,NORMAL,False,False,MORNING,False
CHG_8FE939B8C6,2026-08-04 10:52:24,2026-08-04 10:52:24,2026-08-04 12:50:49,JNY_913964731,USR_46242,STN_JPR_02,Jaipur,HIGHWAY,52.9,85.0,81.4,TYPE2_AC,22.0,False,26.13,25.31,83.14,118.42,1.424,0.0,13.0,NORMAL,False,False,MORNING,False
CHG_79628EE724,2026-08-04 10:52:41,2026-08-04 10:52:41,2026-08-04 11:05:28,JNY_459318612,USR_42735,STN_DEL_02,Delhi,OFFICE,60.6,85.0,76.3,CCS2,120.0,True,18.62,17.64,10.86,12.79,1.177,0.5,10.0,NORMAL,False,False,MORNING,False
CHG_E779F95B1F,2026-08-04 10:56:17,2026-08-04 10:56:17,2026-08-04 12:56:49,JNY_966558792,USR_72214,STN_MUM_02,Mumbai,RESIDENTIAL,24.6,80.0,67.4,TYPE2_AC,22.0,False,37.34,35.61,113.15,120.53,1.065,0.75,1.0,NORMAL,False,False,MORNING,False
CHG_E0E0032CB5,2026-08-04 10:58:47,2026-08-04 10:58:47,2026-08-04 11:42:05,JNY_419131695,USR_72854,STN_DEL_02,Delhi,OFFICE,35.3,85.0,76.8,CCS2,60.0,True,38.17,36.83,44.53,43.3,0.972,0.5,0.0,NORMAL,False,False,MORNING,False
CHG_27F5E65F3B,2026-08-04 11:09:09,2026-08-04 11:09:09,2026-08-04 11:51:43,JNY_124629665,USR_90826,STN_JPR_02,Jaipur,HIGHWAY,20.9,85.0,73.3,CCS2,90.0,True,46.99,45.43,36.54,42.57,1.165,0.6,0.0,MINOR_SLOWDOWN,True,False,MORNING,False
CHG_456CD1AE90,2026-08-04 11:15:32,2026-08-04 11:15:32,2026-08-04 11:35:26,JNY_843743536,USR_68076,STN_JPR_01,Jaipur,MALL,39.2,85.0,87.9,CCS2,150.0,True,40.26,37.53,18.79,19.91,1.06,0.4,0.0,NORMAL,False,False,MORNING,False
CHG_C5E9BA3468,2026-08-04 11:21:58,2026-08-04 11:21:58,2026-08-04 11:40:55,JNY_140942803,USR_17758,STN_GGN_01,Gurugram,OFFICE,45.1,80.0,84.4,CCS2,150.0,True,29.46,27.64,13.09,18.96,1.448,0.0,21.0,NORMAL,False,False,MORNING,False
CHG_8E71C292B2,2026-08-04 11:22:52,2026-08-04 11:22:52,2026-08-04 11:57:26,JNY_732092624,USR_52456,STN_MUM_02,Mumbai,RESIDENTIAL,23.4,80.0,90.0,CHAdeMO,100.0,True,50.94,49.74,33.96,34.58,1.018,1.0,0.0,NORMAL,False,False,MORNING,False
CHG_A4B832EE94,2026-08-04 11:51:41,2026-08-04 11:51:41,2026-08-04 12:42:02,JNY_143712037,USR_82053,STN_DEL_02,Delhi,OFFICE,34.4,85.0,88.1,CCS2,60.0,True,44.58,43.12,52.01,50.36,0.968,0.5,0.0,NORMAL,False,False,MORNING,False
CHG_D9AAF03E2B,2026-08-04 11:55:38,2026-08-04 11:55:38,2026-08-04 15:45:08,JNY_172786323,USR_11362,STN_BLR_01,Bengaluru,OFFICE,45.1,85.0,65.6,TYPE2_AC,11.0,False,26.17,24.58,166.56,229.51,1.378,0.25,13.0,NORMAL,False,False,MORNING,False
CHG_8F0818FE47,2026-08-04 12:02:41,2026-08-04 12:02:41,2026-08-04 12:29:37,JNY_468323582,USR_29021,STN_MUM_01,Mumbai,MALL,41.6,80.0,80.7,CCS2,90.0,True,30.99,29.8,22.95,26.95,1.174,0.2,2.0,NORMAL,False,False,AFTERNOON,False
CHG_14EA868B9B,2026-08-04 12:08:13,2026-08-04 12:08:13,2026-08-04 13:20:26,JNY_114821908,USR_56883,STN_BLR_01,Bengaluru,OFFICE,18.0,80.0,74.7,CHAdeMO,50.0,True,46.31,44.24,61.75,72.22,1.17,0.25,2.0,NORMAL,False,False,AFTERNOON,False
CHG_AFF91D2D7B,2026-08-04 12:10:16,2026-08-04 12:10:16,2026-08-04 13:30:35,JNY_439377534,USR_36604,STN_DEL_02,Delhi,OFFICE,17.1,90.0,85.5,CCS2,60.0,True,62.33,60.73,76.18,80.33,1.054,0.5,5.0,NORMAL,False,False,AFTERNOON,False
CHG_0A0BF68047,2026-08-04 12:10:54,2026-08-04 12:10:54,2026-08-04 12:34:45,JNY_509477233,USR_70405,STN_MUM_02,Mumbai,RESIDENTIAL,21.8,85.0,66.2,CCS2,120.0,True,41.84,39.7,24.41,23.85,0.977,1.0,0.0,NORMAL,False,False,AFTERNOON,False
CHG_384DC03BE3,2026-08-04 12:13:04,2026-08-04 12:13:04,2026-08-04 12:48:48,JNY_563921581,USR_94337,STN_JPR_02,Jaipur,HIGHWAY,41.4,80.0,58.9,CHAdeMO,50.0,True,22.74,21.92,30.31,35.74,1.179,0.4,5.0,NORMAL,False,False,AFTERNOON,False
CHG_47846B9EA4,2026-08-04 12:13:31,2026-08-04 12:13:31,2026-08-04 13:15:30,JNY_484508495,USR_15035,STN_GGN_01,Gurugram,OFFICE,27.6,80.0,84.8,CHAdeMO,50.0,True,44.44,42.76,59.25,61.98,1.046,0.5,0.0,NORMAL,False,False,AFTERNOON,False
CHG_6C304830E3,2026-08-04 12:23:05,2026-08-04 12:23:05,2026-08-04 12:50:42,JNY_269454727,USR_18775,STN_GGN_02,Gurugram,MALL,30.8,95.0,82.5,CCS2,150.0,True,52.97,51.41,27.07,27.62,1.02,0.8,0.0,NORMAL,False,False,AFTERNOON,False
CHG_CAA5BD4489,2026-08-04 12:24:41,2026-08-04 12:24:41,2026-08-04 12:53:21,JNY_183004766,USR_65553,STN_GGN_01,Gurugram,OFFICE,51.9,90.0,63.1,CCS2,90.0,True,24.04,23.39,19.59,28.68,1.464,0.25,15.0,NORMAL,False,False,AFTERNOON,False
CHG_CABE91996F,2026-08-04 12:26:30,2026-08-04 12:26:30,2026-08-04 13:26:44,JNY_957360707,USR_45706,STN_DEL_03,Delhi,HIGHWAY,47.1,90.0,77.1,CCS2,60.0,True,33.08,32.14,40.43,60.23,1.49,0.2,17.0,NORMAL,False,False,AFTERNOON,False
CHG_4D70B4B7F2,2026-08-04 12:27:42,2026-08-04 12:27:42,2026-08-04 12:49:19,JNY_447916929,USR_59008,STN_DEL_03,Delhi,HIGHWAY,47.1,90.0,70.4,CCS2,120.0,True,30.2,28.98,18.46,21.62,1.171,0.2,5.0,NORMAL,False,False,AFTERNOON,False
CHG_BFE56BD33B,2026-08-04 12:35:27,2026-08-04 12:35:27,2026-08-04 13:32:32,JNY_727700435,USR_58048,STN_BLR_01,Bengaluru,OFFICE,16.7,80.0,84.4,CCS2,60.0,True,53.43,49.98,59.36,57.09,0.962,0.75,0.0,NORMAL,False,False,AFTERNOON,False
CHG_640AA78D79,2026-08-04 12:36:37,2026-08-04 12:36:37,2026-08-04 13:27:01,JNY_511118307,USR_60688,STN_DEL_03,Delhi,HIGHWAY,13.7,90.0,81.7,CCS2,90.0,True,62.34,60.01,50.79,50.41,0.992,0.6,0.0,NORMAL,False,False,AFTERNOON,False
CHG_8972D31961,2026-08-04 12:40:59,2026-08-04 12:40:59,2026-08-04 12:58:30,JNY_467098728,USR_77528,STN_GGN_01,Gurugram,OFFICE,54.2,90.0,62.3,CHAdeMO,100.0,True,22.3,20.51,16.36,17.52,1.071,0.5,0.0,NORMAL,False,False,AFTERNOON,False
CHG_C2798C629A,2026-08-04 12:41:09,2026-08-04 12:41:09,2026-08-04 13:41:46,JNY_442392415,USR_15867,STN_JPR_02,Jaipur,HIGHWAY,49.8,85.0,90.0,CCS2,90.0,True,31.68,30.52,24.64,60.63,2.461,0.2,6.0,CHARGER_FAULT,True,True,AFTERNOON,False
CHG_E90E8DA160,2026-08-04 12:42:23,2026-08-04 12:42:23,2026-08-04 13:50:16,JNY_301334170,USR_50476,STN_MUM_02,Mumbai,RESIDENTIAL,29.0,85.0,82.0,CHAdeMO,50.0,True,45.92,43.91,64.29,67.9,1.056,0.75,0.0,NORMAL,False,False,AFTERNOON,False
CHG_AC6B8301A6,2026-08-04 12:47:15,2026-08-04 12:47:15,2026-08-04 13:54:48,JNY_951210513,USR_37458,STN_MUM_02,Mumbai,RESIDENTIAL,12.2,85.0,70.3,CCS2,60.0,True,51.18,48.39,59.71,67.56,1.132,0.75,4.0,NORMAL,False,False,AFTERNOON,False
CHG_35181674A4,2026-08-04 12:48:38,2026-08-04 12:48:38,2026-08-04 13:22:53,JNY_736203897,USR_10234,STN_JPR_01,Jaipur,MALL,41.0,90.0,59.8,CCS2,120.0,True,29.3,28.12,17.91,34.26,1.913,0.6,5.0,CHARGER_FAULT,True,True,AFTERNOON,False
CHG_506FAB8090,2026-08-04 12:49:00,2026-08-04 12:49:00,2026-08-04 14:32:33,JNY_839464634,USR_54469,STN_GGN_02,Gurugram,MALL,27.6,80.0,58.2,TYPE2_AC,22.0,False,30.5,29.54,92.41,103.55,1.121,0.4,4.0,NORMAL,False,False,AFTERNOON,False
CHG_CCA1F3EC2E,2026-08-04 12:52:16,2026-08-04 12:52:16,2026-08-04 13:11:14,JNY_620126364,USR_33404,STN_JPR_02,Jaipur,HIGHWAY,39.0,85.0,86.5,CCS2,150.0,True,39.79,37.77,18.57,18.97,1.022,0.6,0.0,NORMAL,False,False,AFTERNOON,False
CHG_836892FF94,2026-08-04 12:52:30,2026-08-04 12:52:30,2026-08-04 14:54:58,JNY_969489275,USR_14848,STN_DEL_02,Delhi,OFFICE,34.2,85.0,62.1,TYPE2_AC,22.0,False,31.55,30.52,100.38,122.48,1.22,0.25,2.0,NORMAL,False,False,AFTERNOON,False
CHG_46A35298B3,2026-08-04 13:01:17,2026-08-04 13:01:17,2026-08-04 13:51:18,JNY_908761483,USR_43996,STN_DEL_01,Delhi,MALL,18.3,80.0,85.5,CHAdeMO,75.0,True,52.75,49.77,46.89,50.03,1.067,0.6,0.0,NORMAL,False,False,AFTERNOON,False
CHG_C45D75482B,2026-08-04 13:02:24,2026-08-04 13:02:24,2026-08-04 14:06:02,JNY_758349792,USR_19909,STN_MUM_01,Mumbai,MALL,23.0,90.0,63.3,CCS2,120.0,True,42.41,41.39,25.92,63.64,2.456,0.4,9.0,CHARGER_FAULT,True,True,AFTERNOON,False
CHG_C5119B17DA,2026-08-04 13:05:02,2026-08-04 13:05:02,2026-08-04 13:28:43,JNY_993440353,USR_32167,STN_DEL_03,Delhi,HIGHWAY,62.0,90.0,81.7,CCS2,90.0,True,22.88,21.41,18.64,23.69,1.271,0.2,5.0,NORMAL,False,False,AFTERNOON,False
CHG_0FCB60F493,2026-08-04 13:07:54,2026-08-04 13:07:54,2026-08-04 13:43:17,JNY_880656051,USR_32810,STN_MUM_01,Mumbai,MALL,27.2,90.0,65.4,CCS2,90.0,True,41.07,39.25,33.47,35.4,1.058,0.8,0.0,NORMAL,False,False,AFTERNOON,False
CHG_59700EB528,2026-08-04 13:10:58,2026-08-04 13:10:58,2026-08-04 13:44:39,JNY_578354216,USR_95386,STN_DEL_01,Delhi,MALL,12.7,85.0,60.2,CCS2,90.0,True,43.52,41.51,33.85,33.68,0.995,0.4,0.0,NORMAL,False,False,AFTERNOON,False
CHG_78DB336273,2026-08-04 13:11:00,2026-08-04 13:11:00,2026-08-04 13:54:57,JNY_113334384,USR_95478,STN_JPR_01,Jaipur,MALL,13.0,80.0,83.3,CCS2,90.0,True,55.81,54.8,41.34,43.95,1.063,0.6,0.0,NORMAL,False,False,AFTERNOON,False
CHG_357F44E3E3,2026-08-04 13:17:08,2026-08-04 13:17:08,2026-08-04 14:03:51,JNY_888868276,USR_74991,STN_MUM_01,Mumbai,MALL,11.6,80.0,80.0,CHAdeMO,75.0,True,54.72,51.45,48.64,46.72,0.961,0.6,0.0,NORMAL,False,False,AFTERNOON,False
CHG_57C3029626,2026-08-04 13:21:52,2026-08-04 13:21:52,2026-08-04 13:48:56,JNY_266951971,USR_38402,STN_BLR_01,Bengaluru,OFFICE,36.1,95.0,88.2,CCS2,150.0,True,51.95,48.67,26.55,27.07,1.02,0.75,0.0,NORMAL,False,False,AFTERNOON,False
CHG_F65B304666,2026-08-04 13:22:37,2026-08-04 13:22:37,2026-08-04 14:28:42,JNY_859062904,USR_72240,STN_MUM_02,Mumbai,RESIDENTIAL,20.7,90.0,90.0,CHAdeMO,75.0,True,62.37,59.67,60.98,66.09,1.084,0.5,0.0,NORMAL,False,False,AFTERNOON,False
CHG_3920A66C4C,2026-08-04 13:23:20,2026-08-04 13:23:20,2026-08-04 13:42:50,JNY_114530952,USR_65407,STN_MUM_01,Mumbai,MALL,43.3,90.0,79.5,CCS2,150.0,True,37.13,36.24,18.15,19.51,1.075,0.6,0.0,NORMAL,False,False,AFTERNOON,False
CHG_055476C1B1,2026-08-04 13:32:25,2026-08-04 13:32:25,2026-08-04 14:02:24,JNY_788775732,USR_94201,STN_DEL_01,Delhi,MALL,37.4,90.0,63.9,CCS2,90.0,True,33.61,32.39,27.39,30.0,1.095,0.4,4.0,NORMAL,False,False,AFTERNOON,False
CHG_43C9E47682,2026-08-04 13:37:45,2026-08-04 13:37:45,2026-08-04 14:02:06,JNY_918779655,USR_31104,STN_MUM_01,Mumbai,MALL,33.1,85.0,77.2,CCS2,120.0,True,40.07,39.26,23.37,24.35,1.042,0.4,0.0,NORMAL,False,False,AFTERNOON,False
CHG_E314887E11,2026-08-04 13:38:11,2026-08-04 13:38:11,2026-08-04 14:18:03,JNY_846622186,USR_79299,STN_GGN_02,Gurugram,MALL,22.9,85.0,78.0,CCS2,120.0,True,48.44,45.75,28.26,39.87,1.411,0.2,11.0,NORMAL,False,False,AFTERNOON,False
CHG_59C8C4F287,2026-08-04 13:42:19,2026-08-04 13:42:19,2026-08-04 14:03:36,JNY_682939426,USR_93986,STN_GGN_02,Gurugram,MALL,34.5,80.0,64.3,CHAdeMO,100.0,True,29.26,27.95,19.5,21.28,1.091,0.6,0.0,NORMAL,False,False,AFTERNOON,False
CHG_DC5FE6ED71,2026-08-04 13:43:15,2026-08-04 13:43:15,2026-08-04 14:11:30,JNY_256546535,USR_49608,STN_DEL_03,Delhi,HIGHWAY,37.3,85.0,68.4,CCS2,150.0,True,32.63,30.55,15.23,28.26,1.856,0.4,4.0,CHARGER_FAULT,True,True,AFTERNOON,False
CHG_F9FE4B661E,2026-08-04 13:43:22,2026-08-04 13:43:22,2026-08-04 14:16:09,JNY_652483432,USR_61783,STN_DEL_02,Delhi,OFFICE,31.5,85.0,77.4,CCS2,120.0,True,41.41,39.64,24.16,32.79,1.358,0.0,6.0,NORMAL,False,False,AFTERNOON,False
CHG_615648C99E,2026-08-04 13:46:18,2026-08-04 13:46:18,2026-08-04 16:12:56,JNY_835244713,USR_49142,STN_MUM_01,Mumbai,MALL,23.2,80.0,85.1,TYPE2_AC,22.0,False,48.34,45.81,146.48,146.65,1.001,0.8,0.0,NORMAL,False,False,AFTERNOON,False
CHG_A1C8AD68D8,2026-08-04 13:46:44,2026-08-04 13:46:44,2026-08-04 14:18:50,JNY_568483243,USR_97121,STN_MUM_01,Mumbai,MALL,15.3,90.0,62.7,CCS2,120.0,True,46.84,45.7,28.62,32.11,1.122,0.2,4.0,NORMAL,False,False,AFTERNOON,False
CHG_9E15C54694,2026-08-04 13:49:11,2026-08-04 13:49:11,2026-08-04 14:02:56,JNY_123787828,USR_15499,STN_MUM_01,Mumbai,MALL,56.7,85.0,77.0,CCS2,120.0,True,21.79,20.84,12.71,13.76,1.083,0.8,1.0,NORMAL,False,False,AFTERNOON,False
CHG_D445AC9DD5,2026-08-04 13:50:30,2026-08-04 13:50:30,2026-08-04 19:50:30,JNY_783933003,USR_70005,STN_GGN_02,Gurugram,MALL,20.2,90.0,90.0,TYPE2_AC,7.2,False,62.82,60.15,639.83,360.0,0.563,0.4,9.0,NORMAL,False,False,AFTERNOON,False
CHG_D43888C06C,2026-08-04 13:54:22,2026-08-04 13:54:22,2026-08-04 14:23:20,JNY_246014687,USR_38452,STN_JPR_01,Jaipur,MALL,30.1,80.0,76.4,CCS2,90.0,True,38.12,37.05,28.24,28.97,1.026,0.4,0.0,NORMAL,False,False,AFTERNOON,False
CHG_657B8AB902,2026-08-04 13:54:56,2026-08-04 13:54:56,2026-08-04 14:06:20,JNY_174063562,USR_50609,STN_JPR_01,Jaipur,MALL,49.2,80.0,80.0,CCS2,150.0,True,24.64,23.16,10.95,11.41,1.042,0.8,0.0,NORMAL,False,False,AFTERNOON,False
CHG_56FE6F3CA7,2026-08-04 13:58:54,2026-08-04 13:58:54,2026-08-04 15:46:38,JNY_505325952,USR_89217,STN_MUM_02,Mumbai,RESIDENTIAL,36.3,80.0,79.0,TYPE2_AC,22.0,False,34.52,33.25,104.62,107.75,1.03,1.0,0.0,NORMAL,False,False,AFTERNOON,False
CHG_E6F36E0038,2026-08-04 14:05:38,2026-08-04 14:05:38,2026-08-04 14:45:09,JNY_525391781,USR_16820,STN_DEL_02,Delhi,OFFICE,21.0,90.0,78.3,CCS2,120.0,True,54.03,53.76,33.02,39.53,1.197,0.25,9.0,NORMAL,False,False,AFTERNOON,False
CHG_1F3E41AB99,2026-08-04 14:08:28,2026-08-04 14:08:28,2026-08-04 15:10:00,JNY_411157467,USR_15003,STN_JPR_02,Jaipur,HIGHWAY,33.1,85.0,88.7,CCS2,60.0,True,46.04,45.2,53.71,61.55,1.146,0.4,0.0,NORMAL,False,False,AFTERNOON,False
CHG_4ED1D1F929,2026-08-04 14:10:00,2026-08-04 14:10:00,2026-08-04 14:36:01,JNY_275101958,USR_45607,STN_DEL_02,Delhi,OFFICE,31.2,85.0,79.3,CCS2,120.0,True,42.66,40.47,24.89,26.03,1.046,0.5,0.0,NORMAL,False,False,AFTERNOON,False
CHG_7CAE07D307,2026-08-04 14:11:03,2026-08-04 14:11:03,2026-08-04 14:43:33,JNY_894982423,USR_31766,STN_MUM_01,Mumbai,MALL,35.9,85.0,77.7,CCS2,90.0,True,38.15,36.22,29.67,32.5,1.095,0.4,0.0,NORMAL,False,False,AFTERNOON,False
CHG_42F9DF1730,2026-08-04 14:17:13,2026-08-04 14:17:13,2026-08-04 14:33:46,JNY_237454536,USR_34424,STN_DEL_03,Delhi,HIGHWAY,48.2,85.0,73.0,CCS2,120.0,True,26.86,26.6,15.67,16.56,1.057,0.6,0.0,NORMAL,False,False,AFTERNOON,False
CHG_D3CB414A1C,2026-08-04 14:21:29,2026-08-04 14:21:29,2026-08-04 15:00:32,JNY_506677270,USR_20818,STN_JPR_02,Jaipur,HIGHWAY,16.5,90.0,62.6,CCS2,120.0,True,46.01,44.08,28.12,39.06,1.389,0.2,14.0,NORMAL,False,False,AFTERNOON,False
CHG_AF4D68E316,2026-08-04 14:24:13,2026-08-04 14:24:13,2026-08-04 14:56:13,JNY_312947344,USR_64731,STN_GGN_02,Gurugram,MALL,33.8,85.0,58.1,CHAdeMO,75.0,True,29.75,29.3,27.76,32.0,1.153,0.2,4.0,NORMAL,False,False,AFTERNOON,False
CHG_38A4A6C81D,2026-08-04 14:25:38,2026-08-04 14:25:38,2026-08-04 14:42:02,JNY_888031779,USR_29292,STN_GGN_02,Gurugram,MALL,52.3,90.0,65.0,CCS2,120.0,True,24.5,23.54,14.98,16.41,1.095,1.0,0.0,NORMAL,False,False,AFTERNOON,False
CHG_B20E769210,2026-08-04 14:27:15,2026-08-04 14:27:15,2026-08-04 15:14:00,JNY_981513257,USR_42269,STN_MUM_01,Mumbai,MALL,15.5,85.0,72.9,CCS2,90.0,True,50.67,50.09,39.41,46.76,1.186,0.4,7.0,NORMAL,False,False,AFTERNOON,False
CHG_8651C01DFD,2026-08-04 14:30:58,2026-08-04 14:30:58,2026-08-04 17:14:16,JNY_305496647,USR_40841,STN_BLR_01,Bengaluru,OFFICE,55.4,90.0,57.3,TYPE2_AC,11.0,False,19.83,18.56,132.17,163.31,1.236,0.5,0.0,MINOR_SLOWDOWN,True,False,AFTERNOON,False
CHG_5C99C0CDF0,2026-08-04 14:34:42,2026-08-04 14:34:42,2026-08-04 15:25:39,JNY_809376264,USR_22095,STN_MUM_02,Mumbai,RESIDENTIAL,20.2,80.0,58.8,CHAdeMO,50.0,True,35.16,34.06,46.88,50.96,1.087,1.0,0.0,NORMAL,False,False,AFTERNOON,False
CHG_E740696418,2026-08-04 14:36:02,2026-08-04 14:36:02,2026-08-04 15:00:43,JNY_268951577,USR_61550,STN_DEL_01,Delhi,MALL,48.6,80.0,66.6,CCS2,60.0,True,20.91,19.88,23.24,24.7,1.063,0.4,0.0,NORMAL,False,False,AFTERNOON,False
CHG_AA1AD68BA6,2026-08-04 14:45:17,2026-08-04 14:45:17,2026-08-04 15:26:26,JNY_594080153,USR_16119,STN_MUM_01,Mumbai,MALL,28.2,90.0,64.1,CHAdeMO,75.0,True,39.61,39.42,38.73,41.16,1.063,0.6,0.0,NORMAL,False,False,AFTERNOON,False
CHG_318E9C3B48,2026-08-04 14:45:33,2026-08-04 14:45:33,2026-08-04 15:45:49,JNY_758081706,USR_30489,STN_JPR_02,Jaipur,HIGHWAY,17.7,90.0,62.7,CCS2,60.0,True,45.33,43.04,55.41,60.28,1.088,0.6,0.0,NORMAL,False,False,AFTERNOON,False
CHG_5C4498CECC,2026-08-04 14:47:33,2026-08-04 14:47:33,2026-08-04 15:23:18,JNY_700046358,USR_43360,STN_MUM_01,Mumbai,MALL,27.1,95.0,64.4,CCS2,90.0,True,43.73,42.32,37.25,35.76,0.96,0.6,0.0,NORMAL,False,False,AFTERNOON,False
CHG_01E2F0514D,2026-08-04 14:50:15,2026-08-04 14:50:15,2026-08-04 15:32:00,JNY_403821868,USR_18549,STN_BLR_01,Bengaluru,OFFICE,24.4,85.0,89.6,CCS2,120.0,True,54.3,52.01,31.67,41.76,1.318,0.25,11.0,NORMAL,False,False,AFTERNOON,False
CHG_91D4E4EF6A,2026-08-04 14:53:21,2026-08-04 14:53:21,2026-08-04 16:14:36,JNY_344343719,USR_26822,STN_GGN_02,Gurugram,MALL,12.0,80.0,88.2,CCS2,60.0,True,59.98,57.62,66.64,81.25,1.219,0.4,7.0,NORMAL,False,False,AFTERNOON,False
CHG_536944E90D,2026-08-04 14:57:27,2026-08-04 14:57:27,2026-08-04 16:03:07,JNY_233435950,USR_19815,STN_MUM_02,Mumbai,RESIDENTIAL,58.9,85.0,67.9,TYPE2_AC,22.0,False,17.72,17.09,56.39,65.67,1.165,1.0,0.0,MINOR_SLOWDOWN,True,False,AFTERNOON,False
CHG_7DC14CF06D,2026-08-04 15:00:39,2026-08-04 15:00:39,2026-08-04 15:17:30,JNY_493000261,USR_17313,STN_GGN_02,Gurugram,MALL,49.6,85.0,80.3,CCS2,120.0,True,28.43,27.08,16.58,16.86,1.017,0.6,0.0,NORMAL,False,False,AFTERNOON,False
CHG_6D3CCC4DA1,2026-08-04 15:04:29,2026-08-04 15:04:29,2026-08-04 15:23:13,JNY_468342397,USR_15046,STN_GGN_01,Gurugram,OFFICE,36.9,80.0,72.4,CCS2,150.0,True,31.2,31.05,13.87,18.75,1.352,0.25,12.0,NORMAL,False,False,AFTERNOON,False
CHG_D8E2FCE6CD,2026-08-04 15:04:31,2026-08-04 15:04:31,2026-08-04 15:26:09,JNY_463635792,USR_78621,STN_GGN_01,Gurugram,OFFICE,38.3,80.0,66.2,CCS2,120.0,True,27.61,26.43,15.34,21.64,1.411,0.25,2.0,MINOR_SLOWDOWN,True,False,AFTERNOON,False
CHG_09E869ECB1,2026-08-04 15:05:03,2026-08-04 15:05:03,2026-08-04 15:21:51,JNY_565811480,USR_29260,STN_DEL_01,Delhi,MALL,37.7,85.0,60.6,CCS2,150.0,True,28.66,27.69,13.38,16.81,1.257,0.2,4.0,NORMAL,False,False,AFTERNOON,False
CHG_DAC462DC8D,2026-08-04 15:10:58,2026-08-04 15:10:58,2026-08-04 15:49:30,JNY_659830340,USR_23579,STN_JPR_02,Jaipur,HIGHWAY,25.8,85.0,77.5,CCS2,90.0,True,45.88,44.68,35.68,38.54,1.08,0.4,0.0,NORMAL,False,False,AFTERNOON,False
CHG_70A01647B6,2026-08-04 15:12:36,2026-08-04 15:12:36,2026-08-04 21:12:36,JNY_898891167,USR_34027,STN_GGN_01,Gurugram,OFFICE,12.0,85.0,60.3,TYPE2_AC,11.0,False,44.02,42.98,280.12,360.0,1.285,0.25,14.0,POWER_LIMITATION,True,False,AFTERNOON,False
CHG_5573A6E67C,2026-08-04 15:16:25,2026-08-04 15:16:25,2026-08-04 15:43:19,JNY_750424858,USR_36278,STN_DEL_03,Delhi,HIGHWAY,12.5,85.0,64.5,CCS2,120.0,True,46.76,44.23,27.28,26.92,0.987,0.6,0.0,NORMAL,False,False,AFTERNOON,False
CHG_DAF86207D1,2026-08-04 15:19:32,2026-08-04 15:19:32,2026-08-04 16:26:01,JNY_228949806,USR_17441,STN_MUM_02,Mumbai,RESIDENTIAL,37.3,95.0,90.0,CCS2,60.0,True,51.93,49.48,66.36,66.49,1.002,0.5,2.0,NORMAL,False,False,AFTERNOON,False
CHG_DA2F4AF329,2026-08-04 15:26:13,2026-08-04 15:26:13,2026-08-04 15:52:09,JNY_158351241,USR_26407,STN_BLR_01,Bengaluru,OFFICE,31.1,85.0,78.7,CCS2,150.0,True,42.42,40.05,19.8,25.94,1.31,0.5,0.0,MINOR_SLOWDOWN,True,False,AFTERNOON,False
CHG_C03500CFF4,2026-08-04 15:26:57,2026-08-04 15:26:57,2026-08-04 15:54:41,JNY_633040961,USR_64998,STN_BLR_01,Bengaluru,OFFICE,22.0,80.0,56.6,CCS2,120.0,True,32.83,30.22,18.24,27.74,1.521,0.25,15.0,NORMAL,False,True,AFTERNOON,False
CHG_648E262B4B,2026-08-04 15:27:46,2026-08-04 15:27:46,2026-08-04 15:57:07,JNY_140415580,USR_99095,STN_DEL_03,Delhi,HIGHWAY,47.4,80.0,77.4,CCS2,60.0,True,25.23,24.13,28.04,29.35,1.047,0.6,0.0,NORMAL,False,False,AFTERNOON,False
CHG_8205EBB034,2026-08-04 15:29:20,2026-08-04 15:29:20,2026-08-04 16:01:09,JNY_958776324,USR_51478,STN_BLR_01,Bengaluru,OFFICE,41.7,90.0,63.4,CHAdeMO,75.0,True,30.62,29.84,29.94,31.82,1.063,0.5,0.0,NORMAL,False,False,AFTERNOON,False
CHG_4276E809AB,2026-08-04 15:29:54,2026-08-04 15:29:54,2026-08-04 21:25:03,JNY_785293314,USR_34974,STN_DEL_02,Delhi,OFFICE,30.0,85.0,78.1,TYPE2_AC,11.0,False,42.95,41.39,273.35,355.16,1.299,0.25,7.0,NORMAL,False,False,AFTERNOON,False
CHG_2F7A994132,2026-08-04 15:30:14,2026-08-04 15:30:14,2026-08-04 16:26:49,JNY_448552368,USR_43563,STN_DEL_02,Delhi,OFFICE,26.0,80.0,66.8,CHAdeMO,50.0,True,36.07,34.94,48.1,56.59,1.177,0.25,2.0,NORMAL,False,False,AFTERNOON,False
CHG_FDFEE514D6,2026-08-04 15:30:30,2026-08-04 15:30:30,2026-08-04 15:49:29,JNY_630055332,USR_80680,STN_GGN_02,Gurugram,MALL,44.6,85.0,68.6,CCS2,120.0,True,27.71,26.64,16.17,18.99,1.175,0.6,0.0,MINOR_SLOWDOWN,True,False,AFTERNOON,False
CHG_3CABA328DB,2026-08-04 15:35:05,2026-08-04 15:35:05,2026-08-04 16:39:25,JNY_160213365,USR_88232,STN_BLR_01,Bengaluru,OFFICE,32.9,85.0,83.7,CCS2,60.0,True,43.61,40.98,50.88,64.35,1.265,0.25,11.0,NORMAL,False,False,AFTERNOON,False
CHG_630AA9EFA7,2026-08-04 15:41:19,2026-08-04 15:41:19,2026-08-04 16:03:15,JNY_407041714,USR_36670,STN_GGN_01,Gurugram,OFFICE,34.4,80.0,90.0,CCS2,150.0,True,41.04,38.65,18.24,21.95,1.203,0.5,9.0,NORMAL,False,False,AFTERNOON,False
CHG_77140F335B,2026-08-04 15:42:37,2026-08-04 15:42:37,2026-08-04 15:55:52,JNY_929960657,USR_80701,STN_MUM_02,Mumbai,RESIDENTIAL,26.5,80.0,59.4,CCS2,150.0,True,31.78,30.66,14.12,13.26,0.939,1.0,0.0,NORMAL,False,False,AFTERNOON,False
CHG_B0D15A55C8,2026-08-04 15:44:50,2026-08-04 15:44:50,2026-08-04 16:30:05,JNY_353029987,USR_15489,STN_DEL_01,Delhi,MALL,50.9,85.0,80.7,CHAdeMO,50.0,True,27.52,26.25,38.53,45.26,1.175,0.8,0.0,MINOR_SLOWDOWN,True,False,AFTERNOON,False
CHG_BAA2B5EF23,2026-08-04 15:48:32,2026-08-04 15:48:32,2026-08-04 16:10:34,JNY_652142802,USR_72949,STN_DEL_01,Delhi,MALL,40.9,95.0,66.1,CCS2,120.0,True,35.76,34.99,22.85,22.04,0.965,0.8,2.0,NORMAL,False,False,AFTERNOON,False
CHG_A0CEB2F3FF,2026-08-04 15:57:09,2026-08-04 15:57:09,2026-08-04 16:25:46,JNY_588367105,USR_30254,STN_DEL_02,Delhi,OFFICE,58.4,85.0,90.0,CCS2,60.0,True,23.94,22.47,27.93,28.62,1.025,0.75,0.0,NORMAL,False,False,AFTERNOON,False
CHG_0C00325839,2026-08-04 15:58:08,2026-08-04 15:58:08,2026-08-04 16:08:15,JNY_502954591,USR_88789,STN_MUM_02,Mumbai,RESIDENTIAL,54.2,80.0,80.6,CCS2,150.0,True,20.79,20.06,9.24,10.13,1.096,0.75,0.0,NORMAL,False,False,AFTERNOON,False
CHG_CA1E886868,2026-08-04 16:05:35,2026-08-04 16:05:35,2026-08-04 16:48:41,JNY_575507978,USR_42415,STN_GGN_01,Gurugram,OFFICE,37.4,80.0,74.7,CCS2,60.0,True,31.82,30.05,35.36,43.1,1.219,0.5,11.0,NORMAL,False,False,AFTERNOON,False
CHG_37E8DDC33F,2026-08-04 16:06:54,2026-08-04 16:06:54,2026-08-04 16:31:23,JNY_498873222,USR_47229,STN_DEL_01,Delhi,MALL,38.9,90.0,68.3,CCS2,120.0,True,34.9,33.38,21.33,24.48,1.148,0.4,5.0,NORMAL,False,False,AFTERNOON,False
CHG_F7A4B16FE1,2026-08-04 16:08:05,2026-08-04 16:08:05,2026-08-04 16:25:33,JNY_151011474,USR_44879,STN_GGN_02,Gurugram,MALL,46.1,80.0,87.4,CCS2,150.0,True,29.63,28.74,13.17,17.47,1.327,0.4,4.0,MINOR_SLOWDOWN,True,False,AFTERNOON,False
CHG_C33EA22318,2026-08-04 16:19:03,2026-08-04 16:19:03,2026-08-04 17:02:56,JNY_866636891,USR_29879,STN_MUM_01,Mumbai,MALL,12.6,80.0,90.0,CCS2,90.0,True,60.66,58.92,44.93,43.89,0.977,0.6,0.0,NORMAL,False,False,AFTERNOON,False
CHG_A684D96E90,2026-08-04 16:23:44,2026-08-04 16:23:44,2026-08-04 17:00:26,JNY_588691591,USR_33054,STN_GGN_01,Gurugram,OFFICE,25.9,85.0,81.7,CCS2,120.0,True,48.28,47.43,28.17,36.71,1.303,0.25,9.0,NORMAL,False,False,AFTERNOON,False
CHG_DC16FA34BB,2026-08-04 16:30:55,2026-08-04 16:30:55,2026-08-04 17:12:55,JNY_950334254,USR_29625,STN_BLR_01,Bengaluru,OFFICE,20.8,80.0,77.5,CCS2,90.0,True,45.88,44.94,33.99,42.0,1.236,0.25,7.0,NORMAL,False,False,AFTERNOON,False
CHG_0E84C4DA5A,2026-08-04 16:31:17,2026-08-04 16:31:17,2026-08-04 21:35:04,JNY_498664928,USR_69862,STN_JPR_02,Jaipur,HIGHWAY,29.7,80.0,82.7,TYPE2_AC,11.0,False,41.6,39.95,252.11,303.79,1.205,0.2,7.0,NORMAL,False,False,AFTERNOON,False
CHG_9B51939678,2026-08-04 16:31:50,2026-08-04 16:31:50,2026-08-04 17:15:21,JNY_654541381,USR_71494,STN_BLR_01,Bengaluru,OFFICE,31.1,85.0,64.9,CHAdeMO,75.0,True,34.98,33.85,32.65,43.53,1.333,0.5,11.0,NORMAL,False,False,AFTERNOON,False
CHG_AB6C936319,2026-08-04 16:32:41,2026-08-04 16:32:41,2026-08-04 17:10:40,JNY_372993746,USR_66559,STN_MUM_02,Mumbai,RESIDENTIAL,24.8,90.0,58.1,CHAdeMO,75.0,True,37.88,35.48,37.04,37.98,1.026,1.0,0.0,NORMAL,False,False,AFTERNOON,False
CHG_4A7FA93B9A,2026-08-04 16:33:49,2026-08-04 16:33:49,2026-08-04 17:48:12,JNY_660972149,USR_55823,STN_DEL_03,Delhi,HIGHWAY,17.1,85.0,63.2,CHAdeMO,50.0,True,42.91,41.68,60.08,74.39,1.238,0.2,4.0,NORMAL,False,False,AFTERNOON,False
CHG_7E32B47A67,2026-08-04 16:34:36,2026-08-04 16:34:36,2026-08-04 20:07:57,JNY_891855162,USR_41070,STN_JPR_01,Jaipur,MALL,19.9,85.0,84.8,TYPE2_AC,22.0,False,55.2,52.07,175.65,213.36,1.215,0.2,5.0,NORMAL,False,False,AFTERNOON,False
CHG_D525627720,2026-08-04 16:35:14,2026-08-04 16:35:14,2026-08-04 16:48:44,JNY_886946456,USR_67540,STN_JPR_01,Jaipur,MALL,37.4,80.0,65.9,CCS2,150.0,True,28.07,27.2,12.48,13.51,1.083,0.4,0.0,NORMAL,False,False,AFTERNOON,False
CHG_02A0F3D3B6,2026-08-04 16:37:57,2026-08-04 16:37:57,2026-08-04 17:21:20,JNY_284536069,USR_57519,STN_DEL_03,Delhi,HIGHWAY,40.9,90.0,90.0,CCS2,90.0,True,44.19,42.6,36.01,43.39,1.205,0.2,6.0,NORMAL,False,False,AFTERNOON,False
CHG_A06CFC53DD,2026-08-04 16:39:16,2026-08-04 16:39:16,2026-08-04 17:15:10,JNY_471574241,USR_17018,STN_DEL_01,Delhi,MALL,31.6,90.0,80.1,CCS2,120.0,True,46.78,45.16,28.59,35.9,1.256,0.2,9.0,NORMAL,False,False,AFTERNOON,False
CHG_308F47AB5A,2026-08-04 16:39:57,2026-08-04 16:39:57,2026-08-04 17:20:04,JNY_365962547,USR_71799,STN_MUM_02,Mumbai,RESIDENTIAL,16.9,85.0,90.0,CCS2,120.0,True,61.29,58.54,35.75,40.13,1.122,0.5,0.0,NORMAL,False,False,AFTERNOON,False
CHG_8B2AF02E7D,2026-08-04 16:40:39,2026-08-04 16:40:39,2026-08-04 17:58:30,JNY_700906937,USR_32006,STN_MUM_02,Mumbai,RESIDENTIAL,50.9,80.0,82.2,TYPE2_AC,22.0,False,23.92,22.73,72.49,77.86,1.074,0.75,4.0,NORMAL,False,False,AFTERNOON,False
CHG_C8699641C2,2026-08-04 16:43:36,2026-08-04 16:43:36,2026-08-04 17:38:00,JNY_548160392,USR_77321,STN_DEL_01,Delhi,MALL,21.8,85.0,61.1,CHAdeMO,50.0,True,38.62,36.65,54.06,54.4,1.006,0.6,0.0,NORMAL,False,False,AFTERNOON,False
CHG_714FD9435D,2026-08-04 16:51:29,2026-08-04 16:51:29,2026-08-04 21:34:15,JNY_382489602,USR_84416,STN_JPR_02,Jaipur,HIGHWAY,21.1,85.0,71.7,TYPE2_AC,11.0,False,45.82,43.96,291.56,282.77,0.97,0.4,0.0,NORMAL,False,False,AFTERNOON,False
CHG_383ED6FB65,2026-08-04 16:51:34,2026-08-04 16:51:34,2026-08-04 17:12:43,JNY_868293775,USR_19713,STN_DEL_01,Delhi,MALL,51.4,90.0,62.6,CCS2,120.0,True,24.16,23.52,14.77,21.16,1.433,0.4,0.0,POWER_LIMITATION,True,False,AFTERNOON,False
CHG_FBEB9CE1A0,2026-08-04 16:52:33,2026-08-04 16:52:33,2026-08-04 20:45:47,JNY_558231805,USR_20342,STN_MUM_01,Mumbai,MALL,42.3,85.0,80.4,TYPE2_AC,11.0,False,34.33,33.4,218.47,233.25,1.068,0.4,0.0,NORMAL,False,False,AFTERNOON,False
CHG_73AD7D73B1,2026-08-04 16:59:56,2026-08-04 16:59:56,2026-08-04 17:44:47,JNY_836814900,USR_47904,STN_MUM_01,Mumbai,MALL,35.9,80.0,66.0,CHAdeMO,50.0,True,29.11,28.02,38.81,44.86,1.156,0.4,9.0,NORMAL,False,False,AFTERNOON,False
CHG_1C13F01E2D,2026-08-04 17:04:19,2026-08-04 17:04:19,2026-08-04 18:08:21,JNY_755614465,USR_92306,STN_DEL_03,Delhi,HIGHWAY,14.3,85.0,70.0,CCS2,90.0,True,49.49,47.39,38.49,64.04,1.664,0.2,5.0,POWER_LIMITATION,True,True,EVENING,False
CHG_B55556C8B0,2026-08-04 17:05:18,2026-08-04 17:05:18,2026-08-04 17:58:00,JNY_165113632,USR_77843,STN_GGN_02,Gurugram,MALL,44.5,85.0,74.4,CHAdeMO,50.0,True,30.13,29.43,42.18,52.71,1.25,0.4,10.0,NORMAL,False,False,EVENING,False
CHG_07915CA10F,2026-08-04 17:07:09,2026-08-04 17:07:09,2026-08-04 18:38:04,JNY_652155021,USR_80400,STN_GGN_02,Gurugram,MALL,13.7,90.0,69.7,CHAdeMO,50.0,True,53.18,50.7,78.0,90.92,1.166,0.2,2.0,NORMAL,False,False,EVENING,False
CHG_0A2403E09E,2026-08-04 17:08:52,2026-08-04 17:08:52,2026-08-04 17:50:57,JNY_173088745,USR_74224,STN_MUM_01,Mumbai,MALL,17.8,80.0,80.6,CCS2,120.0,True,50.13,48.54,27.85,42.1,1.511,0.2,7.0,MINOR_SLOWDOWN,True,True,EVENING,False
CHG_6ED5869296,2026-08-04 17:09:11,2026-08-04 17:09:11,2026-08-04 17:31:40,JNY_767926726,USR_93784,STN_JPR_01,Jaipur,MALL,22.7,85.0,78.5,CCS2,150.0,True,48.91,46.69,22.82,22.49,0.985,0.4,0.0,NORMAL,False,False,EVENING,False
CHG_22CDA1B8C4,2026-08-04 17:12:45,2026-08-04 17:12:45,2026-08-04 19:26:09,JNY_952485106,USR_68941,STN_MUM_01,Mumbai,MALL,16.9,85.0,54.5,TYPE2_AC,22.0,False,37.11,35.27,118.09,133.41,1.13,0.2,5.0,NORMAL,False,False,EVENING,False
CHG_CFA0D2BBC1,2026-08-04 17:13:11,2026-08-04 17:13:11,2026-08-04 18:30:28,JNY_358964103,USR_67670,STN_GGN_02,Gurugram,MALL,18.8,85.0,88.2,CCS2,60.0,True,58.39,55.49,68.12,77.28,1.135,0.4,8.0,NORMAL,False,False,EVENING,False
CHG_EDDD1F82F2,2026-08-04 17:15:49,2026-08-04 17:15:49,2026-08-04 18:32:13,JNY_300379795,USR_43812,STN_GGN_01,Gurugram,OFFICE,11.8,85.0,80.3,CCS2,60.0,True,58.78,56.24,68.58,76.41,1.114,0.25,3.0,NORMAL,False,False,EVENING,False
CHG_6A75D913CC,2026-08-04 17:18:24,2026-08-04 17:18:24,2026-08-04 18:10:42,JNY_849739670,USR_31087,STN_GGN_01,Gurugram,OFFICE,18.7,80.0,75.7,CHAdeMO,75.0,True,46.4,44.12,41.25,52.31,1.268,0.25,2.0,NORMAL,False,False,EVENING,False
CHG_78A7288BEB,2026-08-04 17:24:45,2026-08-04 17:24:45,2026-08-04 17:45:39,JNY_995114947,USR_70078,STN_MUM_02,Mumbai,RESIDENTIAL,44.4,80.0,78.0,CCS2,90.0,True,27.77,26.78,20.57,20.91,1.017,0.75,0.0,NORMAL,False,False,EVENING,False
CHG_D397E4EEB6,2026-08-04 17:26:13,2026-08-04 17:26:13,2026-08-04 19:14:57,JNY_841608236,USR_61525,STN_MUM_01,Mumbai,MALL,44.3,85.0,78.2,TYPE2_AC,22.0,False,31.83,30.37,101.27,108.74,1.074,0.6,0.0,NORMAL,False,False,EVENING,False
CHG_BBA708D2C2,2026-08-04 17:26:43,2026-08-04 17:26:43,2026-08-04 18:09:57,JNY_523164324,USR_54622,STN_MUM_01,Mumbai,MALL,19.5,80.0,90.0,CCS2,90.0,True,54.45,53.13,40.33,43.25,1.072,0.6,0.0,NORMAL,False,False,EVENING,False
CHG_E5B1C6D86B,2026-08-04 17:33:24,2026-08-04 17:33:24,2026-08-04 18:00:26,JNY_813645320,USR_91247,STN_DEL_02,Delhi,OFFICE,23.9,95.0,73.0,CCS2,150.0,True,51.9,48.94,26.53,27.05,1.02,0.5,0.0,NORMAL,False,False,EVENING,False
CHG_18B3E8282C,2026-08-04 17:35:02,2026-08-04 17:35:02,2026-08-04 18:01:13,JNY_279989100,USR_18051,STN_MUM_02,Mumbai,RESIDENTIAL,46.8,85.0,66.8,CHAdeMO,75.0,True,25.52,24.16,23.82,26.19,1.1,1.0,0.0,NORMAL,False,False,EVENING,False
CHG_4D2E7D89A5,2026-08-04 17:40:37,2026-08-04 17:40:37,2026-08-04 17:59:33,JNY_477168880,USR_87393,STN_GGN_02,Gurugram,MALL,34.6,80.0,55.2,CCS2,90.0,True,25.06,24.51,18.56,18.95,1.021,0.4,0.0,NORMAL,False,False,EVENING,False
CHG_25C2BD08CA,2026-08-04 17:50:31,2026-08-04 17:50:31,2026-08-04 18:06:00,JNY_101311298,USR_60606,STN_MUM_02,Mumbai,RESIDENTIAL,49.7,85.0,86.8,CCS2,150.0,True,30.64,29.08,14.3,15.5,1.084,0.75,0.0,NORMAL,False,False,EVENING,False
CHG_80556733EC,2026-08-04 17:55:25,2026-08-04 17:55:25,2026-08-04 18:33:12,JNY_957494248,USR_65131,STN_MUM_02,Mumbai,RESIDENTIAL,37.1,80.0,74.4,CCS2,60.0,True,31.92,30.78,35.46,37.79,1.066,1.0,0.0,NORMAL,False,False,EVENING,False
CHG_2DC57939B4,2026-08-04 17:57:16,2026-08-04 17:57:16,2026-08-04 18:29:55,JNY_900127060,USR_13896,STN_JPR_02,Jaipur,HIGHWAY,27.6,85.0,72.0,CCS2,120.0,True,41.33,40.54,24.11,32.66,1.355,0.2,6.0,NORMAL,False,False,EVENING,False
CHG_6A5BFE8D1A,2026-08-04 18:05:03,2026-08-04 18:05:03,2026-08-04 18:35:27,JNY_133340913,USR_70320,STN_DEL_03,Delhi,HIGHWAY,20.2,85.0,90.0,CCS2,150.0,True,58.32,56.47,27.22,30.42,1.118,0.4,3.0,NORMAL,False,False,EVENING,False
CHG_313E563BC0,2026-08-04 18:15:05,2026-08-04 18:15:05,2026-08-04 20:19:31,JNY_956010314,USR_24409,STN_MUM_01,Mumbai,MALL,33.3,85.0,76.3,TYPE2_AC,22.0,False,39.45,38.83,125.51,124.44,0.991,0.6,0.0,NORMAL,False,False,EVENING,False
CHG_4B21FF9542,2026-08-04 18:29:49,2026-08-04 18:29:49,2026-08-04 18:53:24,JNY_490615834,USR_61162,STN_DEL_01,Delhi,MALL,42.9,80.0,90.0,CCS2,120.0,True,33.39,31.72,18.55,23.59,1.272,0.4,0.0,MINOR_SLOWDOWN,True,False,EVENING,False
CHG_DAE0DF0306,2026-08-04 18:32:58,2026-08-04 18:32:58,2026-08-04 18:49:17,JNY_991488101,USR_10782,STN_MUM_02,Mumbai,RESIDENTIAL,40.1,90.0,57.4,CCS2,120.0,True,28.64,27.58,17.5,16.33,0.933,0.75,0.0,NORMAL,False,False,EVENING,False
CHG_21D26EE63A,2026-08-04 18:41:09,2026-08-04 18:41:09,2026-08-04 20:15:47,JNY_454912308,USR_43714,STN_BLR_01,Bengaluru,OFFICE,19.4,90.0,89.8,CCS2,60.0,True,63.4,59.87,77.49,94.64,1.221,0.25,8.0,NORMAL,False,False,EVENING,False
CHG_80A42EFB0A,2026-08-04 18:45:03,2026-08-04 18:45:03,2026-08-04 19:10:12,JNY_371134963,USR_24678,STN_JPR_01,Jaipur,MALL,36.8,90.0,70.6,CCS2,120.0,True,37.56,35.91,22.95,25.17,1.096,0.2,3.0,NORMAL,False,False,EVENING,False
CHG_7D98EF7FA6,2026-08-04 18:47:13,2026-08-04 18:47:13,2026-08-05 00:47:13,JNY_750725322,USR_32839,STN_MUM_01,Mumbai,MALL,23.3,85.0,74.1,TYPE2_AC,11.0,False,45.72,44.93,290.94,360.0,1.237,0.2,13.0,NORMAL,False,False,EVENING,False
CHG_20CF7319C7,2026-08-04 18:48:58,2026-08-04 18:48:58,2026-08-04 20:29:42,JNY_722762580,USR_12944,STN_DEL_01,Delhi,MALL,28.3,95.0,66.8,CHAdeMO,50.0,True,44.56,42.45,68.32,100.75,1.475,0.2,17.0,NORMAL,False,False,EVENING,False
CHG_4957F5AF9D,2026-08-04 18:50:07,2026-08-04 18:50:07,2026-08-04 19:54:06,JNY_546855697,USR_99110,STN_JPR_01,Jaipur,MALL,33.7,80.0,87.2,CHAdeMO,50.0,True,40.37,39.88,53.83,64.0,1.189,0.2,7.0,NORMAL,False,False,EVENING,False
CHG_AFB63D2C7F,2026-08-04 18:51:54,2026-08-04 18:51:54,2026-08-04 19:12:13,JNY_860841567,USR_90486,STN_MUM_02,Mumbai,RESIDENTIAL,53.7,80.0,88.3,CCS2,90.0,True,23.22,21.41,17.2,20.33,1.182,0.25,3.0,NORMAL,False,False,EVENING,False
CHG_AE93CA75E1,2026-08-04 18:52:27,2026-08-04 18:52:27,2026-08-04 19:00:40,JNY_619497668,USR_43304,STN_MUM_01,Mumbai,MALL,62.2,80.0,55.4,CCS2,120.0,True,9.86,9.53,5.48,8.22,1.501,0.0,11.0,NORMAL,False,True,EVENING,False
CHG_1998EF12E7,2026-08-04 18:52:58,2026-08-04 18:52:58,2026-08-04 19:23:56,JNY_908303034,USR_16502,STN_MUM_02,Mumbai,RESIDENTIAL,46.9,85.0,79.5,CHAdeMO,75.0,True,30.29,28.78,28.27,30.97,1.095,0.75,2.0,NORMAL,False,False,EVENING,False
CHG_24D7CA89C1,2026-08-04 19:05:48,2026-08-04 19:05:48,2026-08-04 19:31:08,JNY_609398911,USR_82439,STN_GGN_02,Gurugram,MALL,21.7,80.0,66.3,CCS2,120.0,True,38.65,37.11,21.47,25.34,1.18,0.2,4.0,NORMAL,False,False,EVENING,False
CHG_90486A39E8,2026-08-04 19:06:46,2026-08-04 19:06:46,2026-08-04 19:44:49,JNY_960843596,USR_70477,STN_MUM_01,Mumbai,MALL,35.6,80.0,90.0,CCS2,90.0,True,39.96,38.58,29.6,38.05,1.286,0.2,5.0,NORMAL,False,False,EVENING,False
CHG_989382DA8A,2026-08-04 19:08:40,2026-08-04 19:08:40,2026-08-04 19:38:01,JNY_415705526,USR_63572,STN_DEL_03,Delhi,HIGHWAY,43.4,85.0,80.3,CCS2,90.0,True,33.4,31.71,25.98,29.37,1.13,0.2,3.0,NORMAL,False,False,EVENING,False
CHG_1B65F82D14,2026-08-04 19:09:38,2026-08-04 19:09:38,2026-08-04 19:56:51,JNY_763957495,USR_85975,STN_JPR_02,Jaipur,HIGHWAY,42.1,80.0,79.3,CCS2,60.0,True,30.05,29.11,33.39,47.23,1.414,0.2,10.0,NORMAL,False,False,EVENING,False
CHG_D63ABCC1EB,2026-08-04 19:09:38,2026-08-04 19:09:38,2026-08-04 19:54:53,JNY_182270133,USR_94954,STN_BLR_01,Bengaluru,OFFICE,35.4,85.0,66.9,CHAdeMO,50.0,True,33.18,31.93,46.46,45.26,0.974,0.75,0.0,NORMAL,False,False,EVENING,False
CHG_27A6B8A60B,2026-08-04 19:14:44,2026-08-04 19:14:44,2026-08-04 19:54:13,JNY_258146251,USR_78004,STN_DEL_01,Delhi,MALL,21.3,90.0,74.6,CCS2,120.0,True,51.25,48.77,31.32,39.49,1.261,0.2,7.0,NORMAL,False,False,EVENING,False
CHG_C5F6E95676,2026-08-04 19:15:10,2026-08-04 19:15:10,2026-08-04 20:05:06,JNY_192588884,USR_77489,STN_DEL_01,Delhi,MALL,36.1,95.0,86.8,CCS2,120.0,True,51.13,49.15,32.66,49.94,1.529,0.0,45.0,NORMAL,False,True,EVENING,False
CHG_C5D09E7AED,2026-08-04 19:17:24,2026-08-04 19:17:24,2026-08-04 19:47:14,JNY_779258007,USR_63408,STN_DEL_02,Delhi,OFFICE,47.8,90.0,79.3,CCS2,90.0,True,33.46,32.3,27.27,29.84,1.094,0.75,0.0,NORMAL,False,False,EVENING,False
CHG_BC1BF888D8,2026-08-04 19:17:41,2026-08-04 19:17:41,2026-08-04 20:12:33,JNY_186290979,USR_19660,STN_DEL_02,Delhi,OFFICE,39.7,85.0,89.2,CHAdeMO,50.0,True,40.41,38.71,56.57,54.88,0.97,1.0,0.0,NORMAL,False,False,EVENING,False
CHG_EFC15492D0,2026-08-04 19:23:11,2026-08-04 19:23:11,2026-08-04 19:39:39,JNY_550422469,USR_19220,STN_JPR_01,Jaipur,MALL,60.3,85.0,64.6,CCS2,90.0,True,15.96,14.96,12.41,16.48,1.328,0.2,5.0,NORMAL,False,False,EVENING,False
CHG_24CCC426ED,2026-08-04 19:28:39,2026-08-04 19:28:39,2026-08-04 20:12:19,JNY_107834161,USR_32086,STN_JPR_02,Jaipur,HIGHWAY,34.7,80.0,61.5,CHAdeMO,50.0,True,27.86,27.05,37.15,43.68,1.176,0.2,7.0,NORMAL,False,False,EVENING,False
CHG_5CB2D8E74F,2026-08-04 19:35:25,2026-08-04 19:35:25,2026-08-04 20:20:45,JNY_330522185,USR_62589,STN_DEL_02,Delhi,OFFICE,48.7,90.0,86.9,CCS2,60.0,True,35.89,33.88,43.87,45.34,1.034,0.5,0.0,NORMAL,False,False,EVENING,False
CHG_00BED66118,2026-08-04 19:36:28,2026-08-04 19:36:28,2026-08-04 19:50:55,JNY_175379858,USR_39806,STN_DEL_01,Delhi,MALL,53.6,90.0,61.7,CCS2,120.0,True,22.46,21.54,13.72,14.45,1.053,0.4,0.0,NORMAL,False,False,EVENING,False
CHG_59C0F0F7D3,2026-08-04 19:41:09,2026-08-04 19:41:09,2026-08-04 20:15:51,JNY_787792715,USR_20415,STN_GGN_01,Gurugram,OFFICE,19.6,80.0,71.8,CCS2,90.0,True,43.37,41.6,32.12,34.71,1.08,1.0,4.0,NORMAL,False,False,EVENING,False
CHG_810E032B55,2026-08-04 19:41:42,2026-08-04 19:41:42,2026-08-04 20:35:17,JNY_825774913,USR_10421,STN_BLR_01,Bengaluru,OFFICE,25.0,80.0,75.8,CHAdeMO,50.0,True,41.69,40.8,55.59,53.59,0.964,0.75,0.0,NORMAL,False,False,EVENING,False
CHG_9022FC02AB,2026-08-04 19:42:26,2026-08-04 19:42:26,2026-08-04 20:15:35,JNY_769940067,USR_21663,STN_JPR_02,Jaipur,HIGHWAY,39.3,90.0,83.3,CCS2,120.0,True,42.23,39.91,25.81,33.15,1.285,0.2,6.0,NORMAL,False,False,EVENING,False
CHG_4A38191276,2026-08-04 19:49:33,2026-08-04 19:49:33,2026-08-04 20:13:53,JNY_268627379,USR_98255,STN_DEL_02,Delhi,OFFICE,19.3,80.0,77.1,CCS2,120.0,True,46.8,45.3,26.0,24.34,0.936,0.75,0.0,NORMAL,False,False,EVENING,False
CHG_0B3A43CD5D,2026-08-04 19:55:21,2026-08-04 19:55:21,2026-08-04 20:39:31,JNY_998344700,USR_52814,STN_MUM_01,Mumbai,MALL,39.3,85.0,64.7,CCS2,60.0,True,29.57,27.96,34.5,44.17,1.281,0.2,8.0,NORMAL,False,False,EVENING,False
CHG_EBD5D928F3,2026-08-04 19:58:13,2026-08-04 19:58:13,2026-08-05 01:14:31,JNY_844746828,USR_50524,STN_DEL_02,Delhi,OFFICE,27.2,80.0,82.2,TYPE2_AC,11.0,False,43.4,41.68,263.04,316.3,1.202,1.0,0.0,MINOR_SLOWDOWN,True,False,EVENING,False
CHG_D86B31BE29,2026-08-04 20:02:19,2026-08-04 20:02:19,2026-08-04 20:36:46,JNY_570690552,USR_74587,STN_BLR_01,Bengaluru,OFFICE,37.9,85.0,84.8,CHAdeMO,75.0,True,39.94,38.7,37.28,34.46,0.924,1.0,0.0,NORMAL,False,False,EVENING,False
CHG_7DDEB6442C,2026-08-04 20:03:00,2026-08-04 20:03:00,2026-08-04 21:01:29,JNY_553317473,USR_39708,STN_GGN_02,Gurugram,MALL,17.5,80.0,63.3,CHAdeMO,50.0,True,39.56,38.62,52.75,58.48,1.109,0.4,0.0,NORMAL,False,False,EVENING,False
CHG_2E6E8A6CF9,2026-08-04 20:05:38,2026-08-04 20:05:38,2026-08-04 20:40:42,JNY_827609793,USR_76621,STN_GGN_02,Gurugram,MALL,25.7,80.0,62.2,CCS2,90.0,True,33.77,32.57,25.02,35.07,1.402,0.2,10.0,NORMAL,False,False,EVENING,False
CHG_008532FC0A,2026-08-04 20:11:45,2026-08-04 20:11:45,2026-08-04 20:29:26,JNY_635793887,USR_40216,STN_DEL_02,Delhi,OFFICE,36.6,85.0,58.4,CCS2,120.0,True,28.27,27.46,16.49,17.69,1.073,0.75,0.0,NORMAL,False,False,EVENING,False
CHG_CDF042EFC9,2026-08-04 20:14:32,2026-08-04 20:14:32,2026-08-04 21:09:51,JNY_247558093,USR_74572,STN_GGN_01,Gurugram,OFFICE,19.0,85.0,80.8,CHAdeMO,75.0,True,53.33,52.55,49.77,55.32,1.112,0.5,6.0,NORMAL,False,False,EVENING,False
CHG_2A2D84CD24,2026-08-04 20:18:39,2026-08-04 20:18:39,2026-08-05 00:06:07,JNY_717368885,USR_85162,STN_DEL_02,Delhi,OFFICE,17.5,80.0,61.3,TYPE2_AC,11.0,False,38.31,36.97,232.2,227.47,0.98,1.0,0.0,NORMAL,False,False,EVENING,False
CHG_D5BB21B2F3,2026-08-04 20:26:07,2026-08-04 20:26:07,2026-08-04 20:57:26,JNY_960727074,USR_43924,STN_DEL_01,Delhi,MALL,37.6,95.0,67.8,CCS2,120.0,True,38.92,36.6,24.86,31.32,1.26,0.4,7.0,NORMAL,False,False,EVENING,False
CHG_6E729458C9,2026-08-04 20:38:45,2026-08-04 20:38:45,2026-08-04 21:00:07,JNY_708960774,USR_30776,STN_GGN_02,Gurugram,MALL,36.3,90.0,66.6,CCS2,120.0,True,35.76,34.19,21.86,21.38,0.978,0.8,0.0,NORMAL,False,False,EVENING,False
CHG_01AA9163D2,2026-08-04 20:42:10,2026-08-04 20:42:10,2026-08-04 21:18:41,JNY_514232581,USR_38124,STN_DEL_02,Delhi,OFFICE,37.7,85.0,87.0,CCS2,90.0,True,41.15,39.33,32.01,36.52,1.141,0.5,3.0,NORMAL,False,False,EVENING,False
CHG_3A920A5EE0,2026-08-04 20:43:16,2026-08-04 20:43:16,2026-08-04 21:05:35,JNY_218469437,USR_13781,STN_GGN_02,Gurugram,MALL,46.1,80.0,86.5,CCS2,90.0,True,29.32,28.05,21.72,22.32,1.028,0.4,0.0,NORMAL,False,False,EVENING,False
CHG_3CD5C61894,2026-08-04 20:43:59,2026-08-04 20:43:59,2026-08-04 21:03:45,JNY_957484749,USR_45273,STN_MUM_01,Mumbai,MALL,36.2,80.0,60.7,CCS2,90.0,True,26.59,25.52,19.69,19.77,1.004,0.4,0.0,NORMAL,False,False,EVENING,False
CHG_BD7247A59A,2026-08-04 20:45:27,2026-08-04 20:45:27,2026-08-04 21:18:15,JNY_740626296,USR_65312,STN_BLR_01,Bengaluru,OFFICE,20.6,80.0,84.9,CHAdeMO,100.0,True,50.43,47.01,33.62,32.81,0.976,0.75,0.0,NORMAL,False,False,EVENING,False
CHG_55749CCE4C,2026-08-04 20:45:39,2026-08-04 20:45:39,2026-08-04 21:19:14,JNY_902177113,USR_25792,STN_MUM_02,Mumbai,RESIDENTIAL,23.8,80.0,62.6,CCS2,90.0,True,35.18,33.34,26.06,33.59,1.289,0.25,4.0,NORMAL,False,False,EVENING,False
CHG_207A0BE616,2026-08-04 20:49:04,2026-08-04 20:49:04,2026-08-04 21:17:12,JNY_704503491,USR_81831,STN_DEL_03,Delhi,HIGHWAY,28.7,85.0,72.2,CCS2,120.0,True,40.65,39.3,23.71,28.14,1.187,0.6,0.0,MINOR_SLOWDOWN,True,False,EVENING,False
CHG_97EF878921,2026-08-04 20:50:30,2026-08-04 20:50:30,2026-08-04 21:22:23,JNY_698940419,USR_76198,STN_BLR_01,Bengaluru,OFFICE,27.5,90.0,62.3,CCS2,90.0,True,38.94,37.25,31.73,31.89,1.005,0.5,2.0,NORMAL,False,False,EVENING,False
CHG_39A6B75F50,2026-08-04 20:52:55,2026-08-04 20:52:55,2026-08-05 02:52:55,JNY_622684542,USR_11575,STN_BLR_01,Bengaluru,OFFICE,26.2,80.0,81.4,TYPE2_AC,7.2,False,43.79,42.33,405.49,360.0,0.888,1.0,0.0,NORMAL,False,False,EVENING,False
CHG_454392992D,2026-08-04 20:53:59,2026-08-04 20:53:59,2026-08-04 21:29:41,JNY_879372840,USR_25293,STN_BLR_01,Bengaluru,OFFICE,30.5,95.0,60.5,CCS2,90.0,True,39.02,37.67,33.24,35.71,1.074,0.75,0.0,NORMAL,False,False,EVENING,False
CHG_3C1D70529A,2026-08-04 20:55:49,2026-08-04 20:55:49,2026-08-05 00:36:16,JNY_945503896,USR_63642,STN_DEL_02,Delhi,OFFICE,25.1,85.0,58.3,TYPE2_AC,11.0,False,34.92,34.2,222.23,220.46,0.992,0.75,0.0,NORMAL,False,False,EVENING,False
CHG_C8561C2480,2026-08-04 20:58:59,2026-08-04 20:58:59,2026-08-05 02:11:35,JNY_232163709,USR_97771,STN_DEL_01,Delhi,MALL,31.4,95.0,74.7,TYPE2_AC,11.0,False,47.51,46.21,331.12,312.61,0.944,0.6,0.0,NORMAL,False,False,EVENING,False
CHG_BF9AB9765D,2026-08-04 21:04:23,2026-08-04 21:04:23,2026-08-04 21:43:18,JNY_363539430,USR_33519,STN_JPR_01,Jaipur,MALL,19.6,80.0,83.8,CCS2,120.0,True,50.62,48.32,28.12,38.93,1.385,0.2,12.0,NORMAL,False,False,NIGHT,False
CHG_C9229AFB32,2026-08-04 21:04:45,2026-08-04 21:04:45,2026-08-04 23:42:18,JNY_672623654,USR_49741,STN_GGN_01,Gurugram,OFFICE,49.1,80.0,84.1,TYPE2_AC,11.0,False,25.99,24.9,157.5,157.56,1.0,1.0,0.0,NORMAL,False,False,NIGHT,False
CHG_008BE10050,2026-08-04 21:07:11,2026-08-04 21:07:11,2026-08-05 00:14:00,JNY_460261539,USR_73702,STN_MUM_02,Mumbai,RESIDENTIAL,20.9,80.0,87.6,TYPE2_AC,22.0,False,51.77,49.37,156.88,186.82,1.191,0.25,2.0,NORMAL,False,False,NIGHT,False
CHG_8EFC41F510,2026-08-04 21:11:40,2026-08-04 21:11:40,2026-08-04 21:26:34,JNY_243056573,USR_22793,STN_DEL_02,Delhi,OFFICE,41.5,80.0,83.6,CCS2,150.0,True,32.19,30.36,14.3,14.92,1.043,0.75,0.0,NORMAL,False,False,NIGHT,False
CHG_946D43A57F,2026-08-04 21:16:10,2026-08-04 21:16:10,2026-08-04 21:39:42,JNY_616180750,USR_72837,STN_MUM_01,Mumbai,MALL,44.9,80.0,88.9,CCS2,120.0,True,31.2,29.63,17.34,23.55,1.358,0.2,24.0,NORMAL,False,False,NIGHT,False
CHG_6E2CF7181B,2026-08-04 21:27:07,2026-08-04 21:27:07,2026-08-04 21:52:50,JNY_521881380,USR_66121,STN_DEL_02,Delhi,OFFICE,59.1,90.0,57.6,CHAdeMO,50.0,True,17.8,16.25,26.1,25.73,0.986,0.75,0.0,NORMAL,False,False,NIGHT,False
CHG_5B227F0565,2026-08-04 21:29:12,2026-08-04 21:29:12,2026-08-04 22:06:27,JNY_564724470,USR_61305,STN_DEL_02,Delhi,OFFICE,37.2,85.0,55.1,CHAdeMO,50.0,True,26.34,25.27,36.87,37.25,1.01,1.0,0.0,NORMAL,False,False,NIGHT,False
CHG_41A3D51B7C,2026-08-04 21:31:07,2026-08-04 21:31:07,2026-08-04 21:47:55,JNY_584914394,USR_57220,STN_JPR_01,Jaipur,MALL,46.4,85.0,77.9,CCS2,120.0,True,30.07,29.06,17.54,16.81,0.959,0.6,0.0,NORMAL,False,False,NIGHT,False
CHG_732A594461,2026-08-04 21:32:52,2026-08-04 21:32:52,2026-08-04 22:38:58,JNY_526867819,USR_92293,STN_DEL_02,Delhi,OFFICE,12.6,80.0,75.8,CCS2,60.0,True,51.09,47.8,56.77,66.11,1.165,0.75,0.0,MINOR_SLOWDOWN,True,False,NIGHT,False
CHG_B487E2760C,2026-08-04 21:33:34,2026-08-04 21:33:34,2026-08-05 00:55:31,JNY_567201052,USR_33402,STN_MUM_01,Mumbai,MALL,14.5,80.0,90.0,TYPE2_AC,22.0,False,58.95,58.23,178.64,201.95,1.131,0.6,2.0,NORMAL,False,False,NIGHT,False
CHG_A259FAACDE,2026-08-04 21:39:15,2026-08-04 21:39:15,2026-08-04 22:44:04,JNY_216997752,USR_54021,STN_MUM_01,Mumbai,MALL,22.1,85.0,80.9,CCS2,60.0,True,50.89,49.14,59.37,64.83,1.092,0.6,0.0,NORMAL,False,False,NIGHT,False
CHG_BB78717776,2026-08-04 21:39:22,2026-08-04 21:39:22,2026-08-04 22:05:17,JNY_599584554,USR_44095,STN_DEL_02,Delhi,OFFICE,15.4,85.0,66.7,CCS2,120.0,True,46.42,44.11,27.08,25.93,0.958,1.0,0.0,NORMAL,False,False,NIGHT,False
CHG_A794D42034,2026-08-04 21:42:27,2026-08-04 21:42:27,2026-08-04 22:12:24,JNY_529721729,USR_79554,STN_JPR_02,Jaipur,HIGHWAY,12.3,85.0,65.7,CCS2,120.0,True,47.76,46.04,27.86,29.96,1.075,0.4,0.0,NORMAL,False,False,NIGHT,False
CHG_AE1A218B05,2026-08-04 21:48:00,2026-08-04 21:48:00,2026-08-04 22:51:28,JNY_254347037,USR_36872,STN_DEL_03,Delhi,HIGHWAY,19.7,90.0,67.4,CCS2,60.0,True,47.38,46.05,57.91,63.47,1.096,0.4,2.0,NORMAL,False,False,NIGHT,False
CHG_AA9AFE0849,2026-08-04 21:52:03,2026-08-04 21:52:03,2026-08-04 22:06:23,JNY_238023229,USR_39497,STN_BLR_01,Bengaluru,OFFICE,43.3,80.0,70.9,CCS2,120.0,True,26.02,24.66,14.46,14.35,0.992,1.0,0.0,NORMAL,False,False,NIGHT,False
CHG_FA7A520817,2026-08-04 21:57:08,2026-08-04 21:57:08,2026-08-04 22:31:27,JNY_632028085,USR_63629,STN_GGN_02,Gurugram,MALL,36.5,90.0,71.2,CCS2,90.0,True,38.09,37.06,31.04,34.32,1.106,0.4,0.0,NORMAL,False,False,NIGHT,False
CHG_3AB57A85AB,2026-08-04 21:57:09,2026-08-04 21:57:09,2026-08-04 22:23:42,JNY_812445937,USR_95294,STN_BLR_01,Bengaluru,OFFICE,16.3,80.0,56.5,CCS2,90.0,True,35.99,34.68,26.66,26.57,0.996,1.0,0.0,NORMAL,False,False,NIGHT,False
CHG_7FEF9D1258,2026-08-04 21:57:52,2026-08-04 21:57:52,2026-08-04 22:24:36,JNY_900038473,USR_39221,STN_DEL_01,Delhi,MALL,27.1,80.0,85.9,CCS2,120.0,True,45.44,45.15,25.25,26.75,1.06,1.0,0.0,NORMAL,False,False,NIGHT,False
CHG_9773902F45,2026-08-04 21:59:30,2026-08-04 21:59:30,2026-08-04 22:56:33,JNY_209028867,USR_43864,STN_BLR_01,Bengaluru,OFFICE,49.4,80.0,56.7,TYPE2_AC,22.0,False,17.35,16.59,52.58,57.05,1.085,0.75,3.0,NORMAL,False,False,NIGHT,False
CHG_20A18D7E4F,2026-08-04 22:00:49,2026-08-04 22:00:49,2026-08-05 00:57:20,JNY_238443345,USR_59780,STN_MUM_01,Mumbai,MALL,19.7,90.0,73.8,TYPE2_AC,22.0,False,51.88,48.99,172.94,176.52,1.021,0.4,2.0,NORMAL,False,False,NIGHT,False
CHG_A2F91C1B46,2026-08-04 22:01:31,2026-08-04 22:01:31,2026-08-04 22:36:42,JNY_582748063,USR_32992,STN_DEL_01,Delhi,MALL,37.6,85.0,76.0,CCS2,90.0,True,36.02,34.67,28.02,35.19,1.256,0.4,10.0,NORMAL,False,False,NIGHT,False
CHG_49541E774F,2026-08-04 22:02:30,2026-08-04 22:02:30,2026-08-04 22:22:14,JNY_145353855,USR_97689,STN_GGN_02,Gurugram,MALL,43.2,85.0,59.1,CCS2,90.0,True,24.7,24.16,19.21,19.74,1.027,0.6,0.0,NORMAL,False,False,NIGHT,False
CHG_1EF22BDEAF,2026-08-04 22:13:50,2026-08-04 22:13:50,2026-08-04 22:53:28,JNY_200139415,USR_24678,STN_DEL_01,Delhi,MALL,23.7,90.0,84.7,CCS2,120.0,True,56.16,55.46,34.32,39.63,1.155,0.8,3.0,NORMAL,False,False,NIGHT,False
CHG_CB6AEDEEE8,2026-08-04 22:14:04,2026-08-04 22:14:04,2026-08-04 22:39:10,JNY_213868523,USR_79729,STN_BLR_01,Bengaluru,OFFICE,26.4,80.0,83.4,CCS2,120.0,True,44.7,42.94,24.83,25.11,1.011,0.75,0.0,NORMAL,False,False,NIGHT,False
CHG_A2BB2F8A3E,2026-08-04 22:18:30,2026-08-04 22:18:30,2026-08-04 22:34:48,JNY_982903251,USR_94217,STN_GGN_02,Gurugram,MALL,34.0,80.0,78.0,CCS2,150.0,True,35.88,34.45,15.95,16.31,1.023,0.6,0.0,NORMAL,False,False,NIGHT,False
CHG_346C653D11,2026-08-04 22:44:17,2026-08-04 22:44:17,2026-08-04 23:06:20,JNY_218403418,USR_62052,STN_GGN_01,Gurugram,OFFICE,30.4,80.0,73.5,CCS2,120.0,True,36.46,34.52,20.25,22.06,1.089,1.0,0.0,NORMAL,False,False,NIGHT,False
CHG_A6BFB7ABD1,2026-08-04 22:44:48,2026-08-04 22:44:48,2026-08-04 23:16:22,JNY_697046072,USR_81172,STN_JPR_01,Jaipur,MALL,38.1,90.0,77.0,CCS2,90.0,True,39.96,38.36,32.56,31.57,0.97,0.6,0.0,NORMAL,False,False,NIGHT,False
CHG_ACD09C607A,2026-08-04 22:46:24,2026-08-04 22:46:24,2026-08-04 23:04:04,JNY_693279170,USR_65900,STN_MUM_01,Mumbai,MALL,43.3,80.0,82.1,CCS2,120.0,True,30.13,28.96,16.74,17.68,1.056,0.8,0.0,NORMAL,False,False,NIGHT,False
CHG_1E2C4D9566,2026-08-04 23:43:28,2026-08-04 23:43:28,2026-08-05 00:26:06,JNY_624446805,USR_46478,STN_MUM_02,Mumbai,RESIDENTIAL,19.9,85.0,77.6,CCS2,90.0,True,50.52,48.94,39.29,42.65,1.085,0.5,0.0,NORMAL,False,False,NIGHT,False
CHG_4E9BCEE3D7,2026-08-04 23:51:21,2026-08-04 23:51:21,2026-08-05 00:18:47,JNY_433585412,USR_76848,STN_MUM_01,Mumbai,MALL,20.3,85.0,70.8,CCS2,120.0,True,45.81,43.66,26.72,27.45,1.027,1.0,0.0,NORMAL,False,False,NIGHT,False
CHG_95204647C0,2026-08-05 00:02:38,2026-08-05 00:02:38,2026-08-05 00:30:28,JNY_354727220,USR_53696,STN_MUM_01,Mumbai,MALL,22.9,80.0,68.5,CCS2,90.0,True,39.11,36.6,28.97,27.84,0.961,0.8,0.0,NORMAL,False,False,NIGHT,False
CHG_31F7D69D28,2026-08-05 00:35:54,2026-08-05 00:35:54,2026-08-05 04:55:33,JNY_426916229,USR_23999,STN_BLR_01,Bengaluru,OFFICE,38.0,85.0,56.4,TYPE2_AC,7.2,False,26.51,24.84,257.72,259.66,1.008,1.0,0.0,NORMAL,False,False,NIGHT,False
CHG_F6BDB585F8,2026-08-05 00:39:26,2026-08-05 00:39:26,2026-08-05 01:37:06,JNY_585702146,USR_92109,STN_MUM_01,Mumbai,MALL,29.6,85.0,86.4,CCS2,60.0,True,47.87,45.72,55.84,57.67,1.033,0.8,0.0,NORMAL,False,False,NIGHT,False
CHG_A6D711F800,2026-08-05 00:49:44,2026-08-05 00:49:44,2026-08-05 01:24:35,JNY_959935899,USR_95325,STN_DEL_01,Delhi,MALL,18.9,85.0,84.8,CCS2,120.0,True,56.05,53.37,32.7,34.86,1.066,1.0,0.0,NORMAL,False,False,NIGHT,False
CHG_45678A6DA3,2026-08-05 01:19:08,2026-08-05 01:19:08,2026-08-05 01:31:41,JNY_259322726,USR_58165,STN_DEL_03,Delhi,HIGHWAY,48.9,80.0,52.7,CCS2,90.0,True,16.39,15.51,12.14,12.55,1.034,0.8,0.0,NORMAL,False,False,NIGHT,False
CHG_C53B2E3B6E,2026-08-05 01:48:59,2026-08-05 01:48:59,2026-08-05 02:28:44,JNY_772853280,USR_62786,STN_DEL_02,Delhi,OFFICE,13.1,80.0,65.1,CHAdeMO,75.0,True,43.55,41.13,38.71,39.77,1.027,1.0,0.0,NORMAL,False,False,NIGHT,False
CHG_D1E90762C9,2026-08-05 02:09:15,2026-08-05 02:09:15,2026-08-05 03:02:28,JNY_347427883,USR_56499,STN_DEL_02,Delhi,OFFICE,38.7,85.0,77.6,CHAdeMO,50.0,True,35.93,34.15,50.3,53.22,1.058,1.0,0.0,NORMAL,False,False,NIGHT,False
CHG_0E414366C8,2026-08-05 02:19:11,2026-08-05 02:19:11,2026-08-05 02:58:30,JNY_168948084,USR_86167,STN_DEL_02,Delhi,OFFICE,15.7,90.0,90.0,CCS2,120.0,True,66.87,64.76,40.87,39.32,0.962,1.0,0.0,NORMAL,False,False,NIGHT,False
CHG_C27700290F,2026-08-05 02:20:08,2026-08-05 02:20:08,2026-08-05 02:43:29,JNY_373906272,USR_79102,STN_DEL_01,Delhi,MALL,29.7,80.0,78.7,CCS2,120.0,True,39.59,38.19,21.99,23.37,1.062,1.0,2.0,NORMAL,False,False,NIGHT,False
CHG_84F4699634,2026-08-05 03:40:18,2026-08-05 03:40:18,2026-08-05 04:10:07,JNY_595932662,USR_66332,STN_MUM_01,Mumbai,MALL,26.8,90.0,71.4,CCS2,120.0,True,45.12,43.85,27.58,29.82,1.081,1.0,5.0,NORMAL,False,False,NIGHT,False
CHG_18133BBEDA,2026-08-05 04:11:13,2026-08-05 04:11:13,2026-08-05 04:53:20,JNY_316558444,USR_71916,STN_DEL_01,Delhi,MALL,42.4,80.0,80.2,CHAdeMO,50.0,True,30.16,29.49,40.21,42.13,1.048,1.0,1.0,NORMAL,False,False,NIGHT,False
CHG_8C6DF10A35,2026-08-05 04:25:02,2026-08-05 04:25:02,2026-08-05 04:47:44,JNY_847409071,USR_18035,STN_DEL_02,Delhi,OFFICE,39.0,90.0,55.0,CCS2,90.0,True,28.05,27.01,22.86,22.7,0.993,1.0,1.0,NORMAL,False,False,NIGHT,False
CHG_C1076455F0,2026-08-05 04:26:39,2026-08-05 04:26:39,2026-08-05 05:21:33,JNY_641181244,USR_81135,STN_BLR_01,Bengaluru,OFFICE,23.3,80.0,75.6,CHAdeMO,50.0,True,42.87,41.59,57.15,54.9,0.961,0.75,0.0,NORMAL,False,False,NIGHT,False
CHG_3A00238EA9,2026-08-05 04:53:16,2026-08-05 04:53:16,2026-08-05 05:29:47,JNY_313064074,USR_73524,STN_DEL_02,Delhi,OFFICE,19.4,90.0,82.3,CCS2,120.0,True,58.1,56.39,35.51,36.52,1.028,1.0,0.0,NORMAL,False,False,NIGHT,False
CHG_9EA9BC2F0F,2026-08-05 05:16:30,2026-08-05 05:16:30,2026-08-05 05:36:53,JNY_423440250,USR_48917,STN_MUM_02,Mumbai,RESIDENTIAL,30.6,80.0,90.0,CCS2,150.0,True,44.46,43.61,19.76,20.4,1.032,0.75,0.0,NORMAL,False,False,NIGHT,False
CHG_C3E9D8306F,2026-08-05 05:17:09,2026-08-05 05:17:09,2026-08-05 05:42:13,JNY_638253468,USR_98987,STN_JPR_02,Jaipur,HIGHWAY,18.7,80.0,67.1,CCS2,120.0,True,41.13,40.18,22.85,25.07,1.097,0.6,0.0,NORMAL,False,False,NIGHT,False
CHG_788146D026,2026-08-05 05:26:34,2026-08-05 05:26:34,2026-08-05 06:09:53,JNY_878158597,USR_22582,STN_MUM_01,Mumbai,MALL,40.4,80.0,77.3,CHAdeMO,50.0,True,30.61,29.5,40.81,43.32,1.061,1.0,4.0,NORMAL,False,False,NIGHT,False
CHG_A981B8B3B9,2026-08-05 05:26:50,2026-08-05 05:26:50,2026-08-05 05:41:43,JNY_251891083,USR_12936,STN_DEL_01,Delhi,MALL,33.7,90.0,54.4,CCS2,150.0,True,30.63,29.32,14.97,14.89,0.994,0.8,0.0,NORMAL,False,False,NIGHT,False
CHG_D4FFD0AE07,2026-08-05 05:28:11,2026-08-05 05:28:11,2026-08-05 05:57:28,JNY_590791033,USR_74329,STN_DEL_02,Delhi,OFFICE,34.6,95.0,71.0,CCS2,120.0,True,42.88,41.89,27.4,29.29,1.069,0.75,0.0,NORMAL,False,False,NIGHT,False
CHG_38ED285023,2026-08-05 05:44:18,2026-08-05 05:44:18,2026-08-05 06:08:31,JNY_491923179,USR_69541,STN_DEL_02,Delhi,OFFICE,26.9,80.0,86.5,CCS2,120.0,True,45.93,44.36,25.52,24.23,0.95,1.0,0.0,NORMAL,False,False,NIGHT,False
CHG_EFE505C9B9,2026-08-05 05:53:46,2026-08-05 05:53:46,2026-08-05 06:04:19,JNY_166605301,USR_99716,STN_GGN_01,Gurugram,OFFICE,55.0,80.0,80.8,CCS2,120.0,True,20.2,19.52,11.22,10.56,0.941,1.0,0.0,NORMAL,False,False,NIGHT,False
CHG_DA470C6A2D,2026-08-05 05:53:48,2026-08-05 05:53:48,2026-08-05 06:15:51,JNY_247538700,USR_89088,STN_GGN_01,Gurugram,OFFICE,12.2,80.0,58.7,CCS2,120.0,True,39.8,37.79,22.11,22.06,0.998,1.0,0.0,NORMAL,False,False,NIGHT,False
CHG_36EC935859,2026-08-05 06:10:38,2026-08-05 06:10:38,2026-08-05 06:32:40,JNY_648329746,USR_36558,STN_DEL_03,Delhi,HIGHWAY,20.6,85.0,70.6,CCS2,150.0,True,45.47,44.18,21.22,22.04,1.039,0.6,4.0,NORMAL,False,False,MORNING,False
CHG_C447A879A2,2026-08-05 06:11:19,2026-08-05 06:11:19,2026-08-05 07:32:12,JNY_578551778,USR_31933,STN_MUM_02,Mumbai,RESIDENTIAL,15.5,90.0,74.6,CCS2,60.0,True,55.58,52.93,67.93,80.89,1.191,0.5,0.0,MINOR_SLOWDOWN,True,False,MORNING,False
CHG_B55BF80603,2026-08-05 06:23:19,2026-08-05 06:23:19,2026-08-05 07:21:38,JNY_269315746,USR_96678,STN_GGN_02,Gurugram,MALL,26.2,80.0,75.2,CHAdeMO,50.0,True,40.46,37.25,53.94,58.33,1.081,0.8,0.0,NORMAL,False,False,MORNING,False
CHG_AE55270714,2026-08-05 06:26:38,2026-08-05 06:26:38,2026-08-05 06:55:56,JNY_770621960,USR_31526,STN_JPR_01,Jaipur,MALL,18.9,85.0,81.6,CCS2,120.0,True,53.94,51.74,31.46,29.3,0.931,0.6,0.0,NORMAL,False,False,MORNING,False
CHG_E0625A440B,2026-08-05 06:28:52,2026-08-05 06:28:52,2026-08-05 06:46:25,JNY_718821095,USR_94038,STN_DEL_01,Delhi,MALL,23.6,85.0,62.9,CCS2,150.0,True,38.62,36.6,18.02,17.56,0.974,0.6,2.0,NORMAL,False,False,MORNING,False
CHG_AA9908F9D7,2026-08-05 06:36:27,2026-08-05 06:36:27,2026-08-05 12:29:26,JNY_518260616,USR_44883,STN_GGN_01,Gurugram,OFFICE,28.9,85.0,61.7,TYPE2_AC,7.2,False,34.61,33.23,336.52,353.0,1.049,0.75,0.0,NORMAL,False,False,MORNING,False
CHG_B95B1BBA96,2026-08-05 06:48:45,2026-08-05 06:48:45,2026-08-05 07:33:20,JNY_900403948,USR_42368,STN_DEL_02,Delhi,OFFICE,26.9,80.0,58.8,CCS2,90.0,True,31.22,29.85,23.13,44.59,1.928,1.0,0.0,CHARGER_FAULT,True,True,MORNING,False
CHG_ABE9DA34EB,2026-08-05 06:49:03,2026-08-05 06:49:03,2026-08-05 07:11:08,JNY_225434747,USR_35644,STN_DEL_03,Delhi,HIGHWAY,53.7,80.0,81.8,CCS2,60.0,True,21.51,20.56,23.9,22.09,0.924,0.6,0.0,NORMAL,False,False,MORNING,False
CHG_CC79AC2DF2,2026-08-05 06:52:24,2026-08-05 06:52:24,2026-08-05 12:52:24,JNY_499281306,USR_74203,STN_GGN_01,Gurugram,OFFICE,20.6,85.0,54.4,TYPE2_AC,7.2,False,35.03,34.64,340.6,360.0,1.057,1.0,0.0,NORMAL,False,False,MORNING,False
CHG_41199F8F4D,2026-08-05 06:53:33,2026-08-05 06:53:33,2026-08-05 09:47:52,JNY_234020317,USR_43098,STN_BLR_01,Bengaluru,OFFICE,56.7,90.0,82.6,TYPE2_AC,11.0,False,27.51,26.0,183.37,174.32,0.951,1.0,0.0,NORMAL,False,False,MORNING,False
CHG_8E699667F5,2026-08-05 06:57:39,2026-08-05 06:57:39,2026-08-05 07:47:23,JNY_882290510,USR_11392,STN_GGN_01,Gurugram,OFFICE,31.3,80.0,65.6,CHAdeMO,50.0,True,31.95,29.98,42.6,49.74,1.168,0.75,0.0,MINOR_SLOWDOWN,True,False,MORNING,False
CHG_E1721B9C75,2026-08-05 06:58:42,2026-08-05 06:58:42,2026-08-05 07:29:45,JNY_939016811,USR_99776,STN_MUM_02,Mumbai,RESIDENTIAL,50.3,85.0,69.1,CCS2,90.0,True,23.98,23.41,18.65,31.06,1.666,0.25,21.0,MINOR_SLOWDOWN,True,True,MORNING,False
CHG_5B4015CAEA,2026-08-05 06:58:55,2026-08-05 06:58:55,2026-08-05 07:18:47,JNY_600729605,USR_11995,STN_BLR_01,Bengaluru,OFFICE,39.6,80.0,87.9,CCS2,120.0,True,35.51,34.11,19.73,19.88,1.008,0.75,4.0,NORMAL,False,False,MORNING,False
CHG_81BC46FC27,2026-08-05 07:06:10,2026-08-05 07:06:10,2026-08-05 08:01:33,JNY_721118312,USR_43576,STN_BLR_01,Bengaluru,OFFICE,18.7,90.0,75.8,CHAdeMO,75.0,True,54.05,51.89,52.84,55.39,1.048,1.0,0.0,NORMAL,False,False,MORNING,False
CHG_BF99DEE208,2026-08-05 07:11:33,2026-08-05 07:11:33,2026-08-05 08:28:13,JNY_295259308,USR_86981,STN_JPR_01,Jaipur,MALL,26.9,85.0,82.2,CHAdeMO,50.0,True,47.76,45.97,66.86,76.67,1.147,0.2,3.0,NORMAL,False,False,MORNING,False
CHG_926CE2D7B4,2026-08-05 07:14:10,2026-08-05 07:14:10,2026-08-05 07:37:59,JNY_914385879,USR_91317,STN_MUM_02,Mumbai,RESIDENTIAL,60.4,85.0,71.3,CCS2,60.0,True,17.54,16.91,20.46,23.83,1.165,0.25,2.0,NORMAL,False,False,MORNING,False
CHG_F4575A03BA,2026-08-05 07:33:51,2026-08-05 07:33:51,2026-08-05 08:37:49,JNY_920228787,USR_70349,STN_GGN_02,Gurugram,MALL,14.5,90.0,82.8,CHAdeMO,75.0,True,62.51,60.4,61.12,63.98,1.047,1.0,3.0,NORMAL,False,False,MORNING,False
CHG_E1D302577F,2026-08-05 07:34:13,2026-08-05 07:34:13,2026-08-05 08:06:18,JNY_307807571,USR_91824,STN_DEL_01,Delhi,MALL,24.3,80.0,67.7,CCS2,90.0,True,37.71,35.25,27.93,32.1,1.149,0.6,0.0,MINOR_SLOWDOWN,True,False,MORNING,False
CHG_7BA3D24D6F,2026-08-05 07:35:12,2026-08-05 07:35:12,2026-08-05 08:13:52,JNY_217251152,USR_31954,STN_BLR_01,Bengaluru,OFFICE,30.5,95.0,79.1,CHAdeMO,100.0,True,51.02,49.01,39.11,38.67,0.989,0.75,0.0,NORMAL,False,False,MORNING,False
CHG_ADFA7E11BD,2026-08-05 07:36:58,2026-08-05 07:36:58,2026-08-05 07:56:29,JNY_197692556,USR_54618,STN_GGN_01,Gurugram,OFFICE,44.5,80.0,75.2,CHAdeMO,100.0,True,26.7,25.61,17.8,19.53,1.098,1.0,0.0,NORMAL,False,False,MORNING,False
CHG_7C3EB23EBA,2026-08-05 07:37:41,2026-08-05 07:37:41,2026-08-05 13:37:41,JNY_797308737,USR_54540,STN_MUM_02,Mumbai,RESIDENTIAL,37.0,90.0,89.7,TYPE2_AC,11.0,False,47.54,46.36,316.94,360.0,1.136,0.25,3.0,NORMAL,False,False,MORNING,False
CHG_C17C62A07B,2026-08-05 07:40:31,2026-08-05 07:40:31,2026-08-05 07:58:59,JNY_233555457,USR_99414,STN_JPR_01,Jaipur,MALL,46.5,90.0,59.9,CHAdeMO,100.0,True,26.06,25.84,19.11,18.48,0.967,0.6,0.0,NORMAL,False,False,MORNING,False
CHG_3F0BAD6201,2026-08-05 07:41:04,2026-08-05 07:41:04,2026-08-05 08:42:13,JNY_301206185,USR_48165,STN_JPR_01,Jaipur,MALL,29.0,85.0,73.7,CCS2,60.0,True,41.27,39.86,48.15,61.16,1.27,0.4,6.0,NORMAL,False,False,MORNING,False
CHG_76653FCF48,2026-08-05 07:49:20,2026-08-05 07:49:20,2026-08-05 13:02:03,JNY_884927782,USR_97872,STN_JPR_02,Jaipur,HIGHWAY,31.5,85.0,86.2,TYPE2_AC,11.0,False,46.12,44.35,293.47,312.72,1.066,0.4,2.0,NORMAL,False,False,MORNING,False
CHG_79DABBBB10,2026-08-05 07:55:06,2026-08-05 07:55:06,2026-08-05 09:01:43,JNY_642743129,USR_17102,STN_MUM_01,Mumbai,MALL,21.7,85.0,69.9,CHAdeMO,50.0,True,44.25,42.08,61.95,66.62,1.075,1.0,0.0,NORMAL,False,False,MORNING,False
CHG_C19FC4989A,2026-08-05 08:00:38,2026-08-05 08:00:38,2026-08-05 09:10:38,JNY_104831383,USR_60825,STN_DEL_03,Delhi,HIGHWAY,15.9,85.0,83.3,CHAdeMO,75.0,True,57.56,53.99,53.72,70.02,1.303,0.2,6.0,NORMAL,False,False,MORNING,False
CHG_DA3114D843,2026-08-05 08:00:51,2026-08-05 08:00:51,2026-08-05 09:23:48,JNY_309991714,USR_36046,STN_MUM_01,Mumbai,MALL,46.6,85.0,63.5,TYPE2_AC,22.0,False,24.38,23.61,77.59,82.96,1.069,0.8,0.0,NORMAL,False,False,MORNING,False
CHG_3A34EF25B0,2026-08-05 08:04:14,2026-08-05 08:04:14,2026-08-05 09:14:23,JNY_395327755,USR_15410,STN_JPR_02,Jaipur,HIGHWAY,43.1,90.0,68.5,CHAdeMO,50.0,True,32.13,31.49,47.12,70.15,1.489,0.2,6.0,MINOR_SLOWDOWN,True,False,MORNING,False
CHG_5F953C1D80,2026-08-05 08:07:18,2026-08-05 08:07:18,2026-08-05 08:30:33,JNY_361912580,USR_62018,STN_JPR_01,Jaipur,MALL,43.8,90.0,76.1,CCS2,120.0,True,35.16,34.21,21.49,23.26,1.083,0.6,0.0,NORMAL,False,False,MORNING,False
CHG_DAF911250A,2026-08-05 08:07:32,2026-08-05 08:07:32,2026-08-05 08:39:49,JNY_728747925,USR_32275,STN_MUM_01,Mumbai,MALL,28.9,85.0,83.8,CCS2,120.0,True,47.01,44.61,27.42,32.29,1.177,0.6,3.0,MINOR_SLOWDOWN,True,False,MORNING,False
CHG_FF266AA65A,2026-08-05 08:13:29,2026-08-05 08:13:29,2026-08-05 08:35:10,JNY_323489962,USR_74217,STN_MUM_02,Mumbai,RESIDENTIAL,34.7,85.0,65.1,CHAdeMO,100.0,True,32.75,32.58,22.92,21.69,0.946,1.0,0.0,NORMAL,False,False,MORNING,False
CHG_6DE466539A,2026-08-05 08:19:44,2026-08-05 08:19:44,2026-08-05 08:41:44,JNY_162287303,USR_13995,STN_MUM_01,Mumbai,MALL,39.6,85.0,75.2,CCS2,120.0,True,34.14,33.18,19.92,22.0,1.105,0.6,2.0,NORMAL,False,False,MORNING,False
CHG_A72A6F0424,2026-08-05 08:22:47,2026-08-05 08:22:47,2026-08-05 08:48:14,JNY_809905800,USR_58073,STN_MUM_01,Mumbai,MALL,32.2,80.0,71.4,CCS2,120.0,True,34.13,33.02,18.96,25.47,1.343,0.4,8.0,MINOR_SLOWDOWN,True,False,MORNING,False
CHG_214371B693,2026-08-05 08:23:22,2026-08-05 08:23:22,2026-08-05 11:58:13,JNY_813060808,USR_10914,STN_MUM_01,Mumbai,MALL,38.6,85.0,73.2,TYPE2_AC,11.0,False,33.96,33.05,216.14,214.86,0.994,0.6,0.0,NORMAL,False,False,MORNING,False
CHG_DD11887D62,2026-08-05 08:27:28,2026-08-05 08:27:28,2026-08-05 08:56:14,JNY_686012732,USR_64788,STN_BLR_01,Bengaluru,OFFICE,27.3,80.0,77.9,CCS2,90.0,True,41.05,39.14,30.41,28.78,0.946,1.0,0.0,NORMAL,False,False,MORNING,False
CHG_3CC81B9A91,2026-08-05 08:33:07,2026-08-05 08:33:07,2026-08-05 08:50:11,JNY_720225634,USR_32367,STN_DEL_02,Delhi,OFFICE,42.5,80.0,59.5,CHAdeMO,100.0,True,22.31,21.1,14.88,17.07,1.148,0.75,5.0,NORMAL,False,False,MORNING,False
CHG_0BFF86E8C2,2026-08-05 08:34:40,2026-08-05 08:34:40,2026-08-05 08:49:24,JNY_128097639,USR_12322,STN_MUM_01,Mumbai,MALL,35.9,85.0,65.4,CCS2,150.0,True,32.11,30.88,14.99,14.74,0.984,0.8,0.0,NORMAL,False,False,MORNING,False
CHG_9BE2A96FFC,2026-08-05 08:40:22,2026-08-05 08:40:22,2026-08-05 09:26:20,JNY_663549354,USR_31647,STN_DEL_02,Delhi,OFFICE,24.7,80.0,80.9,CHAdeMO,75.0,True,44.74,43.61,39.77,45.97,1.156,0.75,5.0,NORMAL,False,False,MORNING,False
CHG_DDEF4FB29D,2026-08-05 08:45:39,2026-08-05 08:45:39,2026-08-05 13:10:14,JNY_976557139,USR_29158,STN_MUM_02,Mumbai,RESIDENTIAL,33.9,85.0,80.2,TYPE2_AC,11.0,False,40.98,38.74,260.8,264.6,1.015,1.0,5.0,NORMAL,False,False,MORNING,False
CHG_626A56159F,2026-08-05 08:51:45,2026-08-05 08:51:45,2026-08-05 09:13:17,JNY_501486593,USR_34138,STN_BLR_01,Bengaluru,OFFICE,23.7,80.0,65.4,CCS2,120.0,True,36.82,34.28,20.46,21.54,1.053,1.0,0.0,NORMAL,False,False,MORNING,False
CHG_E27918991F,2026-08-05 08:56:35,2026-08-05 08:56:35,2026-08-05 14:56:35,JNY_452183115,USR_29511,STN_GGN_01,Gurugram,OFFICE,42.2,85.0,77.8,TYPE2_AC,11.0,False,33.3,32.98,211.9,360.0,1.699,1.0,0.0,CHARGER_FAULT,True,True,MORNING,False
CHG_E9711C9822,2026-08-05 08:57:25,2026-08-05 08:57:25,2026-08-05 09:31:50,JNY_187518045,USR_48371,STN_MUM_01,Mumbai,MALL,28.7,85.0,90.0,CCS2,120.0,True,50.67,49.48,29.56,34.43,1.165,0.2,7.0,NORMAL,False,False,MORNING,False
CHG_16348183BE,2026-08-05 08:57:35,2026-08-05 08:57:35,2026-08-05 10:01:00,JNY_365818752,USR_10394,STN_BLR_01,Bengaluru,OFFICE,25.9,85.0,72.1,CHAdeMO,50.0,True,42.61,41.03,59.66,63.43,1.063,0.75,0.0,NORMAL,False,False,MORNING,False
CHG_841BFAAE65,2026-08-05 08:58:43,2026-08-05 08:58:43,2026-08-05 09:11:43,JNY_144042401,USR_34627,STN_MUM_01,Mumbai,MALL,47.9,85.0,72.0,CCS2,150.0,True,26.71,25.63,12.47,13.0,1.043,0.6,0.0,NORMAL,False,False,MORNING,False
CHG_5774D9EF5C,2026-08-05 09:00:55,2026-08-05 09:00:55,2026-08-05 15:00:55,JNY_277484931,USR_21397,STN_MUM_02,Mumbai,RESIDENTIAL,30.3,85.0,84.8,TYPE2_AC,7.2,False,46.39,43.18,450.97,360.0,0.798,0.75,3.0,CHARGER_FAULT,True,False,MORNING,False
CHG_7689B64A79,2026-08-05 09:05:21,2026-08-05 09:05:21,2026-08-05 09:29:02,JNY_117791532,USR_38954,STN_DEL_02,Delhi,OFFICE,62.0,90.0,81.4,CCS2,90.0,True,22.79,21.98,18.57,23.69,1.276,0.25,10.0,NORMAL,False,False,MORNING,False
CHG_29E1E5A23F,2026-08-05 09:06:07,2026-08-05 09:06:07,2026-08-05 09:23:34,JNY_135290840,USR_11492,STN_GGN_02,Gurugram,MALL,33.2,90.0,68.0,CCS2,150.0,True,38.62,37.04,18.88,17.45,0.924,1.0,0.0,NORMAL,False,False,MORNING,False
CHG_6EE9289388,2026-08-05 09:09:12,2026-08-05 09:09:12,2026-08-05 10:14:36,JNY_484851032,USR_99921,STN_MUM_01,Mumbai,MALL,59.4,80.0,90.0,TYPE2_AC,22.0,False,18.54,17.73,56.18,65.4,1.164,0.4,10.0,NORMAL,False,False,MORNING,False
CHG_F8B3E9AC3D,2026-08-05 09:09:24,2026-08-05 09:09:24,2026-08-05 09:26:16,JNY_726741407,USR_28933,STN_JPR_01,Jaipur,MALL,40.3,80.0,68.4,CCS2,120.0,True,27.15,25.56,15.09,16.87,1.118,0.4,8.0,NORMAL,False,False,MORNING,False
CHG_C204B9C5E6,2026-08-05 09:09:35,2026-08-05 09:09:35,2026-08-05 09:46:55,JNY_440103006,USR_36609,STN_MUM_01,Mumbai,MALL,40.0,80.0,81.0,CCS2,90.0,True,32.4,30.7,24.0,37.34,1.556,0.0,20.0,NORMAL,False,True,MORNING,False
CHG_946B883033,2026-08-05 09:12:09,2026-08-05 09:12:09,2026-08-05 09:27:12,JNY_530492305,USR_67839,STN_DEL_03,Delhi,HIGHWAY,28.1,80.0,66.5,CCS2,150.0,True,34.51,33.75,15.34,15.06,0.982,0.6,0.0,NORMAL,False,False,MORNING,False
CHG_79915023AB,2026-08-05 09:12:58,2026-08-05 09:12:58,2026-08-05 10:08:52,JNY_666808068,USR_71173,STN_DEL_01,Delhi,MALL,28.0,90.0,89.6,CHAdeMO,75.0,True,55.55,52.01,54.32,55.9,1.029,0.8,0.0,NORMAL,False,False,MORNING,False
CHG_36696A1685,2026-08-05 09:13:31,2026-08-05 09:13:31,2026-08-05 09:38:33,JNY_702133960,USR_90071,STN_MUM_02,Mumbai,RESIDENTIAL,34.6,85.0,87.6,CCS2,120.0,True,44.15,43.29,25.75,25.04,0.972,0.75,0.0,NORMAL,False,False,MORNING,False
CHG_9D20431786,2026-08-05 09:13:33,2026-08-05 09:13:33,2026-08-05 10:21:18,JNY_705047769,USR_35959,STN_DEL_02,Delhi,OFFICE,18.8,85.0,87.8,CCS2,60.0,True,58.12,55.64,67.81,67.76,0.999,0.5,0.0,NORMAL,False,False,MORNING,False
CHG_E13FAAF283,2026-08-05 09:14:17,2026-08-05 09:14:17,2026-08-05 10:21:58,JNY_849734250,USR_67996,STN_DEL_02,Delhi,OFFICE,17.8,80.0,78.3,CCS2,60.0,True,48.7,45.65,54.11,67.69,1.251,0.25,8.0,NORMAL,False,False,MORNING,False
CHG_32B5D6562D,2026-08-05 09:21:00,2026-08-05 09:21:00,2026-08-05 15:21:00,JNY_935961610,USR_85944,STN_GGN_01,Gurugram,OFFICE,29.6,80.0,70.5,TYPE2_AC,7.2,False,35.53,34.28,329.0,360.0,1.094,0.25,7.0,NORMAL,False,False,MORNING,False
CHG_4927DA7DFC,2026-08-05 09:23:07,2026-08-05 09:23:07,2026-08-05 10:06:05,JNY_958862541,USR_38375,STN_GGN_01,Gurugram,OFFICE,57.6,90.0,90.0,CCS2,60.0,True,29.16,27.29,35.64,42.97,1.206,0.25,2.0,NORMAL,False,False,MORNING,False
CHG_7D00FA3992,2026-08-05 09:26:31,2026-08-05 09:26:31,2026-08-05 09:55:11,JNY_715100431,USR_41629,STN_BLR_01,Bengaluru,OFFICE,30.9,85.0,70.0,CCS2,120.0,True,37.87,35.94,22.09,28.68,1.298,0.5,8.0,NORMAL,False,False,MORNING,False
CHG_30F5548804,2026-08-05 09:26:40,2026-08-05 09:26:40,2026-08-05 10:18:00,JNY_849292645,USR_72585,STN_GGN_02,Gurugram,MALL,16.6,85.0,81.8,CHAdeMO,75.0,True,55.95,52.82,52.22,51.34,0.983,0.6,4.0,NORMAL,False,False,MORNING,False
CHG_018F25B247,2026-08-05 09:27:19,2026-08-05 09:27:19,2026-08-05 09:48:52,JNY_398783038,USR_83022,STN_BLR_01,Bengaluru,OFFICE,16.5,85.0,57.9,CCS2,120.0,True,39.66,37.9,23.14,21.57,0.932,0.75,0.0,NORMAL,False,False,MORNING,False
CHG_911147E89C,2026-08-05 09:30:25,2026-08-05 09:30:25,2026-08-05 09:54:02,JNY_545250488,USR_32672,STN_GGN_02,Gurugram,MALL,17.9,85.0,57.6,CCS2,120.0,True,38.65,37.62,22.55,23.62,1.048,0.6,0.0,NORMAL,False,False,MORNING,False
CHG_DA6455DC38,2026-08-05 09:39:19,2026-08-05 09:39:19,2026-08-05 15:38:06,JNY_979138538,USR_52557,STN_BLR_01,Bengaluru,OFFICE,26.2,85.0,77.4,TYPE2_AC,11.0,False,45.51,44.99,289.62,358.78,1.239,0.25,2.0,NORMAL,False,False,MORNING,False
CHG_8A0921775D,2026-08-05 09:40:54,2026-08-05 09:40:54,2026-08-05 11:48:19,JNY_989171550,USR_74148,STN_DEL_01,Delhi,MALL,50.9,80.0,66.4,TYPE2_AC,22.0,False,19.32,18.78,58.55,127.43,2.176,0.4,2.0,CHARGER_FAULT,True,True,MORNING,False
CHG_64686A3306,2026-08-05 09:41:33,2026-08-05 09:41:33,2026-08-05 15:41:33,JNY_632065127,USR_11147,STN_BLR_01,Bengaluru,OFFICE,14.0,80.0,71.9,TYPE2_AC,7.2,False,47.45,44.78,439.39,360.0,0.819,0.0,20.0,NORMAL,False,False,MORNING,False
CHG_A2C77321E0,2026-08-05 09:42:30,2026-08-05 09:42:30,2026-08-05 10:23:03,JNY_306928971,USR_18233,STN_DEL_02,Delhi,OFFICE,45.6,85.0,70.7,CHAdeMO,50.0,True,27.86,26.92,39.0,40.56,1.04,0.5,0.0,NORMAL,False,False,MORNING,False
CHG_2D8E6F7F06,2026-08-05 09:46:05,2026-08-05 09:46:05,2026-08-05 10:14:28,JNY_521224019,USR_91366,STN_MUM_01,Mumbai,MALL,14.8,85.0,59.5,CCS2,120.0,True,41.77,39.85,24.37,28.39,1.165,0.6,0.0,MINOR_SLOWDOWN,True,False,MORNING,False
CHG_AE47DF3287,2026-08-05 09:48:17,2026-08-05 09:48:17,2026-08-05 10:27:39,JNY_133271745,USR_26187,STN_MUM_02,Mumbai,RESIDENTIAL,22.9,85.0,75.2,CCS2,90.0,True,46.7,45.43,36.32,39.38,1.084,0.75,0.0,NORMAL,False,False,MORNING,False
CHG_351A2387BD,2026-08-05 09:55:56,2026-08-05 09:55:56,2026-08-05 10:26:08,JNY_513682402,USR_52539,STN_BLR_01,Bengaluru,OFFICE,19.6,85.0,69.2,CCS2,120.0,True,45.26,43.86,26.4,30.21,1.144,0.25,4.0,NORMAL,False,False,MORNING,False
CHG_F445EB1753,2026-08-05 09:57:19,2026-08-05 09:57:19,2026-08-05 10:29:37,JNY_883630340,USR_31067,STN_JPR_02,Jaipur,HIGHWAY,25.5,85.0,90.0,CCS2,120.0,True,53.55,50.43,31.24,32.31,1.034,0.4,0.0,NORMAL,False,False,MORNING,False
CHG_E31E2582BB,2026-08-05 10:00:05,2026-08-05 10:00:05,2026-08-05 10:11:56,JNY_347875700,USR_32907,STN_DEL_01,Delhi,MALL,51.5,80.0,69.6,CCS2,120.0,True,19.84,19.34,11.02,11.86,1.076,0.8,0.0,NORMAL,False,False,MORNING,False
CHG_40DC55F455,2026-08-05 10:01:09,2026-08-05 10:01:09,2026-08-05 10:58:45,JNY_163791009,USR_64744,STN_JPR_01,Jaipur,MALL,20.4,85.0,67.7,CCS2,60.0,True,43.73,42.09,51.02,57.61,1.129,0.6,4.0,NORMAL,False,False,MORNING,False
CHG_4EF9187242,2026-08-05 10:02:21,2026-08-05 10:02:21,2026-08-05 10:24:31,JNY_614637578,USR_23116,STN_MUM_01,Mumbai,MALL,39.3,85.0,71.3,CHAdeMO,100.0,True,32.58,32.42,22.81,22.18,0.972,0.6,0.0,NORMAL,False,False,MORNING,False
CHG_7873E17A80,2026-08-05 10:02:35,2026-08-05 10:02:35,2026-08-05 11:01:25,JNY_155672780,USR_98618,STN_MUM_02,Mumbai,RESIDENTIAL,20.3,80.0,60.9,CHAdeMO,50.0,True,36.36,35.01,48.48,58.84,1.214,1.0,0.0,MINOR_SLOWDOWN,True,False,MORNING,False
CHG_3A72E0B732,2026-08-05 10:06:30,2026-08-05 10:06:30,2026-08-05 11:56:46,JNY_688786263,USR_63639,STN_JPR_02,Jaipur,HIGHWAY,53.4,90.0,88.7,TYPE2_AC,22.0,False,32.46,30.93,108.21,110.28,1.019,0.8,0.0,NORMAL,False,False,MORNING,False
CHG_0FAB0C65ED,2026-08-05 10:07:11,2026-08-05 10:07:11,2026-08-05 11:01:27,JNY_293614665,USR_27285,STN_DEL_01,Delhi,MALL,16.5,80.0,88.0,CHAdeMO,100.0,True,55.88,53.78,37.25,54.28,1.457,0.2,10.0,MINOR_SLOWDOWN,True,False,MORNING,False
CHG_D0C849AE15,2026-08-05 10:10:05,2026-08-05 10:10:05,2026-08-05 11:01:23,JNY_932788209,USR_61818,STN_JPR_01,Jaipur,MALL,22.6,90.0,82.4,CHAdeMO,100.0,True,55.54,53.64,40.73,51.31,1.26,0.2,9.0,NORMAL,False,False,MORNING,False
CHG_CF3EBDCB28,2026-08-05 10:11:20,2026-08-05 10:11:20,2026-08-05 12:33:14,JNY_175940464,USR_14066,STN_DEL_02,Delhi,OFFICE,39.8,90.0,77.7,TYPE2_AC,22.0,False,39.01,38.23,130.02,141.9,1.091,0.75,0.0,NORMAL,False,False,MORNING,False
CHG_9D51A4833C,2026-08-05 10:23:04,2026-08-05 10:23:04,2026-08-05 10:43:08,JNY_992853215,USR_72413,STN_MUM_02,Mumbai,RESIDENTIAL,45.0,85.0,65.9,CCS2,120.0,True,26.36,25.49,15.38,20.08,1.306,0.5,9.0,NORMAL,False,False,MORNING,False
CHG_F0B6BDC0F8,2026-08-05 10:24:11,2026-08-05 10:24:11,2026-08-05 11:51:39,JNY_320946836,USR_40507,STN_GGN_02,Gurugram,MALL,18.4,95.0,88.4,CHAdeMO,100.0,True,67.71,64.9,51.91,87.48,1.685,0.2,18.0,MINOR_SLOWDOWN,True,True,MORNING,False
CHG_8B86998953,2026-08-05 10:24:38,2026-08-05 10:24:38,2026-08-05 15:05:10,JNY_549786815,USR_12630,STN_GGN_01,Gurugram,OFFICE,28.4,85.0,79.8,TYPE2_AC,11.0,False,45.17,44.19,287.43,280.54,0.976,0.5,0.0,NORMAL,False,False,MORNING,False
CHG_9C5AF57FC2,2026-08-05 10:24:45,2026-08-05 10:24:45,2026-08-05 10:39:52,JNY_334385558,USR_27962,STN_GGN_02,Gurugram,MALL,39.2,85.0,53.7,CCS2,120.0,True,24.59,23.96,14.35,15.13,1.054,0.6,0.0,NORMAL,False,False,MORNING,False
CHG_0D65BE3143,2026-08-05 10:28:27,2026-08-05 10:28:27,2026-08-05 11:29:42,JNY_153086503,USR_43094,STN_BLR_01,Bengaluru,OFFICE,19.9,85.0,75.4,CCS2,60.0,True,49.09,45.75,57.27,61.26,1.07,0.5,0.0,NORMAL,False,False,MORNING,False
CHG_BB760D8314,2026-08-05 10:29:12,2026-08-05 10:29:12,2026-08-05 11:30:13,JNY_333892252,USR_16386,STN_BLR_01,Bengaluru,OFFICE,15.0,95.0,90.0,CHAdeMO,100.0,True,72.0,69.17,55.2,61.02,1.105,0.5,0.0,NORMAL,False,False,MORNING,False
CHG_4A1058087E,2026-08-05 10:30:35,2026-08-05 10:30:35,2026-08-05 11:10:10,JNY_576132707,USR_33317,STN_MUM_02,Mumbai,RESIDENTIAL,16.9,85.0,64.1,CHAdeMO,75.0,True,43.65,41.69,40.74,39.6,0.972,1.0,2.0,NORMAL,False,False,MORNING,False
CHG_59CAAF7D05,2026-08-05 10:33:10,2026-08-05 10:33:10,2026-08-05 11:07:36,JNY_170220009,USR_71354,STN_JPR_01,Jaipur,MALL,36.3,90.0,68.3,CCS2,90.0,True,36.68,35.16,29.89,34.44,1.152,0.4,4.0,NORMAL,False,False,MORNING,False
CHG_F114EB9D70,2026-08-05 10:35:29,2026-08-05 10:35:29,2026-08-05 11:09:11,JNY_374949006,USR_39175,STN_MUM_02,Mumbai,RESIDENTIAL,23.3,85.0,77.2,CCS2,120.0,True,47.63,45.51,27.79,33.71,1.213,1.0,0.0,MINOR_SLOWDOWN,True,False,MORNING,False
CHG_CB33875612,2026-08-05 10:36:10,2026-08-05 10:36:10,2026-08-05 10:53:27,JNY_632573125,USR_40083,STN_MUM_02,Mumbai,RESIDENTIAL,44.4,85.0,71.6,CCS2,120.0,True,29.07,28.73,16.96,17.3,1.02,1.0,4.0,NORMAL,False,False,MORNING,False
CHG_1591227DBE,2026-08-05 10:39:20,2026-08-05 10:39:20,2026-08-05 10:59:35,JNY_636048310,USR_81254,STN_DEL_02,Delhi,OFFICE,61.9,90.0,80.6,CCS2,90.0,True,22.65,21.44,18.45,20.26,1.098,0.25,2.0,NORMAL,False,False,MORNING,False
CHG_27A0A86668,2026-08-05 10:41:45,2026-08-05 10:41:45,2026-08-05 11:41:05,JNY_130742136,USR_75198,STN_MUM_01,Mumbai,MALL,14.5,90.0,80.5,CCS2,90.0,True,60.78,57.98,49.52,59.35,1.198,0.4,6.0,NORMAL,False,False,MORNING,False
CHG_09DD515FB2,2026-08-05 10:43:10,2026-08-05 10:43:10,2026-08-05 15:49:09,JNY_225029510,USR_97153,STN_BLR_01,Bengaluru,OFFICE,42.9,85.0,69.2,TYPE2_AC,7.2,False,29.13,28.07,283.24,306.0,1.08,0.5,3.0,NORMAL,False,False,MORNING,False
CHG_9D3621C9BF,2026-08-05 10:49:15,2026-08-05 10:49:15,2026-08-05 11:18:22,JNY_954722834,USR_13658,STN_DEL_01,Delhi,MALL,38.2,90.0,65.0,CCS2,90.0,True,33.67,33.5,27.43,29.12,1.061,0.8,0.0,NORMAL,False,False,MORNING,False
CHG_B54716D706,2026-08-05 10:49:28,2026-08-05 10:49:28,2026-08-05 11:06:19,JNY_758984572,USR_91984,STN_GGN_02,Gurugram,MALL,32.8,80.0,60.5,CCS2,120.0,True,28.56,27.76,15.86,16.87,1.063,0.4,0.0,NORMAL,False,False,MORNING,False
CHG_6E4800FC53,2026-08-05 10:58:23,2026-08-05 10:58:23,2026-08-05 14:35:28,JNY_654109617,USR_61100,STN_DEL_01,Delhi,MALL,24.2,80.0,90.0,TYPE2_AC,22.0,False,50.22,47.21,152.18,217.1,1.427,0.2,18.0,NORMAL,False,False,MORNING,False
CHG_2D35560A29,2026-08-05 10:58:26,2026-08-05 10:58:26,2026-08-05 11:24:03,JNY_963709418,USR_89245,STN_DEL_01,Delhi,MALL,21.4,80.0,59.3,CCS2,90.0,True,34.75,33.7,25.74,25.62,0.995,0.6,3.0,NORMAL,False,False,MORNING,False
CHG_7FE8F3D035,2026-08-05 10:59:37,2026-08-05 10:59:37,2026-08-05 11:41:10,JNY_120027043,USR_63468,STN_JPR_02,Jaipur,HIGHWAY,30.2,80.0,89.8,CCS2,90.0,True,44.72,43.51,33.13,41.56,1.255,0.2,10.0,NORMAL,False,False,MORNING,False
CHG_D017CBE6B3,2026-08-05 11:01:09,2026-08-05 11:01:09,2026-08-05 11:25:27,JNY_474444064,USR_34583,STN_JPR_01,Jaipur,MALL,22.2,80.0,56.9,CCS2,90.0,True,32.89,32.14,24.36,24.3,0.998,0.6,4.0,NORMAL,False,False,MORNING,False
CHG_32CCCB1BBE,2026-08-05 11:02:46,2026-08-05 11:02:46,2026-08-05 14:17:37,JNY_850006904,USR_64581,STN_GGN_02,Gurugram,MALL,26.0,90.0,81.2,TYPE2_AC,22.0,False,51.97,50.33,173.23,194.86,1.125,0.4,0.0,NORMAL,False,False,MORNING,False
CHG_44EA6EAAAC,2026-08-05 11:07:19,2026-08-05 11:07:19,2026-08-05 11:36:59,JNY_837357298,USR_16006,STN_BLR_01,Bengaluru,OFFICE,39.8,80.0,84.6,CCS2,120.0,True,34.01,32.73,18.89,29.67,1.571,0.25,21.0,NORMAL,False,True,MORNING,False
CHG_212806A63D,2026-08-05 11:07:58,2026-08-05 11:07:58,2026-08-05 11:52:32,JNY_447106841,USR_13546,STN_JPR_02,Jaipur,HIGHWAY,28.9,80.0,64.3,CHAdeMO,50.0,True,32.86,31.63,43.81,44.58,1.018,0.4,0.0,NORMAL,False,False,MORNING,False
CHG_77F1532DCC,2026-08-05 11:09:15,2026-08-05 11:09:15,2026-08-05 11:33:25,JNY_506530956,USR_65871,STN_GGN_01,Gurugram,OFFICE,34.7,90.0,58.2,CCS2,90.0,True,32.18,31.75,26.22,24.17,0.922,0.75,0.0,NORMAL,False,False,MORNING,False
CHG_CAFEC47AD2,2026-08-05 11:11:38,2026-08-05 11:11:38,2026-08-05 11:36:03,JNY_500226351,USR_17542,STN_DEL_02,Delhi,OFFICE,20.7,80.0,63.4,CHAdeMO,100.0,True,37.6,36.73,25.06,24.43,0.975,0.5,0.0,NORMAL,False,False,MORNING,False
CHG_8C13C8E846,2026-08-05 11:13:25,2026-08-05 11:13:25,2026-08-05 11:33:25,JNY_358326535,USR_32176,STN_DEL_01,Delhi,MALL,55.9,80.0,89.8,CHAdeMO,75.0,True,21.64,20.62,19.24,20.01,1.04,0.4,0.0,NORMAL,False,False,MORNING,False
CHG_2661AEAFA7,2026-08-05 11:15:17,2026-08-05 11:15:17,2026-08-05 11:49:56,JNY_636412783,USR_63031,STN_JPR_02,Jaipur,HIGHWAY,16.2,85.0,59.7,CCS2,120.0,True,41.07,39.08,23.96,34.66,1.447,0.2,8.0,MINOR_SLOWDOWN,True,False,MORNING,False
CHG_9581EA95FC,2026-08-05 11:15:41,2026-08-05 11:15:41,2026-08-05 11:39:25,JNY_998639107,USR_72341,STN_MUM_02,Mumbai,RESIDENTIAL,30.2,85.0,80.0,CCS2,120.0,True,43.84,42.27,25.57,23.74,0.928,0.75,0.0,NORMAL,False,False,MORNING,False
CHG_44660951AC,2026-08-05 11:17:41,2026-08-05 11:17:41,2026-08-05 11:55:32,JNY_826201324,USR_68650,STN_GGN_02,Gurugram,MALL,31.7,80.0,81.6,CCS2,90.0,True,39.41,36.72,29.19,37.86,1.297,0.8,0.0,POWER_LIMITATION,True,False,MORNING,False
CHG_85B0B4D35E,2026-08-05 11:24:17,2026-08-05 11:24:17,2026-08-05 11:44:31,JNY_628014545,USR_10149,STN_MUM_02,Mumbai,RESIDENTIAL,47.1,80.0,78.1,CCS2,90.0,True,25.69,24.75,19.03,20.25,1.064,1.0,0.0,NORMAL,False,False,MORNING,False
CHG_3A5A9C909F,2026-08-05 11:27:39,2026-08-05 11:27:39,2026-08-05 13:07:21,JNY_580145245,USR_10404,STN_MUM_02,Mumbai,RESIDENTIAL,21.1,95.0,89.6,CHAdeMO,50.0,True,66.21,62.99,101.53,99.71,0.982,0.75,0.0,NORMAL,False,False,MORNING,False
CHG_38A9FCF834,2026-08-05 11:29:47,2026-08-05 11:29:47,2026-08-05 12:14:54,JNY_278666079,USR_77026,STN_MUM_02,Mumbai,RESIDENTIAL,40.7,85.0,73.8,CHAdeMO,50.0,True,32.69,31.67,45.77,45.13,0.986,1.0,0.0,NORMAL,False,False,MORNING,False
CHG_66D0FFEEC7,2026-08-05 11:37:01,2026-08-05 11:37:01,2026-08-05 11:57:09,JNY_761866180,USR_34274,STN_DEL_02,Delhi,OFFICE,47.9,85.0,67.7,CCS2,120.0,True,25.12,24.41,14.65,20.15,1.375,0.25,8.0,NORMAL,False,False,MORNING,False
CHG_2A1EF5B1BF,2026-08-05 11:47:38,2026-08-05 11:47:38,2026-08-05 12:20:33,JNY_518926194,USR_31412,STN_JPR_02,Jaipur,HIGHWAY,43.8,90.0,89.7,CCS2,120.0,True,41.44,39.49,25.33,32.93,1.3,0.2,14.0,NORMAL,False,False,MORNING,False
CHG_A59A19B786,2026-08-05 11:53:47,2026-08-05 11:53:47,2026-08-05 12:16:05,JNY_135453309,USR_37435,STN_GGN_02,Gurugram,MALL,38.1,85.0,72.6,CCS2,150.0,True,34.05,32.78,15.89,22.31,1.404,0.2,10.0,NORMAL,False,False,MORNING,False
CHG_E7B9BDC2C5,2026-08-05 12:00:18,2026-08-05 12:00:18,2026-08-05 12:56:54,JNY_579893773,USR_84558,STN_MUM_02,Mumbai,RESIDENTIAL,15.0,85.0,64.9,CCS2,60.0,True,45.43,44.49,53.0,56.62,1.068,1.0,0.0,NORMAL,False,False,AFTERNOON,False
CHG_09D94ADF53,2026-08-05 12:08:56,2026-08-05 12:08:56,2026-08-05 12:32:43,JNY_304723017,USR_94312,STN_DEL_02,Delhi,OFFICE,31.2,90.0,73.2,CCS2,150.0,True,43.04,41.56,21.04,23.79,1.131,0.5,0.0,NORMAL,False,False,AFTERNOON,False
CHG_8A604E74C8,2026-08-05 12:13:24,2026-08-05 12:13:24,2026-08-05 12:31:59,JNY_317464444,USR_10272,STN_JPR_01,Jaipur,MALL,39.3,80.0,89.0,CCS2,120.0,True,36.22,35.42,20.12,18.59,0.924,0.8,0.0,NORMAL,False,False,AFTERNOON,False
CHG_0AC4B9B17E,2026-08-05 12:13:50,2026-08-05 12:13:50,2026-08-05 12:25:19,JNY_347405079,USR_80542,STN_DEL_01,Delhi,MALL,55.1,80.0,56.4,CHAdeMO,75.0,True,14.04,13.41,12.48,11.5,0.921,0.6,0.0,NORMAL,False,False,AFTERNOON,False
CHG_F9C586D5B8,2026-08-05 12:18:25,2026-08-05 12:18:25,2026-08-05 12:57:38,JNY_846927909,USR_14321,STN_DEL_03,Delhi,HIGHWAY,29.5,85.0,57.1,CCS2,60.0,True,31.69,30.01,36.97,39.22,1.061,0.4,0.0,NORMAL,False,False,AFTERNOON,False
CHG_B37412BEF5,2026-08-05 12:21:34,2026-08-05 12:21:34,2026-08-05 13:17:05,JNY_431406178,USR_13481,STN_GGN_01,Gurugram,OFFICE,32.2,80.0,74.0,CCS2,60.0,True,35.37,34.12,39.3,55.52,1.413,0.25,14.0,NORMAL,False,False,AFTERNOON,False
CHG_6C34BDF026,2026-08-05 12:24:15,2026-08-05 12:24:15,2026-08-05 12:48:58,JNY_119992959,USR_69951,STN_MUM_01,Mumbai,MALL,44.1,85.0,72.2,CCS2,90.0,True,29.53,27.82,22.97,24.73,1.077,0.8,0.0,NORMAL,False,False,AFTERNOON,False
CHG_79CD7E2CB2,2026-08-05 12:28:59,2026-08-05 12:28:59,2026-08-05 13:44:27,JNY_456414444,USR_53989,STN_DEL_03,Delhi,HIGHWAY,25.5,80.0,73.1,CCS2,60.0,True,39.84,37.83,44.27,75.48,1.705,0.2,10.0,POWER_LIMITATION,True,True,AFTERNOON,False
CHG_E29C28E000,2026-08-05 12:34:05,2026-08-05 12:34:05,2026-08-05 14:18:09,JNY_940522886,USR_13773,STN_DEL_01,Delhi,MALL,38.6,85.0,61.8,TYPE2_AC,22.0,False,28.68,27.79,91.24,104.08,1.141,0.2,6.0,NORMAL,False,False,AFTERNOON,False
CHG_B174A169D7,2026-08-05 12:38:06,2026-08-05 12:38:06,2026-08-05 13:08:26,JNY_350482977,USR_18398,STN_MUM_01,Mumbai,MALL,49.1,90.0,82.5,CCS2,90.0,True,33.74,31.94,27.49,30.35,1.104,0.4,0.0,NORMAL,False,False,AFTERNOON,False
CHG_5519E22405,2026-08-05 12:43:10,2026-08-05 12:43:10,2026-08-05 13:32:21,JNY_675710301,USR_50292,STN_MUM_01,Mumbai,MALL,35.4,85.0,90.0,CHAdeMO,75.0,True,44.64,42.72,41.66,49.19,1.181,0.8,0.0,MINOR_SLOWDOWN,True,False,AFTERNOON,False
CHG_A0831114E7,2026-08-05 12:43:29,2026-08-05 12:43:29,2026-08-05 13:17:05,JNY_369842805,USR_39116,STN_DEL_03,Delhi,HIGHWAY,25.3,80.0,83.7,CCS2,120.0,True,45.78,45.05,25.44,33.6,1.321,0.4,9.0,NORMAL,False,False,AFTERNOON,False
CHG_AAC1BC0BA1,2026-08-05 12:48:58,2026-08-05 12:48:58,2026-08-05 13:24:44,JNY_409767458,USR_71385,STN_GGN_01,Gurugram,OFFICE,38.1,85.0,77.8,CCS2,90.0,True,36.49,35.27,28.38,35.77,1.261,0.5,6.0,NORMAL,False,False,AFTERNOON,False
CHG_E0222269AA,2026-08-05 12:56:39,2026-08-05 12:56:39,2026-08-05 13:58:29,JNY_242273582,USR_75836,STN_JPR_01,Jaipur,MALL,23.2,80.0,59.2,CHAdeMO,50.0,True,33.63,32.0,44.83,61.85,1.379,0.2,4.0,MINOR_SLOWDOWN,True,False,AFTERNOON,False
CHG_19F134D516,2026-08-05 13:02:55,2026-08-05 13:02:55,2026-08-05 13:27:20,JNY_898743204,USR_33345,STN_GGN_01,Gurugram,OFFICE,46.9,80.0,61.0,CCS2,60.0,True,20.19,19.56,22.43,24.43,1.089,0.25,2.0,NORMAL,False,False,AFTERNOON,False
CHG_436948B11E,2026-08-05 13:03:51,2026-08-05 13:03:51,2026-08-05 13:16:29,JNY_196666334,USR_80681,STN_DEL_02,Delhi,OFFICE,57.5,80.0,66.5,CCS2,90.0,True,14.96,14.29,11.08,12.64,1.14,0.25,4.0,NORMAL,False,False,AFTERNOON,False
CHG_2760C2A199,2026-08-05 13:07:02,2026-08-05 13:07:02,2026-08-05 13:24:20,JNY_814746079,USR_28126,STN_JPR_01,Jaipur,MALL,54.0,80.0,58.1,CHAdeMO,75.0,True,15.11,14.49,13.43,17.3,1.289,0.4,11.0,NORMAL,False,False,AFTERNOON,False
CHG_6280D0267C,2026-08-05 13:08:30,2026-08-05 13:08:30,2026-08-05 13:44:51,JNY_762569955,USR_13990,STN_DEL_01,Delhi,MALL,28.5,85.0,71.0,CHAdeMO,75.0,True,40.12,38.76,37.44,36.35,0.971,0.6,0.0,NORMAL,False,False,AFTERNOON,False
CHG_99B43946D7,2026-08-05 13:11:25,2026-08-05 13:11:25,2026-08-05 13:27:52,JNY_895508647,USR_82043,STN_DEL_03,Delhi,HIGHWAY,40.2,80.0,78.9,CCS2,150.0,True,31.4,29.43,13.96,16.46,1.179,0.4,6.0,NORMAL,False,False,AFTERNOON,False
CHG_86BA5F517C,2026-08-05 13:18:11,2026-08-05 13:18:11,2026-08-05 13:35:06,JNY_701464900,USR_19255,STN_JPR_02,Jaipur,HIGHWAY,51.6,85.0,73.0,CCS2,120.0,True,24.38,22.92,14.22,16.92,1.19,0.4,5.0,NORMAL,False,False,AFTERNOON,False
CHG_7D5783C247,2026-08-05 13:19:57,2026-08-05 13:19:57,2026-08-05 13:48:48,JNY_164918266,USR_61501,STN_GGN_02,Gurugram,MALL,23.0,85.0,82.2,CCS2,150.0,True,50.96,50.03,23.78,28.85,1.213,0.2,6.0,NORMAL,False,False,AFTERNOON,False
CHG_EFBD2B848C,2026-08-05 13:28:05,2026-08-05 13:28:05,2026-08-05 14:17:09,JNY_365750868,USR_12221,STN_GGN_01,Gurugram,OFFICE,37.0,85.0,66.8,CHAdeMO,75.0,True,32.06,31.81,29.93,49.07,1.64,0.0,20.0,NORMAL,False,True,AFTERNOON,False
CHG_5817D0521F,2026-08-05 13:29:26,2026-08-05 13:29:26,2026-08-05 14:25:41,JNY_705402954,USR_74712,STN_JPR_02,Jaipur,HIGHWAY,28.3,85.0,63.8,CHAdeMO,50.0,True,36.17,35.18,50.64,56.25,1.111,0.4,3.0,NORMAL,False,False,AFTERNOON,False
CHG_0538DC6536,2026-08-05 13:31:50,2026-08-05 13:31:50,2026-08-05 13:54:26,JNY_962735798,USR_61091,STN_GGN_02,Gurugram,MALL,30.4,80.0,86.6,CCS2,150.0,True,42.95,41.64,19.09,22.6,1.184,0.4,7.0,NORMAL,False,False,AFTERNOON,False
CHG_95E9B8973F,2026-08-05 13:35:57,2026-08-05 13:35:57,2026-08-05 14:18:53,JNY_691653045,USR_63013,STN_MUM_01,Mumbai,MALL,34.6,85.0,80.5,CHAdeMO,75.0,True,40.57,38.42,37.87,42.94,1.134,0.4,10.0,NORMAL,False,False,AFTERNOON,False
CHG_66A97F224A,2026-08-05 13:37:27,2026-08-05 13:37:27,2026-08-05 14:08:14,JNY_182818203,USR_46615,STN_DEL_01,Delhi,MALL,18.1,80.0,89.3,CCS2,120.0,True,55.28,52.27,30.71,30.8,1.003,0.4,0.0,NORMAL,False,False,AFTERNOON,False
CHG_874C84B726,2026-08-05 13:40:00,2026-08-05 13:40:00,2026-08-05 19:07:32,JNY_523713199,USR_26282,STN_DEL_01,Delhi,MALL,11.8,85.0,69.8,TYPE2_AC,11.0,False,51.09,48.36,325.14,327.55,1.007,0.8,0.0,NORMAL,False,False,AFTERNOON,False
CHG_FC73A4DE02,2026-08-05 13:40:05,2026-08-05 13:40:05,2026-08-05 15:21:26,JNY_420504495,USR_99190,STN_DEL_03,Delhi,HIGHWAY,46.2,90.0,61.0,TYPE2_AC,22.0,False,26.72,25.1,89.06,101.36,1.138,0.2,2.0,NORMAL,False,False,AFTERNOON,False
CHG_63B7F7862A,2026-08-05 13:44:02,2026-08-05 13:44:02,2026-08-05 14:19:51,JNY_173978509,USR_79991,STN_DEL_01,Delhi,MALL,18.2,90.0,88.1,CCS2,120.0,True,63.26,60.23,38.66,35.82,0.927,0.8,0.0,NORMAL,False,False,AFTERNOON,False
CHG_8C49232B96,2026-08-05 13:44:53,2026-08-05 13:44:53,2026-08-05 17:37:55,JNY_412272593,USR_34431,STN_MUM_02,Mumbai,RESIDENTIAL,17.4,90.0,90.0,TYPE2_AC,22.0,False,65.34,62.03,217.8,233.04,1.07,1.0,0.0,NORMAL,False,False,AFTERNOON,False
CHG_801BF0A629,2026-08-05 13:52:15,2026-08-05 13:52:15,2026-08-05 15:06:08,JNY_225715310,USR_91792,STN_JPR_02,Jaipur,HIGHWAY,24.3,90.0,90.0,CHAdeMO,75.0,True,59.13,56.13,57.82,73.89,1.278,0.2,8.0,NORMAL,False,False,AFTERNOON,False
CHG_4C515D822E,2026-08-05 14:16:24,2026-08-05 14:16:24,2026-08-05 14:44:42,JNY_505816867,USR_16989,STN_DEL_02,Delhi,OFFICE,25.9,80.0,80.7,CCS2,120.0,True,43.66,41.17,24.25,28.32,1.167,0.25,7.0,NORMAL,False,False,AFTERNOON,False
CHG_7993F1F6BC,2026-08-05 14:18:24,2026-08-05 14:18:24,2026-08-05 14:52:06,JNY_893878991,USR_34169,STN_GGN_01,Gurugram,OFFICE,43.2,85.0,89.0,CCS2,120.0,True,37.2,34.9,21.7,33.7,1.553,0.25,6.0,POWER_LIMITATION,True,True,AFTERNOON,False
CHG_8F494B61A2,2026-08-05 14:24:37,2026-08-05 14:24:37,2026-08-05 14:54:34,JNY_631064892,USR_70660,STN_DEL_02,Delhi,OFFICE,30.1,85.0,90.0,CCS2,120.0,True,49.41,48.09,28.82,29.96,1.04,0.5,0.0,NORMAL,False,False,AFTERNOON,False
CHG_0F49629C71,2026-08-05 14:28:05,2026-08-05 14:28:05,2026-08-05 14:47:32,JNY_229457677,USR_38501,STN_MUM_02,Mumbai,RESIDENTIAL,49.4,85.0,72.3,CHAdeMO,100.0,True,25.74,25.27,18.02,19.46,1.08,1.0,0.0,NORMAL,False,False,AFTERNOON,False
CHG_D1F4F0BCFD,2026-08-05 14:35:41,2026-08-05 14:35:41,2026-08-05 15:05:42,JNY_685300416,USR_42167,STN_MUM_01,Mumbai,MALL,28.6,95.0,67.2,CCS2,120.0,True,44.62,42.38,28.51,30.03,1.053,0.6,1.0,NORMAL,False,False,AFTERNOON,False
CHG_D7741D06A5,2026-08-05 14:36:59,2026-08-05 14:36:59,2026-08-05 15:07:45,JNY_870685115,USR_83371,STN_GGN_02,Gurugram,MALL,31.5,85.0,79.0,CCS2,90.0,True,42.27,40.44,32.87,30.77,0.936,1.0,0.0,NORMAL,False,False,AFTERNOON,False
CHG_CF3C68B251,2026-08-05 14:40:48,2026-08-05 14:40:48,2026-08-05 14:51:09,JNY_727763731,USR_98516,STN_GGN_02,Gurugram,MALL,54.9,85.0,59.3,CCS2,120.0,True,17.85,16.96,10.41,10.36,0.995,0.4,0.0,NORMAL,False,False,AFTERNOON,False
CHG_5282D4E31F,2026-08-05 14:46:41,2026-08-05 14:46:41,2026-08-05 15:40:44,JNY_187581307,USR_44902,STN_MUM_02,Mumbai,RESIDENTIAL,57.4,85.0,62.3,TYPE2_AC,22.0,False,17.19,17.04,54.71,54.06,0.988,1.0,0.0,NORMAL,False,False,AFTERNOON,False
CHG_3545467501,2026-08-05 14:48:03,2026-08-05 14:48:03,2026-08-05 15:34:35,JNY_391538247,USR_64421,STN_DEL_01,Delhi,MALL,13.0,80.0,66.1,CHAdeMO,75.0,True,44.29,42.74,39.37,46.53,1.182,0.4,10.0,NORMAL,False,False,AFTERNOON,False
CHG_F5E94E37B6,2026-08-05 14:48:33,2026-08-05 14:48:33,2026-08-05 19:22:33,JNY_388529772,USR_12963,STN_MUM_01,Mumbai,MALL,12.9,85.0,60.9,TYPE2_AC,11.0,False,43.91,41.9,279.42,274.01,0.981,0.8,0.0,NORMAL,False,False,AFTERNOON,False
CHG_9B6ED43E5C,2026-08-05 14:53:48,2026-08-05 14:53:48,2026-08-05 15:30:14,JNY_949905660,USR_47631,STN_MUM_01,Mumbai,MALL,33.9,90.0,64.2,CHAdeMO,75.0,True,36.02,35.04,35.22,36.44,1.035,0.6,0.0,NORMAL,False,False,AFTERNOON,False
CHG_C942A678C8,2026-08-05 14:58:52,2026-08-05 14:58:52,2026-08-05 15:35:59,JNY_250713344,USR_17533,STN_JPR_01,Jaipur,MALL,29.6,90.0,60.1,CCS2,90.0,True,36.3,34.31,29.58,37.12,1.255,0.4,11.0,NORMAL,False,False,AFTERNOON,False
CHG_D37DC9F107,2026-08-05 15:02:28,2026-08-05 15:02:28,2026-08-05 15:25:18,JNY_419472452,USR_49115,STN_DEL_02,Delhi,OFFICE,30.1,85.0,75.6,CCS2,120.0,True,41.5,38.83,24.21,22.84,0.943,0.75,0.0,NORMAL,False,False,AFTERNOON,False
CHG_88424B8185,2026-08-05 15:04:05,2026-08-05 15:04:05,2026-08-05 15:24:48,JNY_320172565,USR_96345,STN_BLR_01,Bengaluru,OFFICE,32.3,80.0,66.3,CCS2,120.0,True,31.63,30.94,17.57,20.72,1.18,0.25,8.0,NORMAL,False,False,AFTERNOON,False
CHG_B1E165D6F3,2026-08-05 15:04:10,2026-08-05 15:04:10,2026-08-05 15:20:53,JNY_871544740,USR_50111,STN_GGN_01,Gurugram,OFFICE,33.2,80.0,76.3,CCS2,150.0,True,35.71,33.91,15.87,16.72,1.053,0.5,0.0,NORMAL,False,False,AFTERNOON,False
CHG_180EA3BB52,2026-08-05 15:05:12,2026-08-05 15:05:12,2026-08-05 16:09:57,JNY_468386599,USR_92605,STN_MUM_02,Mumbai,RESIDENTIAL,29.7,90.0,69.7,CHAdeMO,50.0,True,42.03,40.33,61.64,64.75,1.05,1.0,5.0,NORMAL,False,False,AFTERNOON,False
CHG_20D51BF220,2026-08-05 15:05:35,2026-08-05 15:05:35,2026-08-05 20:06:14,JNY_243506124,USR_41706,STN_JPR_01,Jaipur,MALL,16.6,80.0,76.1,TYPE2_AC,11.0,False,48.25,46.2,292.41,300.65,1.028,0.6,0.0,NORMAL,False,False,AFTERNOON,False
CHG_6F029A17D8,2026-08-05 15:06:00,2026-08-05 15:06:00,2026-08-05 16:15:50,JNY_800465933,USR_54776,STN_BLR_01,Bengaluru,OFFICE,37.9,85.0,82.2,CHAdeMO,50.0,True,38.72,36.89,54.2,69.85,1.289,0.0,10.0,NORMAL,False,False,AFTERNOON,False
CHG_7A1C1744B8,2026-08-05 15:07:48,2026-08-05 15:07:48,2026-08-05 15:34:21,JNY_377674877,USR_53723,STN_JPR_01,Jaipur,MALL,30.6,95.0,69.9,CCS2,120.0,True,45.02,43.03,28.76,26.55,0.923,0.8,0.0,NORMAL,False,False,AFTERNOON,False
CHG_692D94C5F1,2026-08-05 15:17:14,2026-08-05 15:17:14,2026-08-05 15:51:24,JNY_650082262,USR_71925,STN_MUM_02,Mumbai,RESIDENTIAL,27.1,85.0,70.4,CCS2,90.0,True,40.76,38.45,31.7,34.18,1.078,0.75,0.0,NORMAL,False,False,AFTERNOON,False
CHG_A01DED92F2,2026-08-05 15:22:50,2026-08-05 15:22:50,2026-08-05 21:22:50,JNY_530792197,USR_46068,STN_BLR_01,Bengaluru,OFFICE,24.4,85.0,63.8,TYPE2_AC,7.2,False,38.66,37.36,375.89,360.0,0.958,0.25,12.0,POWER_LIMITATION,True,False,AFTERNOON,False
CHG_01FBB3E3C0,2026-08-05 15:24:32,2026-08-05 15:24:32,2026-08-05 20:15:51,JNY_976164277,USR_63787,STN_DEL_03,Delhi,HIGHWAY,52.5,85.0,89.7,TYPE2_AC,7.2,False,29.15,27.93,283.43,291.32,1.028,0.6,0.0,NORMAL,False,False,AFTERNOON,False
CHG_0438FA2D62,2026-08-05 15:27:46,2026-08-05 15:27:46,2026-08-05 16:02:06,JNY_177804642,USR_54317,STN_DEL_01,Delhi,MALL,30.7,90.0,88.5,CCS2,120.0,True,52.48,50.87,32.07,34.34,1.071,0.6,0.0,NORMAL,False,False,AFTERNOON,False
CHG_689F36C72F,2026-08-05 15:33:09,2026-08-05 15:33:09,2026-08-05 16:02:50,JNY_288447913,USR_19487,STN_MUM_02,Mumbai,RESIDENTIAL,26.9,85.0,90.0,CCS2,120.0,True,52.29,49.77,30.5,29.68,0.973,0.75,0.0,NORMAL,False,False,AFTERNOON,False
CHG_BE88D1AC34,2026-08-05 15:35:18,2026-08-05 15:35:18,2026-08-05 18:41:36,JNY_385969222,USR_66384,STN_MUM_01,Mumbai,MALL,54.7,85.0,78.7,TYPE2_AC,11.0,False,23.85,23.24,151.75,186.31,1.228,0.2,5.0,NORMAL,False,False,AFTERNOON,False
CHG_1D84D3A0B2,2026-08-05 15:39:38,2026-08-05 15:39:38,2026-08-05 16:02:18,JNY_340649748,USR_11546,STN_JPR_02,Jaipur,HIGHWAY,37.0,85.0,83.9,CCS2,120.0,True,40.27,37.68,23.49,22.67,0.965,0.6,0.0,NORMAL,False,False,AFTERNOON,False
CHG_20E13550BA,2026-08-05 15:41:57,2026-08-05 15:41:57,2026-08-05 17:46:11,JNY_843083919,USR_18114,STN_JPR_01,Jaipur,MALL,39.2,85.0,71.4,TYPE2_AC,22.0,False,32.7,31.43,104.05,124.24,1.194,0.2,8.0,NORMAL,False,False,AFTERNOON,False
CHG_30AE7F41D7,2026-08-05 15:49:38,2026-08-05 15:49:38,2026-08-05 19:05:35,JNY_482310789,USR_69216,STN_GGN_01,Gurugram,OFFICE,50.5,80.0,90.0,TYPE2_AC,11.0,False,26.55,24.94,160.91,195.96,1.218,0.25,2.0,NORMAL,False,False,AFTERNOON,False
CHG_A6FD22F810,2026-08-05 15:55:00,2026-08-05 15:55:00,2026-08-05 16:07:58,JNY_549657420,USR_92791,STN_MUM_02,Mumbai,RESIDENTIAL,49.8,85.0,76.0,CCS2,150.0,True,26.75,26.09,12.48,12.98,1.04,1.0,0.0,NORMAL,False,False,AFTERNOON,False
CHG_3426B858ED,2026-08-05 16:23:33,2026-08-05 16:23:33,2026-08-05 16:36:49,JNY_838373761,USR_24083,STN_JPR_02,Jaipur,HIGHWAY,59.2,80.0,69.3,CHAdeMO,75.0,True,14.41,13.44,12.81,13.28,1.037,0.4,0.0,NORMAL,False,False,AFTERNOON,False
CHG_906A32939F,2026-08-05 16:24:54,2026-08-05 16:24:54,2026-08-05 16:54:41,JNY_451648265,USR_27540,STN_MUM_01,Mumbai,MALL,22.4,85.0,65.7,CCS2,120.0,True,41.13,38.99,23.99,29.78,1.241,0.8,0.0,MINOR_SLOWDOWN,True,False,AFTERNOON,False
CHG_64640F5D1B,2026-08-05 16:31:29,2026-08-05 16:31:29,2026-08-05 17:28:19,JNY_884095076,USR_35421,STN_JPR_02,Jaipur,HIGHWAY,12.4,90.0,77.5,CCS2,90.0,True,60.14,57.0,49.0,56.84,1.16,0.4,10.0,NORMAL,False,False,AFTERNOON,False
CHG_0299A07CF9,2026-08-05 16:34:43,2026-08-05 16:34:43,2026-08-05 16:54:16,JNY_937115972,USR_42871,STN_DEL_02,Delhi,OFFICE,13.8,80.0,60.2,CCS2,150.0,True,39.85,37.76,17.71,19.56,1.104,0.5,8.0,NORMAL,False,False,AFTERNOON,False
CHG_806F4C2D9C,2026-08-05 16:35:07,2026-08-05 16:35:07,2026-08-05 19:53:35,JNY_933340867,USR_99890,STN_BLR_01,Bengaluru,OFFICE,54.9,80.0,66.1,TYPE2_AC,7.2,False,16.59,15.68,153.62,198.48,1.292,0.25,3.0,NORMAL,False,False,AFTERNOON,False
CHG_645DAC685F,2026-08-05 16:44:17,2026-08-05 16:44:17,2026-08-05 17:20:15,JNY_401427466,USR_56710,STN_DEL_02,Delhi,OFFICE,21.0,80.0,90.0,CCS2,120.0,True,53.1,51.09,29.5,35.98,1.22,0.25,2.0,NORMAL,False,False,AFTERNOON,False
CHG_22C3884FB4,2026-08-05 16:46:45,2026-08-05 16:46:45,2026-08-05 17:36:18,JNY_704865633,USR_12875,STN_GGN_01,Gurugram,OFFICE,17.2,85.0,90.0,CCS2,120.0,True,61.02,57.51,35.6,49.56,1.392,0.25,3.0,MINOR_SLOWDOWN,True,False,AFTERNOON,False
CHG_E4C5641734,2026-08-05 16:48:30,2026-08-05 16:48:30,2026-08-05 17:42:15,JNY_740746507,USR_41181,STN_DEL_01,Delhi,MALL,32.5,80.0,69.1,CHAdeMO,50.0,True,32.82,30.82,43.76,53.75,1.228,0.4,11.0,NORMAL,False,False,AFTERNOON,False
CHG_6551722780,2026-08-05 16:49:18,2026-08-05 16:49:18,2026-08-05 17:35:58,JNY_472814958,USR_69470,STN_DEL_01,Delhi,MALL,11.9,80.0,65.9,CCS2,90.0,True,44.88,43.57,33.24,46.67,1.404,0.2,9.0,NORMAL,False,False,AFTERNOON,False
CHG_9ACB52BE10,2026-08-05 16:55:02,2026-08-05 16:55:02,2026-08-05 19:10:29,JNY_271787872,USR_70697,STN_DEL_01,Delhi,MALL,21.6,85.0,66.1,TYPE2_AC,22.0,False,41.91,40.07,133.34,135.45,1.016,0.6,0.0,NORMAL,False,False,AFTERNOON,False
CHG_6B21D0F5D4,2026-08-05 17:06:13,2026-08-05 17:06:13,2026-08-05 17:38:42,JNY_792535830,USR_57280,STN_JPR_02,Jaipur,HIGHWAY,12.1,85.0,60.4,CCS2,120.0,True,44.03,41.22,25.69,32.48,1.265,0.2,2.0,NORMAL,False,False,EVENING,False
CHG_348E303E8F,2026-08-05 17:11:53,2026-08-05 17:11:53,2026-08-05 17:46:41,JNY_286386786,USR_94659,STN_JPR_01,Jaipur,MALL,32.3,80.0,78.4,CHAdeMO,75.0,True,37.4,36.26,33.24,34.81,1.047,0.4,5.0,NORMAL,False,False,EVENING,False
CHG_6A7014B5BD,2026-08-05 17:14:25,2026-08-05 17:14:25,2026-08-05 17:37:43,JNY_970782077,USR_38270,STN_GGN_02,Gurugram,MALL,49.9,80.0,65.3,CCS2,90.0,True,19.66,18.38,14.56,23.32,1.601,0.2,18.0,NORMAL,False,True,EVENING,False
CHG_C8E074CCFE,2026-08-05 17:14:46,2026-08-05 17:14:46,2026-08-05 17:44:13,JNY_560555540,USR_18867,STN_DEL_03,Delhi,HIGHWAY,49.4,80.0,89.4,CCS2,60.0,True,27.36,26.35,30.4,29.45,0.969,0.6,0.0,NORMAL,False,False,EVENING,False
CHG_D4A01F97A4,2026-08-05 17:14:50,2026-08-05 17:14:50,2026-08-05 19:28:42,JNY_210595577,USR_28037,STN_BLR_01,Bengaluru,OFFICE,39.2,90.0,71.9,CCS2,60.0,True,36.53,35.01,44.64,133.87,2.999,0.25,17.0,CHARGER_FAULT,True,True,EVENING,False
CHG_A2F36966B7,2026-08-05 17:17:55,2026-08-05 17:17:55,2026-08-05 17:59:58,JNY_225723051,USR_70667,STN_MUM_02,Mumbai,RESIDENTIAL,13.7,95.0,63.0,CCS2,90.0,True,51.22,49.41,43.63,42.06,0.964,1.0,0.0,NORMAL,False,False,EVENING,False
CHG_A0B970BC1F,2026-08-05 17:20:50,2026-08-05 17:20:50,2026-08-05 18:08:26,JNY_134336903,USR_54219,STN_DEL_02,Delhi,OFFICE,23.8,80.0,60.1,CCS2,60.0,True,33.78,32.88,37.53,47.61,1.269,0.5,10.0,NORMAL,False,False,EVENING,False
CHG_9C3B785ACA,2026-08-05 17:21:09,2026-08-05 17:21:09,2026-08-05 17:44:15,JNY_487410284,USR_44800,STN_GGN_01,Gurugram,OFFICE,41.2,85.0,81.4,CCS2,150.0,True,35.65,34.31,16.64,23.1,1.389,0.25,10.0,NORMAL,False,False,EVENING,False
CHG_986BC0A06F,2026-08-05 17:26:02,2026-08-05 17:26:02,2026-08-05 18:17:49,JNY_585529395,USR_47876,STN_MUM_02,Mumbai,RESIDENTIAL,40.8,90.0,90.0,CCS2,60.0,True,44.28,41.93,54.12,51.8,0.957,0.75,0.0,NORMAL,False,False,EVENING,False
CHG_789B64B3CF,2026-08-05 17:28:46,2026-08-05 17:28:46,2026-08-05 19:04:39,JNY_378408290,USR_72789,STN_JPR_01,Jaipur,MALL,28.2,80.0,56.0,TYPE2_AC,22.0,False,29.01,28.6,87.9,95.89,1.091,0.4,0.0,NORMAL,False,False,EVENING,False
CHG_66416D3A3F,2026-08-05 17:41:51,2026-08-05 17:41:51,2026-08-05 17:57:20,JNY_572235193,USR_76783,STN_MUM_02,Mumbai,RESIDENTIAL,54.2,85.0,77.3,CCS2,120.0,True,23.81,22.71,13.89,15.48,1.115,0.5,0.0,NORMAL,False,False,EVENING,False
CHG_D925741A24,2026-08-05 17:43:40,2026-08-05 17:43:40,2026-08-05 23:36:17,JNY_237820242,USR_33238,STN_DEL_01,Delhi,MALL,35.6,80.0,84.5,TYPE2_AC,11.0,False,37.52,37.27,227.38,352.63,1.551,0.2,28.0,NORMAL,False,True,EVENING,False
CHG_8E6C06AED9,2026-08-05 17:50:10,2026-08-05 17:50:10,2026-08-05 18:14:20,JNY_139510000,USR_60930,STN_DEL_01,Delhi,MALL,45.2,85.0,83.6,CCS2,120.0,True,33.27,32.0,19.41,24.18,1.246,0.2,4.0,NORMAL,False,False,EVENING,False
CHG_6C5887C5AF,2026-08-05 17:51:22,2026-08-05 17:51:22,2026-08-05 18:13:33,JNY_247529494,USR_32178,STN_GGN_02,Gurugram,MALL,33.5,80.0,72.3,CCS2,120.0,True,33.62,31.54,18.68,22.2,1.188,0.2,2.0,NORMAL,False,False,EVENING,False
CHG_2A127BBA00,2026-08-05 17:51:33,2026-08-05 17:51:33,2026-08-05 18:50:48,JNY_490420948,USR_31741,STN_GGN_02,Gurugram,MALL,23.2,90.0,86.3,CHAdeMO,75.0,True,57.65,55.87,56.37,59.26,1.051,0.4,0.0,NORMAL,False,False,EVENING,False
CHG_9215B3B9D0,2026-08-05 17:53:07,2026-08-05 17:53:07,2026-08-05 18:28:00,JNY_176178687,USR_47937,STN_JPR_01,Jaipur,MALL,33.1,85.0,68.9,CCS2,90.0,True,35.76,34.16,27.81,34.89,1.254,0.2,4.0,NORMAL,False,False,EVENING,False
CHG_8084C317BC,2026-08-05 17:55:09,2026-08-05 17:55:09,2026-08-05 18:34:19,JNY_800685379,USR_48180,STN_BLR_01,Bengaluru,OFFICE,32.4,95.0,83.7,CCS2,120.0,True,52.4,50.05,33.48,39.18,1.17,0.25,6.0,NORMAL,False,False,EVENING,False
CHG_8E1778D369,2026-08-05 18:04:13,2026-08-05 18:04:13,2026-08-05 18:53:47,JNY_352926380,USR_30573,STN_DEL_03,Delhi,HIGHWAY,16.8,80.0,88.6,CCS2,90.0,True,56.0,55.17,41.48,49.58,1.195,0.2,2.0,NORMAL,False,False,EVENING,False
CHG_A98CFA63B2,2026-08-05 18:07:10,2026-08-05 18:07:10,2026-08-05 18:38:08,JNY_501768844,USR_64831,STN_MUM_02,Mumbai,RESIDENTIAL,32.0,85.0,75.5,CCS2,90.0,True,40.02,38.45,31.12,30.98,0.995,1.0,0.0,NORMAL,False,False,EVENING,False
CHG_E2706829BE,2026-08-05 18:07:15,2026-08-05 18:07:15,2026-08-05 21:23:05,JNY_898484448,USR_86045,STN_JPR_01,Jaipur,MALL,24.2,80.0,79.8,TYPE2_AC,22.0,False,44.53,42.45,134.93,195.84,1.451,0.2,13.0,NORMAL,False,False,EVENING,False
CHG_369124648E,2026-08-05 18:19:14,2026-08-05 18:19:14,2026-08-05 19:07:33,JNY_954413716,USR_13401,STN_BLR_01,Bengaluru,OFFICE,37.7,80.0,67.5,CHAdeMO,50.0,True,28.55,27.95,38.07,48.33,1.27,0.25,4.0,NORMAL,False,False,EVENING,False
CHG_C29BEA04D0,2026-08-05 18:34:09,2026-08-05 18:34:09,2026-08-05 19:03:25,JNY_320036460,USR_58702,STN_GGN_01,Gurugram,OFFICE,58.2,80.0,79.9,CCS2,60.0,True,17.42,16.85,19.35,29.27,1.513,0.25,8.0,MINOR_SLOWDOWN,True,True,EVENING,False
CHG_9F176C0EC3,2026-08-05 18:42:18,2026-08-05 18:42:18,2026-08-05 19:06:50,JNY_616777093,USR_81830,STN_DEL_03,Delhi,HIGHWAY,18.0,80.0,59.7,CCS2,120.0,True,37.01,35.69,20.56,24.54,1.193,0.2,4.0,NORMAL,False,False,EVENING,False
CHG_3A875B5543,2026-08-05 18:47:50,2026-08-05 18:47:50,2026-08-06 00:47:50,JNY_666988106,USR_59177,STN_MUM_02,Mumbai,RESIDENTIAL,34.7,85.0,67.2,TYPE2_AC,7.2,False,33.8,32.18,328.63,360.0,1.095,0.25,3.0,NORMAL,False,False,EVENING,False
CHG_E085CBC422,2026-08-05 18:52:20,2026-08-05 18:52:20,2026-08-05 19:19:27,JNY_420111890,USR_34735,STN_MUM_02,Mumbai,RESIDENTIAL,33.6,90.0,73.9,CCS2,120.0,True,41.68,40.15,25.47,27.12,1.065,1.0,5.0,NORMAL,False,False,EVENING,False
CHG_61AFCA9942,2026-08-05 18:59:55,2026-08-05 18:59:55,2026-08-05 19:40:55,JNY_550278818,USR_25316,STN_MUM_01,Mumbai,MALL,32.4,85.0,82.7,CCS2,90.0,True,43.5,41.05,33.83,41.01,1.212,0.2,6.0,NORMAL,False,False,EVENING,False
CHG_94A9BFBB42,2026-08-05 19:01:33,2026-08-05 19:01:33,2026-08-05 19:26:56,JNY_534801773,USR_58819,STN_DEL_01,Delhi,MALL,44.7,85.0,88.9,CCS2,120.0,True,35.83,34.08,20.9,25.4,1.215,0.2,5.0,NORMAL,False,False,EVENING,False
CHG_98346F0655,2026-08-05 19:08:43,2026-08-05 19:08:43,2026-08-05 19:50:44,JNY_944768044,USR_37045,STN_BLR_01,Bengaluru,OFFICE,18.0,85.0,79.6,CCS2,120.0,True,53.33,51.61,31.11,42.02,1.351,0.25,10.0,NORMAL,False,False,EVENING,False
CHG_4EA57F2126,2026-08-05 19:09:28,2026-08-05 19:09:28,2026-08-05 19:38:05,JNY_932968651,USR_60196,STN_GGN_01,Gurugram,OFFICE,48.1,85.0,81.5,CCS2,90.0,True,30.07,28.91,23.39,28.63,1.224,0.25,5.0,NORMAL,False,False,EVENING,False
CHG_E975B80BDA,2026-08-05 19:13:22,2026-08-05 19:13:22,2026-08-05 20:25:49,JNY_600474621,USR_21226,STN_MUM_02,Mumbai,RESIDENTIAL,18.7,85.0,79.0,CHAdeMO,75.0,True,52.38,49.84,48.89,72.47,1.482,0.0,32.0,NORMAL,False,False,EVENING,False
CHG_30E20AC5DD,2026-08-05 19:14:26,2026-08-05 19:14:26,2026-08-05 19:35:41,JNY_791814167,USR_81913,STN_JPR_02,Jaipur,HIGHWAY,49.4,85.0,76.6,CCS2,120.0,True,27.27,26.51,15.91,21.26,1.337,0.2,16.0,NORMAL,False,False,EVENING,False
CHG_7D1F5EC370,2026-08-05 19:18:57,2026-08-05 19:18:57,2026-08-05 19:43:01,JNY_129112381,USR_60419,STN_DEL_03,Delhi,HIGHWAY,35.0,85.0,74.9,CCS2,120.0,True,37.45,36.55,21.85,24.08,1.102,0.2,4.0,NORMAL,False,False,EVENING,False
CHG_13F76A528A,2026-08-05 19:21:25,2026-08-05 19:21:25,2026-08-05 19:59:29,JNY_812019949,USR_96663,STN_JPR_01,Jaipur,MALL,16.7,85.0,68.8,CCS2,90.0,True,46.99,44.82,36.55,38.07,1.042,0.4,0.0,NORMAL,False,False,EVENING,False
CHG_8FAB3BE64B,2026-08-05 19:25:30,2026-08-05 19:25:30,2026-08-05 21:20:05,JNY_992238557,USR_60478,STN_MUM_02,Mumbai,RESIDENTIAL,51.8,95.0,71.3,TYPE2_AC,22.0,False,30.8,30.49,107.34,114.6,1.068,1.0,1.0,NORMAL,False,False,EVENING,False
CHG_8A7C2C508B,2026-08-05 19:32:00,2026-08-05 19:32:00,2026-08-05 19:52:02,JNY_819195382,USR_68048,STN_JPR_01,Jaipur,MALL,28.3,85.0,59.6,CCS2,150.0,True,33.79,31.74,15.77,20.04,1.271,0.2,9.0,NORMAL,False,False,EVENING,False
CHG_CC616E8A1B,2026-08-05 19:32:23,2026-08-05 19:32:23,2026-08-05 20:00:07,JNY_532840589,USR_21542,STN_BLR_01,Bengaluru,OFFICE,36.9,80.0,88.0,CCS2,90.0,True,37.93,36.27,28.09,27.74,0.987,0.5,0.0,NORMAL,False,False,EVENING,False
CHG_C87564341A,2026-08-05 19:32:49,2026-08-05 19:32:49,2026-08-05 23:52:41,JNY_281891159,USR_69137,STN_BLR_01,Bengaluru,OFFICE,17.0,80.0,65.5,TYPE2_AC,11.0,False,41.27,39.41,250.09,259.88,1.039,0.5,4.0,NORMAL,False,False,EVENING,False
CHG_E4633D7C1E,2026-08-05 19:36:08,2026-08-05 19:36:08,2026-08-05 20:22:03,JNY_456215321,USR_95385,STN_GGN_01,Gurugram,OFFICE,17.6,85.0,75.1,CCS2,90.0,True,50.62,48.22,39.37,45.93,1.167,0.5,6.0,NORMAL,False,False,EVENING,False
CHG_AC8AA2E651,2026-08-05 19:38:43,2026-08-05 19:38:43,2026-08-05 19:58:55,JNY_709092217,USR_16253,STN_JPR_02,Jaipur,HIGHWAY,44.7,80.0,80.2,CCS2,120.0,True,28.31,26.76,15.73,20.21,1.285,0.4,9.0,NORMAL,False,False,EVENING,False
CHG_13337BC30F,2026-08-05 19:40:01,2026-08-05 19:40:01,2026-08-05 19:57:02,JNY_968089264,USR_47873,STN_DEL_01,Delhi,MALL,35.4,80.0,60.7,CCS2,120.0,True,27.07,25.75,15.04,17.02,1.132,0.2,2.0,NORMAL,False,False,EVENING,False
CHG_0E8A3ABCD3,2026-08-05 19:45:12,2026-08-05 19:45:12,2026-08-05 20:59:27,JNY_158403244,USR_42131,STN_BLR_01,Bengaluru,OFFICE,16.8,80.0,80.8,CHAdeMO,50.0,True,51.07,49.73,68.09,74.25,1.091,0.75,0.0,NORMAL,False,False,EVENING,False
CHG_AC4C6BA7C4,2026-08-05 19:47:03,2026-08-05 19:47:03,2026-08-05 20:01:45,JNY_244468359,USR_57618,STN_DEL_01,Delhi,MALL,51.7,80.0,83.6,CCS2,120.0,True,23.66,22.5,13.14,14.71,1.119,0.4,0.0,NORMAL,False,False,EVENING,False
CHG_E3BEB9D8AF,2026-08-05 19:53:15,2026-08-05 19:53:15,2026-08-05 20:42:42,JNY_149069032,USR_48594,STN_DEL_02,Delhi,OFFICE,21.6,85.0,85.1,CCS2,120.0,True,53.95,52.22,31.47,49.46,1.572,0.25,27.0,NORMAL,False,True,EVENING,False
CHG_8EC3368959,2026-08-05 19:54:53,2026-08-05 19:54:53,2026-08-05 20:13:55,JNY_536502338,USR_85924,STN_GGN_01,Gurugram,OFFICE,40.8,85.0,73.0,CCS2,120.0,True,32.27,30.59,18.82,19.04,1.012,1.0,0.0,NORMAL,False,False,EVENING,False
CHG_2412609A61,2026-08-05 19:57:57,2026-08-05 19:57:57,2026-08-05 20:35:21,JNY_920110475,USR_22282,STN_MUM_01,Mumbai,MALL,28.6,90.0,89.9,CCS2,150.0,True,55.2,53.72,26.99,37.41,1.386,0.0,6.0,NORMAL,False,False,EVENING,False
CHG_86B6BC1400,2026-08-05 19:58:14,2026-08-05 19:58:14,2026-08-05 20:28:49,JNY_846478627,USR_98355,STN_BLR_01,Bengaluru,OFFICE,25.3,85.0,77.0,CCS2,120.0,True,45.97,45.35,26.82,30.59,1.141,1.0,0.0,MINOR_SLOWDOWN,True,False,EVENING,False
CHG_AD35CF16C3,2026-08-05 19:58:48,2026-08-05 19:58:48,2026-08-05 21:08:08,JNY_614639844,USR_41775,STN_JPR_01,Jaipur,MALL,20.9,85.0,84.6,CHAdeMO,75.0,True,54.23,51.43,50.61,69.35,1.37,0.2,10.0,NORMAL,False,False,EVENING,False
CHG_564482F632,2026-08-05 20:01:28,2026-08-05 20:01:28,2026-08-05 20:23:09,JNY_288917247,USR_94600,STN_DEL_01,Delhi,MALL,44.7,95.0,55.3,CCS2,120.0,True,27.82,26.55,17.77,21.69,1.22,0.2,5.0,NORMAL,False,False,EVENING,False
CHG_3B74559EC1,2026-08-05 20:06:04,2026-08-05 20:06:04,2026-08-05 20:38:44,JNY_797470817,USR_25517,STN_GGN_01,Gurugram,OFFICE,23.9,90.0,61.2,CCS2,90.0,True,40.45,39.05,32.96,32.67,0.991,1.0,0.0,NORMAL,False,False,EVENING,False
CHG_0C1DCE6394,2026-08-05 20:06:37,2026-08-05 20:06:37,2026-08-05 20:30:13,JNY_998901237,USR_42552,STN_GGN_01,Gurugram,OFFICE,25.5,85.0,70.5,CCS2,120.0,True,41.95,39.97,24.47,23.61,0.965,1.0,0.0,NORMAL,False,False,EVENING,False
CHG_08D010DFD7,2026-08-05 20:07:19,2026-08-05 20:07:19,2026-08-05 20:34:23,JNY_617798243,USR_61311,STN_JPR_02,Jaipur,HIGHWAY,33.4,90.0,68.1,CCS2,120.0,True,38.54,37.45,23.56,27.07,1.149,0.4,0.0,NORMAL,False,False,EVENING,False
CHG_311EF88BB1,2026-08-05 20:07:53,2026-08-05 20:07:53,2026-08-05 23:03:38,JNY_629182511,USR_46396,STN_JPR_02,Jaipur,HIGHWAY,31.4,80.0,81.8,TYPE2_AC,22.0,False,39.75,37.84,120.47,175.75,1.459,0.2,11.0,MINOR_SLOWDOWN,True,False,EVENING,False
CHG_E6EE585DAD,2026-08-05 20:11:09,2026-08-05 20:11:09,2026-08-05 20:40:12,JNY_912789907,USR_12608,STN_DEL_02,Delhi,OFFICE,38.0,90.0,84.1,CCS2,120.0,True,43.73,42.16,26.73,29.06,1.087,0.75,2.0,NORMAL,False,False,EVENING,False
CHG_45356E7C0A,2026-08-05 20:13:32,2026-08-05 20:13:32,2026-08-05 21:06:51,JNY_145772093,USR_23751,STN_BLR_01,Bengaluru,OFFICE,14.6,85.0,57.5,CHAdeMO,75.0,True,40.48,39.42,37.78,53.33,1.411,0.25,10.0,NORMAL,False,False,EVENING,False
CHG_5E56144971,2026-08-05 20:26:07,2026-08-05 20:26:07,2026-08-05 20:50:21,JNY_610871682,USR_21902,STN_DEL_02,Delhi,OFFICE,44.3,80.0,63.2,CCS2,60.0,True,22.56,22.26,25.07,24.24,0.967,1.0,3.0,NORMAL,False,False,EVENING,False
CHG_2D6182F1EF,2026-08-05 20:28:13,2026-08-05 20:28:13,2026-08-06 02:28:13,JNY_728518600,USR_39629,STN_MUM_02,Mumbai,RESIDENTIAL,26.9,85.0,90.0,TYPE2_AC,7.2,False,52.29,47.8,508.38,360.0,0.708,0.25,11.0,NORMAL,False,False,EVENING,False
CHG_4188BB40B6,2026-08-05 20:28:31,2026-08-05 20:28:31,2026-08-05 21:46:54,JNY_500381735,USR_97937,STN_MUM_01,Mumbai,MALL,52.1,80.0,90.0,TYPE2_AC,22.0,False,25.11,23.95,76.09,78.39,1.03,1.0,0.0,NORMAL,False,False,EVENING,False
CHG_DC4719C3F9,2026-08-05 20:31:01,2026-08-05 20:31:01,2026-08-05 20:52:39,JNY_863541143,USR_14862,STN_DEL_02,Delhi,OFFICE,44.5,80.0,87.7,CCS2,90.0,True,31.13,30.61,23.06,21.64,0.938,0.75,0.0,NORMAL,False,False,EVENING,False
CHG_1500A02B91,2026-08-05 20:31:32,2026-08-05 20:31:32,2026-08-05 21:25:28,JNY_245147276,USR_98596,STN_JPR_01,Jaipur,MALL,34.2,85.0,79.3,CCS2,60.0,True,40.28,39.33,47.0,53.95,1.148,0.4,0.0,NORMAL,False,False,EVENING,False
CHG_5F9BEC2AC8,2026-08-05 20:38:04,2026-08-05 20:38:04,2026-08-05 21:01:11,JNY_971219321,USR_58071,STN_MUM_02,Mumbai,RESIDENTIAL,27.5,85.0,75.5,CCS2,150.0,True,43.41,41.36,20.26,23.13,1.142,0.25,2.0,NORMAL,False,False,EVENING,False
CHG_5A061DA7FD,2026-08-05 20:38:40,2026-08-05 20:38:40,2026-08-05 21:01:43,JNY_828215389,USR_89399,STN_BLR_01,Bengaluru,OFFICE,44.7,90.0,80.9,CCS2,120.0,True,36.65,35.27,22.4,23.07,1.03,1.0,5.0,NORMAL,False,False,EVENING,False
CHG_790EF9DB77,2026-08-05 20:42:15,2026-08-05 20:42:15,2026-08-05 21:06:17,JNY_452714759,USR_47963,STN_JPR_02,Jaipur,HIGHWAY,34.7,85.0,82.2,CCS2,120.0,True,41.35,40.28,24.12,24.04,0.997,0.8,0.0,NORMAL,False,False,EVENING,False
CHG_DF1FC7FD67,2026-08-05 20:45:24,2026-08-05 20:45:24,2026-08-05 21:02:16,JNY_451161243,USR_41665,STN_DEL_02,Delhi,OFFICE,34.2,80.0,66.8,CCS2,120.0,True,30.59,28.88,17.0,16.88,0.993,0.75,2.0,NORMAL,False,False,EVENING,False
CHG_6BD178FBC7,2026-08-05 20:47:12,2026-08-05 20:47:12,2026-08-05 21:09:10,JNY_650534862,USR_86278,STN_BLR_01,Bengaluru,OFFICE,39.8,90.0,66.0,CCS2,120.0,True,33.13,31.83,20.25,21.98,1.086,1.0,3.0,NORMAL,False,False,EVENING,False
CHG_A29B3D895C,2026-08-05 20:48:49,2026-08-05 20:48:49,2026-08-05 21:12:00,JNY_749907857,USR_74703,STN_DEL_03,Delhi,HIGHWAY,25.8,80.0,60.2,CCS2,120.0,True,32.63,31.21,18.13,23.19,1.279,0.2,4.0,NORMAL,False,False,EVENING,False
CHG_1151052CBB,2026-08-05 20:54:33,2026-08-05 20:54:33,2026-08-05 21:54:01,JNY_686597398,USR_77462,STN_JPR_02,Jaipur,HIGHWAY,39.9,85.0,79.9,CCS2,90.0,True,36.03,34.58,28.03,59.48,2.122,0.2,3.0,CHARGER_FAULT,True,True,EVENING,False
CHG_B631BC0B53,2026-08-05 21:00:28,2026-08-05 21:00:28,2026-08-05 22:01:06,JNY_439678178,USR_70055,STN_DEL_01,Delhi,MALL,16.0,80.0,66.2,CHAdeMO,50.0,True,42.37,41.19,56.49,60.64,1.073,0.4,0.0,NORMAL,False,False,NIGHT,False
CHG_4EE0745F64,2026-08-05 21:03:22,2026-08-05 21:03:22,2026-08-05 21:31:49,JNY_728603932,USR_86308,STN_MUM_01,Mumbai,MALL,33.2,85.0,72.9,CCS2,120.0,True,37.76,36.2,22.03,28.46,1.292,0.2,4.0,NORMAL,False,False,NIGHT,False
CHG_ADF7FD581E,2026-08-05 21:08:29,2026-08-05 21:08:29,2026-08-05 21:59:06,JNY_473398626,USR_13863,STN_DEL_03,Delhi,HIGHWAY,32.4,85.0,73.0,CCS2,60.0,True,38.4,37.3,44.8,50.63,1.13,0.4,0.0,NORMAL,False,False,NIGHT,False
CHG_E8A4C75963,2026-08-05 21:08:49,2026-08-05 21:08:49,2026-08-05 21:43:55,JNY_830850992,USR_18292,STN_MUM_02,Mumbai,RESIDENTIAL,55.9,85.0,68.3,CHAdeMO,50.0,True,19.88,19.07,27.83,35.11,1.262,0.25,5.0,NORMAL,False,False,NIGHT,False
CHG_0E4B44E214,2026-08-05 21:16:27,2026-08-05 21:16:27,2026-08-05 21:50:03,JNY_843334594,USR_39283,STN_DEL_03,Delhi,HIGHWAY,28.1,85.0,80.1,CCS2,90.0,True,45.58,44.07,35.45,33.61,0.948,1.0,0.0,NORMAL,False,False,NIGHT,False
CHG_67BB949632,2026-08-05 21:21:10,2026-08-05 21:21:10,2026-08-05 21:45:03,JNY_778499868,USR_24406,STN_JPR_01,Jaipur,MALL,14.8,80.0,59.4,CCS2,120.0,True,38.73,38.01,21.52,23.89,1.11,0.4,0.0,NORMAL,False,False,NIGHT,False
CHG_E23CEB1338,2026-08-05 21:22:56,2026-08-05 21:22:56,2026-08-05 22:01:33,JNY_909495902,USR_99601,STN_MUM_02,Mumbai,RESIDENTIAL,26.7,85.0,58.3,CHAdeMO,75.0,True,33.99,31.82,31.72,38.62,1.217,0.5,6.0,NORMAL,False,False,NIGHT,False
CHG_B1F0FA07FD,2026-08-05 21:23:39,2026-08-05 21:23:39,2026-08-05 21:49:52,JNY_975163361,USR_18617,STN_BLR_01,Bengaluru,OFFICE,30.7,80.0,67.5,CCS2,90.0,True,33.28,32.32,24.65,26.22,1.064,1.0,0.0,NORMAL,False,False,NIGHT,False
CHG_43E04E866A,2026-08-05 21:24:31,2026-08-05 21:24:31,2026-08-05 22:06:35,JNY_439552243,USR_57791,STN_DEL_01,Delhi,MALL,37.4,80.0,87.3,CCS2,60.0,True,37.19,36.31,41.32,42.07,1.018,0.6,0.0,NORMAL,False,False,NIGHT,False
CHG_DF5FC57DBA,2026-08-05 21:29:14,2026-08-05 21:29:14,2026-08-05 21:41:21,JNY_307129389,USR_88845,STN_GGN_01,Gurugram,OFFICE,41.6,80.0,72.6,CCS2,150.0,True,27.88,26.68,12.39,12.12,0.979,0.75,0.0,NORMAL,False,False,NIGHT,False
CHG_C30B808C5C,2026-08-05 21:30:00,2026-08-05 21:30:00,2026-08-05 22:01:18,JNY_488973640,USR_37865,STN_BLR_01,Bengaluru,OFFICE,39.3,85.0,90.0,CCS2,90.0,True,41.13,39.11,31.99,31.3,0.978,1.0,0.0,NORMAL,False,False,NIGHT,False
CHG_84594AFA6E,2026-08-05 21:31:00,2026-08-05 21:31:00,2026-08-05 21:49:30,JNY_659560497,USR_29454,STN_DEL_02,Delhi,OFFICE,43.1,80.0,82.7,CCS2,120.0,True,30.52,29.34,16.95,18.51,1.092,1.0,0.0,NORMAL,False,False,NIGHT,False
CHG_96119917EB,2026-08-05 21:31:19,2026-08-05 21:31:19,2026-08-05 22:39:21,JNY_249708849,USR_19125,STN_GGN_01,Gurugram,OFFICE,23.2,85.0,61.9,CCS2,90.0,True,38.25,37.46,29.75,68.04,2.287,1.0,0.0,CHARGER_FAULT,True,True,NIGHT,False
CHG_518A8ABF7C,2026-08-05 21:40:27,2026-08-05 21:40:27,2026-08-05 22:39:06,JNY_604167317,USR_48470,STN_DEL_01,Delhi,MALL,54.3,80.0,61.3,TYPE2_AC,22.0,False,15.75,15.02,47.74,58.66,1.229,0.2,2.0,NORMAL,False,False,NIGHT,False
CHG_2BD73A58BF,2026-08-05 21:44:03,2026-08-05 21:44:03,2026-08-05 21:56:25,JNY_587971230,USR_29614,STN_GGN_01,Gurugram,OFFICE,53.2,80.0,82.9,CCS2,120.0,True,22.22,20.61,12.34,12.38,1.003,0.5,0.0,NORMAL,False,False,NIGHT,False
CHG_1B55FE34B6,2026-08-05 21:54:24,2026-08-05 21:54:24,2026-08-06 03:54:24,JNY_165099730,USR_10733,STN_BLR_01,Bengaluru,OFFICE,36.7,80.0,89.0,TYPE2_AC,7.2,False,38.54,37.3,356.82,360.0,1.009,1.0,0.0,POWER_LIMITATION,True,False,NIGHT,False
CHG_D59C4C228E,2026-08-05 21:55:12,2026-08-05 21:55:12,2026-08-05 22:14:16,JNY_341920576,USR_49283,STN_GGN_01,Gurugram,OFFICE,49.3,80.0,79.1,CCS2,90.0,True,24.28,23.86,17.99,19.08,1.061,1.0,0.0,NORMAL,False,False,NIGHT,False
CHG_CE176D4353,2026-08-05 21:57:15,2026-08-05 21:57:15,2026-08-05 22:39:25,JNY_991327003,USR_77918,STN_DEL_01,Delhi,MALL,22.8,90.0,68.7,CCS2,90.0,True,46.17,44.97,37.62,42.17,1.121,0.4,0.0,NORMAL,False,False,NIGHT,False
CHG_249399C778,2026-08-05 22:02:06,2026-08-05 22:02:06,2026-08-05 22:13:08,JNY_418924151,USR_76480,STN_DEL_03,Delhi,HIGHWAY,56.0,80.0,68.7,CCS2,120.0,True,16.49,16.12,9.16,11.04,1.205,0.4,8.0,NORMAL,False,False,NIGHT,False
CHG_3CB4439C1F,2026-08-05 22:15:16,2026-08-05 22:15:16,2026-08-05 22:30:06,JNY_552217011,USR_14429,STN_DEL_02,Delhi,OFFICE,35.7,80.0,79.8,CCS2,150.0,True,35.35,33.87,15.71,14.84,0.945,1.0,1.0,NORMAL,False,False,NIGHT,False
CHG_735D1A36A6,2026-08-05 22:20:38,2026-08-05 22:20:38,2026-08-05 23:15:06,JNY_473538745,USR_44397,STN_BLR_01,Bengaluru,OFFICE,17.8,80.0,76.3,CCS2,60.0,True,47.46,44.82,52.73,54.48,1.033,1.0,0.0,NORMAL,False,False,NIGHT,False
CHG_4BF985723F,2026-08-05 22:34:50,2026-08-05 22:34:50,2026-08-05 23:22:19,JNY_829050596,USR_68976,STN_JPR_01,Jaipur,MALL,19.8,90.0,78.6,CCS2,90.0,True,55.18,52.83,44.96,47.49,1.056,1.0,0.0,NORMAL,False,False,NIGHT,False
CHG_7CA093A919,2026-08-05 22:46:24,2026-08-05 22:46:24,2026-08-06 03:49:32,JNY_196705534,USR_57838,STN_MUM_01,Mumbai,MALL,39.5,85.0,72.6,TYPE2_AC,7.2,False,33.03,31.92,321.15,303.13,0.944,0.8,0.0,NORMAL,False,False,NIGHT,False
CHG_BB6ADA7302,2026-08-05 22:53:33,2026-08-05 22:53:33,2026-08-06 02:14:42,JNY_876395808,USR_61882,STN_MUM_02,Mumbai,RESIDENTIAL,44.2,80.0,59.7,TYPE2_AC,7.2,False,21.37,20.04,197.89,201.16,1.016,0.5,0.0,NORMAL,False,False,NIGHT,False
CHG_237F354B6D,2026-08-05 23:03:43,2026-08-05 23:03:43,2026-08-05 23:59:52,JNY_622682181,USR_94883,STN_DEL_01,Delhi,MALL,50.1,95.0,90.0,CCS2,60.0,True,40.41,37.8,51.63,56.16,1.088,0.8,3.0,NORMAL,False,False,NIGHT,False
CHG_92E6AEE28F,2026-08-05 23:21:08,2026-08-05 23:21:08,2026-08-05 23:45:34,JNY_720521805,USR_80379,STN_MUM_01,Mumbai,MALL,36.4,85.0,70.8,CCS2,120.0,True,34.41,33.04,20.07,24.45,1.218,0.8,0.0,MINOR_SLOWDOWN,True,False,NIGHT,False
CHG_01C7FA8EBA,2026-08-05 23:34:23,2026-08-05 23:34:23,2026-08-06 01:27:59,JNY_487753657,USR_25670,STN_DEL_02,Delhi,OFFICE,20.9,80.0,66.7,TYPE2_AC,22.0,False,39.42,39.22,119.45,113.61,0.951,1.0,0.0,NORMAL,False,False,NIGHT,False
CHG_0A47AD398F,2026-08-05 23:37:49,2026-08-05 23:37:49,2026-08-06 00:25:04,JNY_222465192,USR_17751,STN_BLR_01,Bengaluru,OFFICE,24.8,80.0,65.4,CCS2,60.0,True,36.1,35.53,40.11,47.25,1.178,1.0,5.0,NORMAL,False,False,NIGHT,False
CHG_6413457D32,2026-08-05 23:48:01,2026-08-05 23:48:01,2026-08-06 00:17:54,JNY_336824446,USR_81758,STN_BLR_01,Bengaluru,OFFICE,47.4,85.0,78.9,CHAdeMO,75.0,True,29.67,29.28,27.69,29.89,1.079,1.0,0.0,NORMAL,False,False,NIGHT,False
CHG_FEB11B8881,2026-08-05 23:55:58,2026-08-05 23:55:58,2026-08-06 00:25:19,JNY_361282986,USR_49603,STN_MUM_01,Mumbai,MALL,13.6,90.0,58.1,CCS2,120.0,True,44.39,42.34,27.13,29.36,1.082,1.0,0.0,NORMAL,False,False,NIGHT,False
CHG_84AEB0944B,2026-08-06 00:25:25,2026-08-06 00:25:25,2026-08-06 00:37:04,JNY_702133083,USR_21554,STN_DEL_01,Delhi,MALL,49.3,80.0,66.8,CCS2,120.0,True,20.51,19.64,11.39,11.65,1.023,0.8,1.0,NORMAL,False,False,NIGHT,False
CHG_E4D65A223B,2026-08-06 00:42:50,2026-08-06 00:42:50,2026-08-06 01:08:52,JNY_145766091,USR_56924,STN_GGN_02,Gurugram,MALL,46.8,80.0,89.2,CHAdeMO,75.0,True,29.61,28.7,26.32,26.04,0.989,1.0,0.0,NORMAL,False,False,NIGHT,False
CHG_C5DF0F43FE,2026-08-06 00:52:36,2026-08-06 00:52:36,2026-08-06 01:18:54,JNY_699642925,USR_86430,STN_DEL_03,Delhi,HIGHWAY,33.9,85.0,82.6,CCS2,120.0,True,42.21,40.13,24.62,26.3,1.068,0.8,0.0,NORMAL,False,False,NIGHT,False
CHG_2D47EB21AD,2026-08-06 00:56:13,2026-08-06 00:56:13,2026-08-06 01:21:28,JNY_540039536,USR_79417,STN_BLR_01,Bengaluru,OFFICE,25.0,90.0,74.2,CCS2,150.0,True,48.23,45.8,23.58,25.26,1.071,1.0,0.0,NORMAL,False,False,NIGHT,False
CHG_3AF164CDD6,2026-08-06 01:41:25,2026-08-06 01:41:25,2026-08-06 02:00:44,JNY_384828121,USR_99619,STN_GGN_01,Gurugram,OFFICE,22.2,80.0,76.5,CCS2,150.0,True,44.22,42.8,19.65,19.32,0.983,1.0,0.0,NORMAL,False,False,NIGHT,False
CHG_2C531B1748,2026-08-06 01:42:34,2026-08-06 01:42:34,2026-08-06 02:04:10,JNY_901653280,USR_17839,STN_DEL_03,Delhi,HIGHWAY,20.3,80.0,69.1,CCS2,120.0,True,41.25,39.42,22.92,21.61,0.943,1.0,0.0,NORMAL,False,False,NIGHT,False
CHG_A58DF05925,2026-08-06 01:47:29,2026-08-06 01:47:29,2026-08-06 04:20:26,JNY_177387260,USR_65572,STN_JPR_01,Jaipur,MALL,25.8,80.0,86.1,TYPE2_AC,22.0,False,46.67,44.74,141.41,152.96,1.082,1.0,0.0,NORMAL,False,False,NIGHT,False
CHG_478C97EDE0,2026-08-06 01:51:53,2026-08-06 01:51:53,2026-08-06 05:37:03,JNY_259955045,USR_88930,STN_GGN_02,Gurugram,MALL,25.5,80.0,73.9,TYPE2_AC,11.0,False,40.28,37.9,244.09,225.17,0.922,1.0,0.0,NORMAL,False,False,NIGHT,False
CHG_08E14DC3D6,2026-08-06 02:20:12,2026-08-06 02:20:12,2026-08-06 02:45:26,JNY_246412049,USR_24662,STN_MUM_01,Mumbai,MALL,37.2,80.0,83.7,CCS2,120.0,True,35.82,34.6,19.9,25.25,1.269,1.0,4.0,MINOR_SLOWDOWN,True,False,NIGHT,False
CHG_7110E148C9,2026-08-06 02:28:06,2026-08-06 02:28:06,2026-08-06 03:14:02,JNY_317297431,USR_48951,STN_DEL_01,Delhi,MALL,38.2,90.0,74.7,CCS2,60.0,True,38.69,37.39,47.29,45.95,0.972,1.0,1.0,NORMAL,False,False,NIGHT,False
CHG_61DACFEDC0,2026-08-06 03:43:32,2026-08-06 03:43:32,2026-08-06 04:05:34,JNY_904162284,USR_16745,STN_GGN_01,Gurugram,OFFICE,43.2,80.0,74.4,CCS2,90.0,True,27.38,25.89,20.28,22.05,1.087,1.0,0.0,NORMAL,False,False,NIGHT,False
CHG_CCB6393802,2026-08-06 05:09:04,2026-08-06 05:09:04,2026-08-06 05:24:46,JNY_870364344,USR_68178,STN_MUM_02,Mumbai,RESIDENTIAL,48.3,80.0,58.0,CCS2,90.0,True,18.39,18.03,13.62,15.71,1.154,0.75,0.0,MINOR_SLOWDOWN,True,False,NIGHT,False
CHG_DB68D1C332,2026-08-06 05:17:34,2026-08-06 05:17:34,2026-08-06 05:57:24,JNY_734043987,USR_26980,STN_JPR_02,Jaipur,HIGHWAY,37.4,90.0,77.6,CCS2,90.0,True,40.82,38.85,33.26,39.85,1.198,0.8,0.0,MINOR_SLOWDOWN,True,False,NIGHT,False
CHG_068B3BCD12,2026-08-06 05:19:33,2026-08-06 05:19:33,2026-08-06 05:32:41,JNY_982270796,USR_53615,STN_JPR_01,Jaipur,MALL,61.3,85.0,69.3,CCS2,90.0,True,16.42,15.41,12.77,13.14,1.029,0.6,0.0,NORMAL,False,False,NIGHT,False
CHG_C567EE6633,2026-08-06 05:23:45,2026-08-06 05:23:45,2026-08-06 07:49:40,JNY_470407398,USR_93771,STN_MUM_01,Mumbai,MALL,31.3,90.0,72.9,TYPE2_AC,22.0,False,42.79,40.47,142.64,145.93,1.023,1.0,0.0,NORMAL,False,False,NIGHT,False
CHG_1E834362A5,2026-08-06 05:31:02,2026-08-06 05:31:02,2026-08-06 06:20:17,JNY_767734990,USR_70827,STN_GGN_01,Gurugram,OFFICE,33.8,80.0,75.4,CHAdeMO,50.0,True,34.83,34.25,46.45,49.26,1.061,1.0,0.0,NORMAL,False,False,NIGHT,False
CHG_F9FC37DD88,2026-08-06 05:50:43,2026-08-06 05:50:43,2026-08-06 06:19:07,JNY_850273598,USR_85232,STN_BLR_01,Bengaluru,OFFICE,46.6,85.0,88.6,CCS2,90.0,True,34.02,32.8,26.46,28.41,1.074,1.0,4.0,NORMAL,False,False,NIGHT,False
CHG_1C19614827,2026-08-06 05:55:27,2026-08-06 05:55:27,2026-08-06 06:25:11,JNY_931729851,USR_11344,STN_DEL_01,Delhi,MALL,31.4,85.0,61.1,CHAdeMO,75.0,True,32.75,31.17,30.57,29.74,0.973,0.6,0.0,NORMAL,False,False,NIGHT,False
CHG_6AC530425A,2026-08-06 05:56:25,2026-08-06 05:56:25,2026-08-06 08:45:26,JNY_564200519,USR_95630,STN_BLR_01,Bengaluru,OFFICE,12.1,80.0,74.0,TYPE2_AC,22.0,False,50.25,47.69,152.26,169.02,1.11,0.75,3.0,NORMAL,False,False,NIGHT,False
CHG_2E4F4C4DB4,2026-08-06 05:56:45,2026-08-06 05:56:45,2026-08-06 09:25:28,JNY_791257933,USR_50702,STN_DEL_03,Delhi,HIGHWAY,17.9,80.0,79.2,TYPE2_AC,22.0,False,49.18,46.32,149.04,208.72,1.4,1.0,0.0,POWER_LIMITATION,True,False,NIGHT,False
CHG_6965771AD5,2026-08-06 05:58:38,2026-08-06 05:58:38,2026-08-06 08:59:40,JNY_115200274,USR_50984,STN_JPR_02,Jaipur,HIGHWAY,14.6,85.0,66.8,TYPE2_AC,22.0,False,47.03,46.08,149.63,181.04,1.21,0.4,7.0,NORMAL,False,False,NIGHT,False
CHG_D0B987FB93,2026-08-06 06:00:00,2026-08-06 06:00:00,2026-08-06 06:24:27,JNY_806836177,USR_52177,STN_BLR_01,Bengaluru,OFFICE,22.6,80.0,66.8,CCS2,120.0,True,38.34,36.6,21.3,24.46,1.148,1.0,4.0,NORMAL,False,False,MORNING,False
CHG_FF9E44EA77,2026-08-06 06:03:21,2026-08-06 06:03:21,2026-08-06 10:11:24,JNY_726983061,USR_86505,STN_MUM_01,Mumbai,MALL,13.9,80.0,64.9,TYPE2_AC,11.0,False,42.9,40.39,259.99,248.05,0.954,1.0,0.0,NORMAL,False,False,MORNING,False
CHG_7F38C99E6F,2026-08-06 06:15:12,2026-08-06 06:15:12,2026-08-06 07:03:25,JNY_143607688,USR_32076,STN_DEL_01,Delhi,MALL,25.4,85.0,57.0,CCS2,60.0,True,33.97,32.88,39.63,48.22,1.217,0.8,3.0,MINOR_SLOWDOWN,True,False,MORNING,False
CHG_52B0C823E0,2026-08-06 06:18:23,2026-08-06 06:18:23,2026-08-06 07:27:50,JNY_402607969,USR_37814,STN_JPR_01,Jaipur,MALL,18.9,85.0,82.6,CCS2,60.0,True,54.6,52.54,63.7,69.46,1.09,1.0,0.0,NORMAL,False,False,MORNING,False
CHG_39D4D1ED33,2026-08-06 06:20:36,2026-08-06 06:20:36,2026-08-06 06:33:41,JNY_650997428,USR_19167,STN_DEL_03,Delhi,HIGHWAY,54.4,85.0,65.7,CCS2,120.0,True,20.1,19.29,11.73,13.1,1.117,0.8,0.0,MINOR_SLOWDOWN,True,False,MORNING,False
CHG_D921C52DFE,2026-08-06 06:21:37,2026-08-06 06:21:37,2026-08-06 06:41:12,JNY_881248774,USR_62317,STN_MUM_01,Mumbai,MALL,36.8,80.0,79.8,CCS2,120.0,True,34.47,32.38,19.15,19.58,1.023,0.4,0.0,NORMAL,False,False,MORNING,False
CHG_92AA76049A,2026-08-06 06:22:36,2026-08-06 06:22:36,2026-08-06 06:54:34,JNY_653835985,USR_94980,STN_DEL_01,Delhi,MALL,44.2,90.0,58.7,CCS2,60.0,True,26.88,25.78,32.86,31.98,0.973,0.6,0.0,NORMAL,False,False,MORNING,False
CHG_1ACD88016B,2026-08-06 06:27:51,2026-08-06 06:27:51,2026-08-06 07:20:40,JNY_546548380,USR_65422,STN_MUM_02,Mumbai,RESIDENTIAL,17.2,90.0,72.1,CHAdeMO,75.0,True,52.49,49.29,51.32,52.83,1.029,0.5,3.0,NORMAL,False,False,MORNING,False
CHG_52E7E04615,2026-08-06 06:28:49,2026-08-06 06:28:49,2026-08-06 12:28:49,JNY_396901138,USR_27968,STN_DEL_03,Delhi,HIGHWAY,18.4,90.0,74.7,TYPE2_AC,7.2,False,53.49,49.39,544.76,360.0,0.661,0.8,0.0,NORMAL,False,False,MORNING,False
CHG_BD31C2B786,2026-08-06 06:42:22,2026-08-06 06:42:22,2026-08-06 07:48:09,JNY_229144614,USR_46467,STN_BLR_01,Bengaluru,OFFICE,11.7,85.0,74.6,CCS2,60.0,True,54.68,51.75,63.8,65.79,1.031,1.0,0.0,NORMAL,False,False,MORNING,False
CHG_45F82DC674,2026-08-06 06:47:29,2026-08-06 06:47:29,2026-08-06 09:18:28,JNY_153996634,USR_66337,STN_DEL_01,Delhi,MALL,31.2,90.0,79.1,TYPE2_AC,22.0,False,46.51,44.01,155.04,150.98,0.974,0.6,0.0,NORMAL,False,False,MORNING,False
CHG_224232ED06,2026-08-06 06:51:36,2026-08-06 06:51:36,2026-08-06 12:51:36,JNY_629064190,USR_26148,STN_JPR_01,Jaipur,MALL,23.5,95.0,89.3,TYPE2_AC,11.0,False,63.85,60.09,445.01,360.0,0.809,0.6,0.0,NORMAL,False,False,MORNING,False
CHG_F8E64D57AD,2026-08-06 06:57:40,2026-08-06 06:57:40,2026-08-06 07:25:52,JNY_101742327,USR_50184,STN_GGN_01,Gurugram,OFFICE,31.2,80.0,62.5,CHAdeMO,75.0,True,30.5,29.13,27.11,28.2,1.04,1.0,0.0,NORMAL,False,False,MORNING,False
CHG_46721791AE,2026-08-06 06:59:42,2026-08-06 06:59:42,2026-08-06 09:04:26,JNY_308496441,USR_27879,STN_BLR_01,Bengaluru,OFFICE,33.7,80.0,81.2,TYPE2_AC,22.0,False,37.6,34.86,113.93,124.74,1.095,0.5,4.0,NORMAL,False,False,MORNING,False
CHG_5A460D636B,2026-08-06 07:05:32,2026-08-06 07:05:32,2026-08-06 07:28:33,JNY_303594414,USR_82712,STN_GGN_01,Gurugram,OFFICE,28.8,85.0,90.0,CCS2,150.0,True,50.58,47.71,23.6,23.02,0.975,0.5,0.0,NORMAL,False,False,MORNING,False
CHG_8E7EC1D147,2026-08-06 07:06:15,2026-08-06 07:06:15,2026-08-06 08:54:21,JNY_822772726,USR_65629,STN_JPR_01,Jaipur,MALL,30.0,90.0,74.2,CCS2,60.0,True,44.52,42.0,54.41,108.11,1.987,0.8,2.0,CHARGER_FAULT,True,True,MORNING,False
CHG_12CC73E60B,2026-08-06 07:09:15,2026-08-06 07:09:15,2026-08-06 08:08:35,JNY_341028005,USR_17482,STN_MUM_01,Mumbai,MALL,18.0,80.0,68.7,CHAdeMO,50.0,True,42.59,40.86,56.79,59.35,1.045,0.6,0.0,NORMAL,False,False,MORNING,False
CHG_15173B5698,2026-08-06 07:12:23,2026-08-06 07:12:23,2026-08-06 07:41:16,JNY_983237282,USR_41002,STN_JPR_01,Jaipur,MALL,24.3,80.0,87.6,CCS2,120.0,True,48.79,46.55,27.11,28.89,1.066,0.4,0.0,NORMAL,False,False,MORNING,False
CHG_DEF831AC18,2026-08-06 07:12:33,2026-08-06 07:12:33,2026-08-06 12:58:16,JNY_991531682,USR_39097,STN_BLR_01,Bengaluru,OFFICE,43.7,90.0,73.6,TYPE2_AC,7.2,False,34.08,33.34,347.08,345.72,0.996,1.0,0.0,NORMAL,False,False,MORNING,False
CHG_D6E229B030,2026-08-06 07:17:13,2026-08-06 07:17:13,2026-08-06 07:44:34,JNY_727256372,USR_90576,STN_JPR_02,Jaipur,HIGHWAY,15.0,80.0,73.3,CCS2,120.0,True,47.65,45.82,26.47,27.37,1.034,0.6,0.0,NORMAL,False,False,MORNING,False
CHG_2B899CD6C6,2026-08-06 07:25:03,2026-08-06 07:25:03,2026-08-06 07:53:07,JNY_366248847,USR_51709,STN_DEL_03,Delhi,HIGHWAY,23.2,90.0,67.7,CCS2,120.0,True,45.22,42.51,27.64,28.08,1.016,0.4,0.0,NORMAL,False,False,MORNING,False
CHG_66E0EC1F0E,2026-08-06 07:26:53,2026-08-06 07:26:53,2026-08-06 07:51:06,JNY_174513662,USR_83227,STN_MUM_01,Mumbai,MALL,36.9,95.0,70.6,CCS2,120.0,True,41.02,39.06,26.21,24.22,0.924,0.6,0.0,NORMAL,False,False,MORNING,False
CHG_61D86A37D2,2026-08-06 07:27:04,2026-08-06 07:27:04,2026-08-06 12:40:47,JNY_401054728,USR_71955,STN_BLR_01,Bengaluru,OFFICE,38.2,85.0,69.4,TYPE2_AC,7.2,False,32.48,30.83,315.77,313.72,0.994,1.0,0.0,NORMAL,False,False,MORNING,False
CHG_CAD1612FA6,2026-08-06 07:27:09,2026-08-06 07:27:09,2026-08-06 08:21:13,JNY_893567531,USR_23153,STN_MUM_01,Mumbai,MALL,27.1,80.0,80.8,CHAdeMO,50.0,True,42.74,41.13,56.99,54.07,0.949,0.8,0.0,NORMAL,False,False,MORNING,False
CHG_3EF9563E94,2026-08-06 07:28:58,2026-08-06 07:28:58,2026-08-06 08:14:01,JNY_312355576,USR_91287,STN_JPR_02,Jaipur,HIGHWAY,27.4,85.0,82.7,CCS2,90.0,True,47.64,46.0,37.05,45.06,1.216,0.2,6.0,NORMAL,False,False,MORNING,False
CHG_7A8CB52BB9,2026-08-06 07:34:05,2026-08-06 07:34:05,2026-08-06 13:14:45,JNY_329416483,USR_69656,STN_MUM_01,Mumbai,MALL,36.1,85.0,76.4,TYPE2_AC,11.0,False,37.36,36.83,237.74,340.67,1.433,0.2,5.0,MINOR_SLOWDOWN,True,False,MORNING,False
CHG_FF7632B354,2026-08-06 07:35:58,2026-08-06 07:35:58,2026-08-06 08:11:23,JNY_785183013,USR_85197,STN_BLR_01,Bengaluru,OFFICE,38.5,80.0,59.6,CHAdeMO,50.0,True,24.73,23.87,32.98,35.43,1.074,0.75,0.0,NORMAL,False,False,MORNING,False
CHG_6B53E1A71C,2026-08-06 07:36:32,2026-08-06 07:36:32,2026-08-06 07:54:42,JNY_131395997,USR_77828,STN_MUM_01,Mumbai,MALL,47.6,85.0,85.0,CCS2,120.0,True,31.79,31.28,18.54,18.18,0.98,0.6,0.0,NORMAL,False,False,MORNING,False
CHG_44FDA014FC,2026-08-06 07:39:31,2026-08-06 07:39:31,2026-08-06 08:20:14,JNY_906029590,USR_53202,STN_MUM_02,Mumbai,RESIDENTIAL,26.1,85.0,55.8,CCS2,60.0,True,32.87,31.88,38.34,40.72,1.062,0.5,0.0,NORMAL,False,False,MORNING,False
CHG_FD9D865535,2026-08-06 07:41:17,2026-08-06 07:41:17,2026-08-06 11:46:34,JNY_601156776,USR_25933,STN_JPR_02,Jaipur,HIGHWAY,39.5,90.0,63.0,TYPE2_AC,11.0,False,31.82,30.25,212.1,245.28,1.156,0.4,8.0,NORMAL,False,False,MORNING,False
CHG_3DCAD6C116,2026-08-06 07:42:23,2026-08-06 07:42:23,2026-08-06 08:18:13,JNY_508732537,USR_54301,STN_BLR_01,Bengaluru,OFFICE,16.1,90.0,63.2,CCS2,90.0,True,46.7,45.22,38.06,35.84,0.942,1.0,0.0,NORMAL,False,False,MORNING,False
CHG_E554FD2A8B,2026-08-06 07:43:17,2026-08-06 07:43:17,2026-08-06 08:50:13,JNY_192485484,USR_39453,STN_BLR_01,Bengaluru,OFFICE,23.2,85.0,74.8,CHAdeMO,50.0,True,46.23,44.36,64.72,66.93,1.034,1.0,0.0,NORMAL,False,False,MORNING,False
CHG_910A41618B,2026-08-06 07:44:07,2026-08-06 07:44:07,2026-08-06 09:02:09,JNY_852647832,USR_93977,STN_MUM_02,Mumbai,RESIDENTIAL,35.3,95.0,79.4,CCS2,60.0,True,47.4,45.18,60.57,78.04,1.288,0.25,2.0,MINOR_SLOWDOWN,True,False,MORNING,False
CHG_5FD48E797A,2026-08-06 07:44:12,2026-08-06 07:44:12,2026-08-06 08:12:13,JNY_226399250,USR_27525,STN_BLR_01,Bengaluru,OFFICE,25.8,80.0,66.0,CCS2,90.0,True,35.77,34.12,26.5,28.02,1.057,1.0,0.0,NORMAL,False,False,MORNING,False
CHG_2927E3D3FA,2026-08-06 07:44:17,2026-08-06 07:44:17,2026-08-06 08:12:26,JNY_836210070,USR_29951,STN_DEL_01,Delhi,MALL,44.3,85.0,69.4,CHAdeMO,75.0,True,28.25,26.49,26.36,28.16,1.068,0.4,0.0,NORMAL,False,False,MORNING,False
CHG_0C33B0F206,2026-08-06 07:44:45,2026-08-06 07:44:45,2026-08-06 10:02:15,JNY_784608438,USR_82245,STN_GGN_02,Gurugram,MALL,22.6,80.0,75.6,TYPE2_AC,22.0,False,43.39,41.65,131.5,137.51,1.046,0.4,2.0,NORMAL,False,False,MORNING,False
CHG_436C7D31C7,2026-08-06 07:45:17,2026-08-06 07:45:17,2026-08-06 08:21:12,JNY_810247419,USR_27463,STN_DEL_03,Delhi,HIGHWAY,15.7,80.0,64.4,CHAdeMO,75.0,True,41.41,40.27,36.81,35.93,0.976,0.6,1.0,NORMAL,False,False,MORNING,False
CHG_C30D52E518,2026-08-06 07:46:03,2026-08-06 07:46:03,2026-08-06 13:46:03,JNY_987880788,USR_53048,STN_MUM_01,Mumbai,MALL,28.2,90.0,71.9,TYPE2_AC,7.2,False,44.43,42.66,452.57,360.0,0.795,0.4,0.0,NORMAL,False,False,MORNING,False
CHG_55693C6630,2026-08-06 07:49:43,2026-08-06 07:49:43,2026-08-06 08:15:01,JNY_261707288,USR_10696,STN_GGN_01,Gurugram,OFFICE,17.5,85.0,77.5,CCS2,150.0,True,52.31,49.84,24.41,25.31,1.037,0.75,0.0,NORMAL,False,False,MORNING,False
CHG_2596779EE3,2026-08-06 07:52:27,2026-08-06 07:52:27,2026-08-06 08:11:39,JNY_954533846,USR_18768,STN_DEL_01,Delhi,MALL,58.9,95.0,78.2,CCS2,120.0,True,28.23,27.46,18.04,19.2,1.065,0.6,0.0,NORMAL,False,False,MORNING,False
CHG_FEFAF033E4,2026-08-06 07:55:37,2026-08-06 07:55:37,2026-08-06 09:54:05,JNY_369605257,USR_64231,STN_JPR_01,Jaipur,MALL,26.8,80.0,76.0,TYPE2_AC,22.0,False,40.43,37.67,122.52,118.47,0.967,0.6,0.0,NORMAL,False,False,MORNING,False
CHG_BBD62704A5,2026-08-06 07:58:49,2026-08-06 07:58:49,2026-08-06 08:56:17,JNY_815531404,USR_24265,STN_DEL_02,Delhi,OFFICE,34.0,90.0,58.8,CHAdeMO,50.0,True,32.93,31.06,48.29,57.47,1.19,1.0,0.0,MINOR_SLOWDOWN,True,False,MORNING,False
CHG_553CC142B4,2026-08-06 08:03:27,2026-08-06 08:03:27,2026-08-06 08:28:58,JNY_863215316,USR_73714,STN_DEL_03,Delhi,HIGHWAY,31.1,80.0,87.7,CCS2,120.0,True,42.89,40.82,23.83,25.52,1.071,0.8,0.0,NORMAL,False,False,MORNING,False
CHG_6F7FC57B65,2026-08-06 08:05:02,2026-08-06 08:05:02,2026-08-06 08:28:25,JNY_712293241,USR_39799,STN_JPR_01,Jaipur,MALL,58.2,90.0,85.7,CCS2,90.0,True,27.25,26.59,22.21,23.39,1.053,0.8,0.0,NORMAL,False,False,MORNING,False
CHG_28AC5C12C1,2026-08-06 08:10:22,2026-08-06 08:10:22,2026-08-06 08:39:43,JNY_291431159,USR_19435,STN_DEL_02,Delhi,OFFICE,38.1,85.0,82.2,CCS2,120.0,True,38.55,36.78,22.49,29.35,1.305,1.0,0.0,POWER_LIMITATION,True,False,MORNING,False
CHG_C394509EAC,2026-08-06 08:13:16,2026-08-06 08:13:16,2026-08-06 08:45:00,JNY_251891625,USR_59530,STN_MUM_01,Mumbai,MALL,50.2,80.0,82.6,CCS2,60.0,True,24.61,23.72,27.35,31.75,1.161,0.2,6.0,NORMAL,False,False,MORNING,False
CHG_28B1466B85,2026-08-06 08:22:02,2026-08-06 08:22:02,2026-08-06 12:33:35,JNY_133930450,USR_78000,STN_MUM_02,Mumbai,RESIDENTIAL,59.3,90.0,76.8,TYPE2_AC,7.2,False,23.58,22.92,240.14,251.56,1.048,0.75,0.0,NORMAL,False,False,MORNING,False
CHG_893EE8A3F8,2026-08-06 08:25:59,2026-08-06 08:25:59,2026-08-06 08:54:32,JNY_767383882,USR_18587,STN_DEL_01,Delhi,MALL,28.3,80.0,74.9,CCS2,120.0,True,38.72,35.77,21.51,28.57,1.328,0.4,10.0,NORMAL,False,False,MORNING,False
CHG_EF6A80CEDA,2026-08-06 08:26:29,2026-08-06 08:26:29,2026-08-06 09:29:47,JNY_736142573,USR_13649,STN_MUM_01,Mumbai,MALL,25.9,85.0,88.3,CCS2,60.0,True,52.19,49.66,60.88,63.31,1.04,0.8,4.0,NORMAL,False,False,MORNING,False
CHG_E3C286F19E,2026-08-06 08:36:18,2026-08-06 08:36:18,2026-08-06 09:15:07,JNY_474407833,USR_89477,STN_DEL_03,Delhi,HIGHWAY,25.7,85.0,71.4,CCS2,90.0,True,42.34,40.58,32.93,38.82,1.179,0.4,3.0,NORMAL,False,False,MORNING,False
CHG_458E4F2E35,2026-08-06 08:38:54,2026-08-06 08:38:54,2026-08-06 08:58:01,JNY_260211257,USR_48748,STN_BLR_01,Bengaluru,OFFICE,32.5,80.0,82.6,CCS2,150.0,True,39.23,37.54,17.44,19.12,1.096,0.75,0.0,NORMAL,False,False,MORNING,False
CHG_DBE4126B1B,2026-08-06 08:38:57,2026-08-06 08:38:57,2026-08-06 11:23:49,JNY_614806323,USR_62460,STN_MUM_02,Mumbai,RESIDENTIAL,49.6,85.0,71.5,TYPE2_AC,11.0,False,25.31,24.87,161.07,164.88,1.024,1.0,0.0,NORMAL,False,False,MORNING,False
CHG_36D2DB8D25,2026-08-06 08:40:09,2026-08-06 08:40:09,2026-08-06 09:06:38,JNY_922879097,USR_25131,STN_MUM_01,Mumbai,MALL,46.0,85.0,88.6,CCS2,120.0,True,34.55,32.11,20.16,26.49,1.314,0.2,9.0,NORMAL,False,False,MORNING,False
CHG_EA50F0D841,2026-08-06 08:41:57,2026-08-06 08:41:57,2026-08-06 09:21:46,JNY_170569617,USR_22239,STN_MUM_02,Mumbai,RESIDENTIAL,19.3,80.0,79.2,CCS2,90.0,True,48.07,45.65,35.61,39.82,1.118,1.0,5.0,NORMAL,False,False,MORNING,False
CHG_5D8D29D3FD,2026-08-06 08:51:07,2026-08-06 08:51:07,2026-08-06 09:23:41,JNY_775810339,USR_53913,STN_MUM_02,Mumbai,RESIDENTIAL,38.2,85.0,90.0,CCS2,90.0,True,42.12,40.77,32.76,32.58,0.994,1.0,0.0,NORMAL,False,False,MORNING,False
CHG_16B21618C0,2026-08-06 09:00:06,2026-08-06 09:00:06,2026-08-06 10:18:24,JNY_563159780,USR_31599,STN_JPR_01,Jaipur,MALL,20.8,85.0,71.1,CHAdeMO,50.0,True,45.65,44.79,63.9,78.31,1.225,0.2,3.0,NORMAL,False,False,MORNING,False
CHG_87C961F36E,2026-08-06 09:01:43,2026-08-06 09:01:43,2026-08-06 13:24:10,JNY_731268382,USR_62464,STN_BLR_01,Bengaluru,OFFICE,43.5,90.0,80.8,TYPE2_AC,11.0,False,37.57,35.93,250.48,262.46,1.048,0.75,0.0,NORMAL,False,False,MORNING,False
CHG_24F0366E0E,2026-08-06 09:01:54,2026-08-06 09:01:54,2026-08-06 09:47:50,JNY_433561938,USR_57385,STN_MUM_02,Mumbai,RESIDENTIAL,29.8,90.0,63.8,CCS2,60.0,True,38.41,37.03,46.94,45.94,0.979,0.75,2.0,NORMAL,False,False,MORNING,False
CHG_B09BD3ACAD,2026-08-06 09:10:11,2026-08-06 09:10:11,2026-08-06 09:38:45,JNY_456456262,USR_90442,STN_DEL_02,Delhi,OFFICE,49.7,90.0,80.1,CHAdeMO,100.0,True,32.28,30.83,23.67,28.58,1.207,0.5,9.0,NORMAL,False,False,MORNING,False
CHG_2B2EF70902,2026-08-06 09:13:10,2026-08-06 09:13:10,2026-08-06 09:55:56,JNY_442627056,USR_61229,STN_JPR_02,Jaipur,HIGHWAY,36.2,95.0,67.8,CCS2,90.0,True,39.87,37.93,33.96,42.77,1.26,0.4,6.0,NORMAL,False,False,MORNING,False
CHG_9195B8A6A7,2026-08-06 09:17:23,2026-08-06 09:17:23,2026-08-06 09:50:42,JNY_140039152,USR_30350,STN_GGN_02,Gurugram,MALL,23.3,90.0,72.5,CCS2,150.0,True,48.36,46.32,23.64,33.33,1.41,0.4,10.0,MINOR_SLOWDOWN,True,False,MORNING,False
CHG_BB50716966,2026-08-06 09:19:14,2026-08-06 09:19:14,2026-08-06 14:03:36,JNY_250357136,USR_34043,STN_BLR_01,Bengaluru,OFFICE,16.1,95.0,71.7,TYPE2_AC,22.0,False,56.57,54.71,197.14,284.38,1.442,0.0,23.0,NORMAL,False,False,MORNING,False
CHG_A11F24049F,2026-08-06 09:20:10,2026-08-06 09:20:10,2026-08-06 10:23:02,JNY_795935878,USR_29473,STN_DEL_01,Delhi,MALL,18.8,90.0,79.3,CHAdeMO,75.0,True,56.46,54.6,55.21,62.87,1.139,0.4,2.0,NORMAL,False,False,MORNING,False
CHG_DDAC42C698,2026-08-06 09:20:34,2026-08-06 09:20:34,2026-08-06 11:48:22,JNY_121262047,USR_87833,STN_DEL_01,Delhi,MALL,32.4,80.0,88.6,TYPE2_AC,22.0,False,42.17,40.91,127.8,147.8,1.157,0.4,4.0,NORMAL,False,False,MORNING,False
CHG_774AF741A5,2026-08-06 09:21:57,2026-08-06 09:21:57,2026-08-06 09:54:19,JNY_130867243,USR_15845,STN_GGN_01,Gurugram,OFFICE,36.4,85.0,82.3,CCS2,120.0,True,40.0,39.11,23.33,32.38,1.388,0.0,6.0,NORMAL,False,False,MORNING,False
CHG_CAA7DCDA40,2026-08-06 09:23:21,2026-08-06 09:23:21,2026-08-06 10:27:08,JNY_967232026,USR_21356,STN_BLR_01,Bengaluru,OFFICE,36.7,85.0,77.2,CCS2,90.0,True,37.29,35.69,29.0,63.79,2.2,0.75,0.0,CHARGER_FAULT,True,True,MORNING,False
CHG_FF906E0FE8,2026-08-06 09:40:02,2026-08-06 09:40:02,2026-08-06 10:48:41,JNY_117891688,USR_26907,STN_DEL_02,Delhi,OFFICE,49.8,90.0,89.6,CHAdeMO,50.0,True,36.02,34.9,52.83,68.67,1.3,0.25,5.0,NORMAL,False,False,MORNING,False
CHG_E9853D32F6,2026-08-06 09:40:12,2026-08-06 09:40:12,2026-08-06 12:40:29,JNY_632099177,USR_57679,STN_JPR_01,Jaipur,MALL,42.4,85.0,58.0,TYPE2_AC,11.0,False,24.71,23.72,157.23,180.29,1.147,0.2,2.0,NORMAL,False,False,MORNING,False
CHG_CC4AFC1F1F,2026-08-06 09:40:55,2026-08-06 09:40:55,2026-08-06 10:02:21,JNY_988460334,USR_32390,STN_GGN_02,Gurugram,MALL,33.9,90.0,59.7,CCS2,120.0,True,33.49,32.13,20.47,21.44,1.048,0.8,0.0,NORMAL,False,False,MORNING,False
CHG_2CC6961C55,2026-08-06 09:49:08,2026-08-06 09:49:08,2026-08-06 10:07:26,JNY_896985723,USR_50151,STN_JPR_02,Jaipur,HIGHWAY,16.1,85.0,57.5,CCS2,150.0,True,39.62,37.7,18.49,18.31,0.99,0.4,0.0,NORMAL,False,False,MORNING,False
CHG_38E6CB28BF,2026-08-06 09:50:41,2026-08-06 09:50:41,2026-08-06 14:37:08,JNY_595144810,USR_95045,STN_DEL_02,Delhi,OFFICE,27.2,85.0,67.6,TYPE2_AC,11.0,False,39.07,38.01,248.65,286.47,1.152,0.5,0.0,NORMAL,False,False,MORNING,False
CHG_712E5D7437,2026-08-06 09:52:49,2026-08-06 09:52:49,2026-08-06 11:35:07,JNY_453264642,USR_18509,STN_DEL_03,Delhi,HIGHWAY,19.4,95.0,87.1,CHAdeMO,50.0,True,65.85,63.83,100.97,102.3,1.013,0.4,2.0,NORMAL,False,False,MORNING,False
CHG_17AA7E2DE9,2026-08-06 09:54:39,2026-08-06 09:54:39,2026-08-06 10:34:45,JNY_676194224,USR_23206,STN_JPR_02,Jaipur,HIGHWAY,26.0,90.0,88.9,CCS2,120.0,True,56.9,55.3,34.77,40.11,1.154,0.2,3.0,NORMAL,False,False,MORNING,False
CHG_0F3E3559F8,2026-08-06 09:55:00,2026-08-06 09:55:00,2026-08-06 15:55:00,JNY_256141185,USR_54044,STN_GGN_01,Gurugram,OFFICE,35.3,80.0,90.0,TYPE2_AC,7.2,False,40.23,39.07,372.5,360.0,0.966,0.25,3.0,NORMAL,False,False,MORNING,False
CHG_492814E85D,2026-08-06 09:59:54,2026-08-06 09:59:54,2026-08-06 10:31:12,JNY_454699229,USR_77000,STN_GGN_01,Gurugram,OFFICE,37.3,85.0,82.0,CCS2,120.0,True,39.11,36.56,22.82,31.31,1.372,0.75,2.0,POWER_LIMITATION,True,False,MORNING,False
CHG_68A24E023A,2026-08-06 10:00:34,2026-08-06 10:00:34,2026-08-06 10:15:25,JNY_960467233,USR_76447,STN_JPR_01,Jaipur,MALL,38.0,80.0,80.4,CCS2,150.0,True,33.77,32.98,15.01,14.86,0.99,0.4,0.0,NORMAL,False,False,MORNING,False
CHG_78C4B541CB,2026-08-06 10:00:46,2026-08-06 10:00:46,2026-08-06 10:30:24,JNY_649739173,USR_65231,STN_DEL_01,Delhi,MALL,37.9,85.0,77.2,CCS2,90.0,True,36.36,35.85,28.28,29.64,1.048,0.8,0.0,NORMAL,False,False,MORNING,False
CHG_5DC8AA972A,2026-08-06 10:01:20,2026-08-06 10:01:20,2026-08-06 12:07:52,JNY_817010151,USR_65015,STN_BLR_01,Bengaluru,OFFICE,33.7,85.0,71.2,TYPE2_AC,22.0,False,36.53,35.25,116.22,126.54,1.089,0.5,0.0,NORMAL,False,False,MORNING,False
CHG_2448A23794,2026-08-06 10:05:20,2026-08-06 10:05:20,2026-08-06 10:21:00,JNY_905039315,USR_12284,STN_GGN_02,Gurugram,MALL,49.6,80.0,76.4,CCS2,120.0,True,23.23,21.79,12.9,15.68,1.215,0.6,0.0,MINOR_SLOWDOWN,True,False,MORNING,False
CHG_BD203065F1,2026-08-06 10:06:33,2026-08-06 10:06:33,2026-08-06 10:26:21,JNY_408733322,USR_13567,STN_DEL_01,Delhi,MALL,24.4,80.0,66.4,CCS2,120.0,True,36.92,35.62,20.51,19.81,0.966,0.8,0.0,NORMAL,False,False,MORNING,False
CHG_293B1349FD,2026-08-06 10:07:48,2026-08-06 10:07:48,2026-08-06 12:30:45,JNY_900238083,USR_92683,STN_GGN_02,Gurugram,MALL,16.6,85.0,60.6,TYPE2_AC,22.0,False,41.45,38.83,131.89,142.96,1.084,0.4,0.0,NORMAL,False,False,MORNING,False
CHG_6ADD28F290,2026-08-06 10:17:26,2026-08-06 10:17:26,2026-08-06 10:37:50,JNY_532929015,USR_67365,STN_GGN_01,Gurugram,OFFICE,38.5,80.0,63.6,CCS2,90.0,True,26.39,25.97,19.55,20.4,1.044,0.5,2.0,NORMAL,False,False,MORNING,False
CHG_D7398E1B65,2026-08-06 10:17:42,2026-08-06 10:17:42,2026-08-06 14:54:33,JNY_797769291,USR_68305,STN_GGN_01,Gurugram,OFFICE,38.1,85.0,71.0,TYPE2_AC,11.0,False,33.3,31.66,211.9,276.86,1.307,0.25,4.0,NORMAL,False,False,MORNING,False
CHG_369EF40B90,2026-08-06 10:18:23,2026-08-06 10:18:23,2026-08-06 11:06:37,JNY_765098344,USR_82578,STN_GGN_02,Gurugram,MALL,12.8,80.0,79.4,CHAdeMO,75.0,True,53.36,51.34,47.43,48.24,1.017,0.6,0.0,NORMAL,False,False,MORNING,False
CHG_D0F3F5D129,2026-08-06 10:39:06,2026-08-06 10:39:06,2026-08-06 11:10:16,JNY_872414847,USR_73128,STN_GGN_02,Gurugram,MALL,40.3,85.0,75.2,CCS2,90.0,True,33.61,32.43,26.14,31.17,1.192,0.4,9.0,NORMAL,False,False,MORNING,False
CHG_019CB31915,2026-08-06 10:41:52,2026-08-06 10:41:52,2026-08-06 11:49:20,JNY_225967207,USR_57612,STN_MUM_02,Mumbai,RESIDENTIAL,25.0,85.0,84.8,CCS2,60.0,True,50.88,49.1,59.36,67.48,1.137,1.0,3.0,NORMAL,False,False,MORNING,False
CHG_1B51A3F8FD,2026-08-06 10:54:01,2026-08-06 10:54:01,2026-08-06 16:42:27,JNY_261689228,USR_63996,STN_DEL_03,Delhi,HIGHWAY,31.5,85.0,69.3,TYPE2_AC,7.2,False,37.08,35.15,360.46,348.43,0.967,0.8,0.0,NORMAL,False,False,MORNING,False
CHG_474F599E89,2026-08-06 10:58:41,2026-08-06 10:58:41,2026-08-06 11:30:30,JNY_363998929,USR_36585,STN_MUM_01,Mumbai,MALL,21.3,85.0,70.8,CCS2,120.0,True,45.1,44.08,26.31,31.83,1.21,0.2,5.0,NORMAL,False,False,MORNING,False
CHG_EA61479125,2026-08-06 10:59:44,2026-08-06 10:59:44,2026-08-06 11:19:38,JNY_545335137,USR_39690,STN_DEL_03,Delhi,HIGHWAY,19.7,80.0,60.6,CCS2,150.0,True,36.54,34.81,16.24,19.9,1.225,0.2,6.0,NORMAL,False,False,MORNING,False
CHG_243A1A6167,2026-08-06 11:01:25,2026-08-06 11:01:25,2026-08-06 12:36:57,JNY_325599257,USR_11631,STN_BLR_01,Bengaluru,OFFICE,25.8,80.0,82.1,CHAdeMO,50.0,True,44.5,42.92,59.33,95.54,1.61,0.0,17.0,NORMAL,False,True,MORNING,False
CHG_71B77314FE,2026-08-06 11:10:25,2026-08-06 11:10:25,2026-08-06 11:27:47,JNY_490837741,USR_67915,STN_BLR_01,Bengaluru,OFFICE,31.2,80.0,56.7,CCS2,150.0,True,27.67,27.24,12.3,17.37,1.412,0.25,10.0,NORMAL,False,False,MORNING,False
CHG_BC762DA6B9,2026-08-06 11:11:16,2026-08-06 11:11:16,2026-08-06 12:21:03,JNY_203297032,USR_66272,STN_MUM_02,Mumbai,RESIDENTIAL,15.4,85.0,78.2,CCS2,60.0,True,54.43,51.45,63.5,69.79,1.099,1.0,0.0,NORMAL,False,False,MORNING,False
CHG_1AA9CAE701,2026-08-06 11:11:56,2026-08-06 11:11:56,2026-08-06 11:44:16,JNY_207126973,USR_91943,STN_DEL_03,Delhi,HIGHWAY,31.7,80.0,66.3,CCS2,90.0,True,32.02,30.8,23.72,32.34,1.363,0.2,3.0,MINOR_SLOWDOWN,True,False,MORNING,False
CHG_2F859F8004,2026-08-06 11:12:06,2026-08-06 11:12:06,2026-08-06 11:44:02,JNY_500980437,USR_60672,STN_JPR_02,Jaipur,HIGHWAY,15.9,85.0,62.1,CCS2,120.0,True,42.91,40.58,25.03,31.94,1.276,0.4,9.0,NORMAL,False,False,MORNING,False
CHG_3705077DE2,2026-08-06 11:14:32,2026-08-06 11:14:32,2026-08-06 14:36:58,JNY_262837107,USR_32648,STN_BLR_01,Bengaluru,OFFICE,23.0,90.0,83.3,TYPE2_AC,22.0,False,55.81,54.73,186.04,202.43,1.088,1.0,0.0,NORMAL,False,False,MORNING,False
CHG_D7DFCF4950,2026-08-06 11:14:34,2026-08-06 11:14:34,2026-08-06 11:37:58,JNY_822415879,USR_21377,STN_JPR_02,Jaipur,HIGHWAY,16.3,85.0,74.2,CCS2,150.0,True,50.98,50.02,23.79,23.41,0.984,0.6,1.0,NORMAL,False,False,MORNING,False
CHG_67632390FF,2026-08-06 11:15:20,2026-08-06 11:15:20,2026-08-06 11:47:16,JNY_229634730,USR_82192,STN_BLR_01,Bengaluru,OFFICE,27.8,90.0,71.0,CCS2,120.0,True,44.16,42.35,26.99,31.94,1.184,0.25,4.0,NORMAL,False,False,MORNING,False
CHG_73A4CDA6B1,2026-08-06 11:23:56,2026-08-06 11:23:56,2026-08-06 12:27:55,JNY_155501797,USR_68629,STN_DEL_01,Delhi,MALL,36.8,85.0,67.9,CHAdeMO,50.0,True,32.73,31.75,45.82,63.99,1.397,0.2,11.0,NORMAL,False,False,MORNING,False
CHG_5095826029,2026-08-06 11:26:13,2026-08-06 11:26:13,2026-08-06 11:51:50,JNY_332839314,USR_23349,STN_DEL_03,Delhi,HIGHWAY,19.4,85.0,69.3,CCS2,120.0,True,45.46,44.85,26.52,25.63,0.966,0.4,0.0,NORMAL,False,False,MORNING,False
CHG_38F385B066,2026-08-06 11:27:29,2026-08-06 11:27:29,2026-08-06 11:51:14,JNY_260531418,USR_58273,STN_DEL_01,Delhi,MALL,29.4,80.0,80.9,CCS2,120.0,True,40.94,39.93,22.74,23.75,1.045,0.8,0.0,NORMAL,False,False,MORNING,False
CHG_D0767CF8B0,2026-08-06 11:27:52,2026-08-06 11:27:52,2026-08-06 12:42:02,JNY_360529494,USR_40376,STN_JPR_01,Jaipur,MALL,18.2,90.0,71.1,CCS2,60.0,True,51.05,48.65,62.39,74.18,1.189,0.4,11.0,NORMAL,False,False,MORNING,False
CHG_AD7F4D9C1C,2026-08-06 11:29:29,2026-08-06 11:29:29,2026-08-06 12:09:36,JNY_349528763,USR_16312,STN_JPR_02,Jaipur,HIGHWAY,13.1,80.0,55.2,CCS2,60.0,True,36.93,35.01,41.03,40.13,0.978,0.4,0.0,NORMAL,False,False,MORNING,False
CHG_B97192B290,2026-08-06 11:32:19,2026-08-06 11:32:19,2026-08-06 13:51:25,JNY_115399764,USR_78594,STN_BLR_01,Bengaluru,OFFICE,34.0,85.0,72.9,TYPE2_AC,22.0,False,37.18,35.57,118.3,139.11,1.176,0.25,6.0,NORMAL,False,False,MORNING,False
CHG_44CB6D96E9,2026-08-06 11:37:44,2026-08-06 11:37:44,2026-08-06 12:02:44,JNY_621745275,USR_99406,STN_BLR_01,Bengaluru,OFFICE,27.6,80.0,86.6,CCS2,120.0,True,45.38,44.59,25.21,25.01,0.992,0.75,0.0,NORMAL,False,False,MORNING,False
CHG_DB94AAE829,2026-08-06 11:51:21,2026-08-06 11:51:21,2026-08-06 13:56:09,JNY_513682511,USR_72939,STN_GGN_02,Gurugram,MALL,42.8,85.0,90.0,TYPE2_AC,22.0,False,37.98,36.32,120.85,124.82,1.033,0.6,0.0,NORMAL,False,False,MORNING,False
CHG_803055EB3F,2026-08-06 11:52:48,2026-08-06 11:52:48,2026-08-06 12:42:52,JNY_243349758,USR_94292,STN_MUM_01,Mumbai,MALL,20.3,90.0,89.0,CHAdeMO,100.0,True,62.03,58.6,45.49,50.08,1.101,0.4,2.0,NORMAL,False,False,MORNING,False
CHG_CC3AA66AF1,2026-08-06 11:53:06,2026-08-06 11:53:06,2026-08-06 12:20:24,JNY_120273222,USR_59404,STN_DEL_01,Delhi,MALL,44.3,90.0,72.8,CCS2,90.0,True,33.27,31.36,27.11,27.3,1.007,0.6,0.0,NORMAL,False,False,MORNING,False
CHG_D40B29FAD4,2026-08-06 12:02:48,2026-08-06 12:02:48,2026-08-06 12:29:10,JNY_653722622,USR_87540,STN_DEL_03,Delhi,HIGHWAY,25.7,80.0,62.7,CCS2,90.0,True,34.05,32.33,25.22,26.37,1.046,0.4,0.0,NORMAL,False,False,AFTERNOON,False
CHG_1005A176B4,2026-08-06 12:12:40,2026-08-06 12:12:40,2026-08-06 12:41:41,JNY_555842280,USR_33119,STN_DEL_03,Delhi,HIGHWAY,11.7,85.0,68.3,CCS2,120.0,True,50.06,47.91,29.2,29.02,0.994,0.8,0.0,NORMAL,False,False,AFTERNOON,False
CHG_69378A7D55,2026-08-06 12:15:17,2026-08-06 12:15:17,2026-08-06 13:08:17,JNY_380949099,USR_26805,STN_MUM_01,Mumbai,MALL,18.3,80.0,87.7,CCS2,90.0,True,54.11,53.37,40.08,53.01,1.322,0.4,9.0,NORMAL,False,False,AFTERNOON,False
CHG_753437CC36,2026-08-06 12:18:25,2026-08-06 12:18:25,2026-08-06 17:20:15,JNY_967699921,USR_83377,STN_MUM_02,Mumbai,RESIDENTIAL,27.3,85.0,88.3,TYPE2_AC,11.0,False,50.95,49.76,324.22,301.84,0.931,0.75,0.0,NORMAL,False,False,AFTERNOON,False
CHG_D6DBAFCB36,2026-08-06 12:20:47,2026-08-06 12:20:47,2026-08-06 12:44:16,JNY_650665330,USR_44463,STN_GGN_02,Gurugram,MALL,57.3,95.0,59.4,CHAdeMO,75.0,True,22.39,21.67,22.89,23.48,1.026,0.6,0.0,NORMAL,False,False,AFTERNOON,False
CHG_BC6D8542F7,2026-08-06 12:42:44,2026-08-06 12:42:44,2026-08-06 14:41:07,JNY_917312452,USR_52791,STN_MUM_02,Mumbai,RESIDENTIAL,30.6,80.0,75.8,TYPE2_AC,22.0,False,37.45,35.95,113.47,118.4,1.043,0.75,0.0,NORMAL,False,False,AFTERNOON,False
CHG_82C7042038,2026-08-06 12:45:15,2026-08-06 12:45:15,2026-08-06 15:20:19,JNY_282714751,USR_69836,STN_MUM_01,Mumbai,MALL,20.8,80.0,72.0,TYPE2_AC,22.0,False,42.62,41.45,129.16,155.08,1.201,0.4,10.0,NORMAL,False,False,AFTERNOON,False
CHG_35360494A4,2026-08-06 12:58:44,2026-08-06 12:58:44,2026-08-06 14:16:22,JNY_103762494,USR_88044,STN_BLR_01,Bengaluru,OFFICE,35.8,85.0,83.6,CHAdeMO,50.0,True,41.13,39.84,57.58,77.64,1.348,0.25,8.0,NORMAL,False,False,AFTERNOON,False
CHG_F5F94DAA87,2026-08-06 13:04:54,2026-08-06 13:04:54,2026-08-06 13:21:18,JNY_540053860,USR_18995,STN_MUM_01,Mumbai,MALL,29.1,80.0,68.6,CCS2,150.0,True,34.92,33.44,15.52,16.41,1.057,0.6,0.0,NORMAL,False,False,AFTERNOON,False
CHG_8C31B8D921,2026-08-06 13:06:30,2026-08-06 13:06:30,2026-08-06 13:37:49,JNY_702857726,USR_31029,STN_DEL_02,Delhi,OFFICE,33.5,90.0,70.0,CCS2,120.0,True,39.55,38.2,24.17,31.32,1.296,0.25,11.0,NORMAL,False,False,AFTERNOON,False
CHG_844D7DF4F8,2026-08-06 13:07:10,2026-08-06 13:07:10,2026-08-06 13:40:30,JNY_691699497,USR_98125,STN_DEL_01,Delhi,MALL,48.7,85.0,56.1,CCS2,60.0,True,20.36,19.95,23.76,33.34,1.403,0.2,9.0,NORMAL,False,False,AFTERNOON,False
CHG_17B04DD930,2026-08-06 13:09:32,2026-08-06 13:09:32,2026-08-06 13:33:53,JNY_791381652,USR_77109,STN_BLR_01,Bengaluru,OFFICE,30.3,80.0,85.5,CCS2,150.0,True,42.49,41.16,18.89,24.36,1.29,0.5,11.0,NORMAL,False,False,AFTERNOON,False
CHG_048FE57BAE,2026-08-06 13:12:58,2026-08-06 13:12:58,2026-08-06 15:17:01,JNY_295943713,USR_69144,STN_JPR_01,Jaipur,MALL,30.0,85.0,71.6,TYPE2_AC,22.0,False,39.38,37.83,125.3,124.07,0.99,0.8,0.0,NORMAL,False,False,AFTERNOON,False
CHG_E245C55DFB,2026-08-06 13:15:45,2026-08-06 13:15:45,2026-08-06 16:04:50,JNY_772273221,USR_43941,STN_DEL_01,Delhi,MALL,55.1,85.0,63.4,TYPE2_AC,11.0,False,18.96,18.86,120.63,169.09,1.402,0.4,0.0,POWER_LIMITATION,True,False,AFTERNOON,False
CHG_23E1DC206F,2026-08-06 13:17:22,2026-08-06 13:17:22,2026-08-06 14:33:14,JNY_631693173,USR_11421,STN_MUM_02,Mumbai,RESIDENTIAL,23.8,80.0,79.6,CHAdeMO,50.0,True,44.74,43.22,59.65,75.87,1.272,0.5,8.0,NORMAL,False,False,AFTERNOON,False
CHG_E827A2C0CD,2026-08-06 13:23:08,2026-08-06 13:23:08,2026-08-06 13:45:07,JNY_820023369,USR_85404,STN_DEL_01,Delhi,MALL,39.2,90.0,74.0,CCS2,120.0,True,37.59,35.72,22.97,21.99,0.957,0.6,0.0,NORMAL,False,False,AFTERNOON,False
CHG_3CFA5FA9D8,2026-08-06 13:24:25,2026-08-06 13:24:25,2026-08-06 13:55:34,JNY_261069799,USR_48639,STN_JPR_01,Jaipur,MALL,32.3,85.0,74.5,CCS2,90.0,True,39.26,37.65,30.54,31.15,1.02,0.6,0.0,NORMAL,False,False,AFTERNOON,False
CHG_C153441223,2026-08-06 13:27:17,2026-08-06 13:27:17,2026-08-06 13:55:25,JNY_477420828,USR_98307,STN_MUM_02,Mumbai,RESIDENTIAL,16.5,80.0,74.3,CCS2,120.0,True,47.18,44.3,26.21,28.14,1.074,0.5,0.0,NORMAL,False,False,AFTERNOON,False
CHG_648D4C0AFC,2026-08-06 13:32:02,2026-08-06 13:32:02,2026-08-06 13:49:07,JNY_344156628,USR_69133,STN_DEL_01,Delhi,MALL,33.1,80.0,66.2,CCS2,120.0,True,31.05,30.24,17.25,17.09,0.991,0.8,0.0,NORMAL,False,False,AFTERNOON,False
CHG_4E2550E307,2026-08-06 13:32:33,2026-08-06 13:32:33,2026-08-06 13:57:55,JNY_627460711,USR_32223,STN_JPR_02,Jaipur,HIGHWAY,33.0,85.0,57.7,CCS2,120.0,True,30.0,29.12,17.5,25.38,1.45,0.2,11.0,NORMAL,False,False,AFTERNOON,False
CHG_F5ECD38B18,2026-08-06 13:34:32,2026-08-06 13:34:32,2026-08-06 14:03:25,JNY_750585554,USR_74119,STN_DEL_01,Delhi,MALL,36.8,90.0,85.8,CCS2,120.0,True,45.65,43.98,27.89,28.89,1.036,0.8,0.0,NORMAL,False,False,AFTERNOON,False
CHG_727EFA3A7C,2026-08-06 13:35:14,2026-08-06 13:35:14,2026-08-06 19:35:14,JNY_388413123,USR_76895,STN_JPR_01,Jaipur,MALL,38.9,85.0,75.1,TYPE2_AC,7.2,False,34.62,33.19,336.59,360.0,1.07,0.4,9.0,NORMAL,False,False,AFTERNOON,False
CHG_DD9B683539,2026-08-06 13:40:37,2026-08-06 13:40:37,2026-08-06 14:44:18,JNY_422927957,USR_28921,STN_JPR_01,Jaipur,MALL,22.6,80.0,69.4,CHAdeMO,50.0,True,39.84,37.89,53.11,63.7,1.199,0.4,5.0,NORMAL,False,False,AFTERNOON,False
CHG_0F4FFF8F4B,2026-08-06 13:43:52,2026-08-06 13:43:52,2026-08-06 14:09:06,JNY_143066759,USR_62971,STN_BLR_01,Bengaluru,OFFICE,37.6,85.0,62.2,CCS2,120.0,True,29.48,28.16,17.2,25.24,1.468,0.25,14.0,NORMAL,False,False,AFTERNOON,False
CHG_12E7E9BD06,2026-08-06 13:51:21,2026-08-06 13:51:21,2026-08-06 14:24:45,JNY_752043244,USR_64307,STN_MUM_02,Mumbai,RESIDENTIAL,45.3,80.0,67.1,CHAdeMO,50.0,True,23.28,23.08,31.04,33.41,1.076,0.75,0.0,NORMAL,False,False,AFTERNOON,False
CHG_AB74D1EA3E,2026-08-06 13:55:00,2026-08-06 13:55:00,2026-08-06 14:07:17,JNY_774089999,USR_57231,STN_GGN_02,Gurugram,MALL,60.8,90.0,66.7,CCS2,120.0,True,19.48,18.53,11.9,12.3,1.033,0.8,0.0,NORMAL,False,False,AFTERNOON,False
CHG_1625B462FC,2026-08-06 13:59:50,2026-08-06 13:59:50,2026-08-06 19:59:50,JNY_693269500,USR_52791,STN_JPR_01,Jaipur,MALL,20.6,95.0,82.0,TYPE2_AC,7.2,False,61.01,58.41,649.62,360.0,0.554,0.2,3.0,NORMAL,False,False,AFTERNOON,False
CHG_89C3BA2E64,2026-08-06 14:01:24,2026-08-06 14:01:24,2026-08-06 15:56:05,JNY_905043984,USR_42686,STN_MUM_02,Mumbai,RESIDENTIAL,20.8,85.0,59.4,TYPE2_AC,22.0,False,38.13,37.44,121.34,114.69,0.945,0.75,0.0,NORMAL,False,False,AFTERNOON,False
CHG_AB49D7F4F7,2026-08-06 14:03:26,2026-08-06 14:03:26,2026-08-06 15:45:29,JNY_934137646,USR_16912,STN_DEL_01,Delhi,MALL,35.9,85.0,67.7,TYPE2_AC,22.0,False,33.24,31.73,105.77,102.06,0.965,1.0,2.0,NORMAL,False,False,AFTERNOON,False
CHG_B2CFFED6F8,2026-08-06 14:08:58,2026-08-06 14:08:58,2026-08-06 14:24:06,JNY_499652798,USR_48725,STN_MUM_02,Mumbai,RESIDENTIAL,54.2,85.0,73.6,CCS2,120.0,True,22.67,21.37,13.22,15.14,1.145,1.0,0.0,MINOR_SLOWDOWN,True,False,AFTERNOON,False
CHG_465821084E,2026-08-06 14:11:18,2026-08-06 14:11:18,2026-08-06 14:59:12,JNY_646253126,USR_78995,STN_BLR_01,Bengaluru,OFFICE,11.7,80.0,65.5,CHAdeMO,75.0,True,44.74,43.07,39.77,47.91,1.205,0.25,8.0,NORMAL,False,False,AFTERNOON,False
CHG_3DA803B950,2026-08-06 14:13:45,2026-08-06 14:13:45,2026-08-06 14:27:05,JNY_617135277,USR_93894,STN_MUM_02,Mumbai,RESIDENTIAL,43.4,80.0,62.9,CCS2,120.0,True,23.02,21.83,12.79,13.35,1.043,1.0,0.0,NORMAL,False,False,AFTERNOON,False
CHG_4E4CBCD213,2026-08-06 14:18:29,2026-08-06 14:18:29,2026-08-06 16:31:15,JNY_543963289,USR_33099,STN_JPR_01,Jaipur,MALL,35.3,85.0,74.5,TYPE2_AC,22.0,False,37.03,35.71,117.81,132.78,1.127,0.2,5.0,NORMAL,False,False,AFTERNOON,False
CHG_B4DA5B6817,2026-08-06 14:22:13,2026-08-06 14:22:13,2026-08-06 20:22:13,JNY_203167795,USR_41701,STN_MUM_02,Mumbai,RESIDENTIAL,38.2,90.0,60.6,TYPE2_AC,11.0,False,31.39,30.95,209.27,360.0,1.72,1.0,0.0,CHARGER_FAULT,True,True,AFTERNOON,False
CHG_D21378AB5E,2026-08-06 14:23:16,2026-08-06 14:23:16,2026-08-06 20:23:16,JNY_500236644,USR_37111,STN_BLR_01,Bengaluru,OFFICE,34.3,85.0,77.2,TYPE2_AC,7.2,False,39.14,38.01,380.53,360.0,0.946,0.0,30.0,NORMAL,False,False,AFTERNOON,False
CHG_5275704886,2026-08-06 14:27:06,2026-08-06 14:27:06,2026-08-06 15:11:42,JNY_929251520,USR_90582,STN_JPR_01,Jaipur,MALL,21.4,85.0,82.9,CCS2,90.0,True,52.72,51.18,41.01,44.61,1.088,0.4,0.0,NORMAL,False,False,AFTERNOON,False
CHG_080DAC715D,2026-08-06 14:31:53,2026-08-06 14:31:53,2026-08-06 15:12:37,JNY_268890319,USR_13515,STN_MUM_02,Mumbai,RESIDENTIAL,11.9,80.0,80.1,CCS2,90.0,True,54.55,51.52,40.41,40.74,1.008,0.75,0.0,NORMAL,False,False,AFTERNOON,False
CHG_063E275AFD,2026-08-06 14:34:39,2026-08-06 14:34:39,2026-08-06 17:02:17,JNY_410746106,USR_67428,STN_BLR_01,Bengaluru,OFFICE,38.5,80.0,82.0,TYPE2_AC,22.0,False,34.03,32.4,103.12,147.65,1.432,0.25,4.0,MINOR_SLOWDOWN,True,False,AFTERNOON,False
CHG_E9E60A6448,2026-08-06 14:41:56,2026-08-06 14:41:56,2026-08-06 15:12:05,JNY_949143821,USR_29420,STN_DEL_01,Delhi,MALL,37.0,90.0,73.3,CCS2,90.0,True,38.85,37.3,31.65,30.16,0.953,0.6,0.0,NORMAL,False,False,AFTERNOON,False
CHG_E57216461D,2026-08-06 14:43:37,2026-08-06 14:43:37,2026-08-06 17:25:25,JNY_225892449,USR_31185,STN_BLR_01,Bengaluru,OFFICE,33.1,85.0,73.9,TYPE2_AC,22.0,False,38.35,36.94,122.04,161.82,1.326,0.25,9.0,NORMAL,False,False,AFTERNOON,False
CHG_D965E28E40,2026-08-06 14:44:20,2026-08-06 14:44:20,2026-08-06 15:42:25,JNY_693154203,USR_78819,STN_DEL_03,Delhi,HIGHWAY,29.6,80.0,66.6,CCS2,90.0,True,33.57,32.27,24.86,58.09,2.336,0.0,73.0,POWER_LIMITATION,True,True,AFTERNOON,False
CHG_B24CAC82F3,2026-08-06 14:44:45,2026-08-06 14:44:45,2026-08-06 15:28:12,JNY_922204045,USR_88630,STN_DEL_02,Delhi,OFFICE,25.0,80.0,83.2,CHAdeMO,75.0,True,45.76,44.24,40.68,43.45,1.068,0.5,2.0,NORMAL,False,False,AFTERNOON,False
CHG_C7F8F06AFF,2026-08-06 14:46:53,2026-08-06 14:46:53,2026-08-06 15:20:06,JNY_710970348,USR_54286,STN_MUM_01,Mumbai,MALL,28.1,85.0,71.8,CCS2,90.0,True,40.85,39.24,31.78,33.22,1.045,0.4,0.0,NORMAL,False,False,AFTERNOON,False
CHG_EFBB00865A,2026-08-06 14:47:17,2026-08-06 14:47:17,2026-08-06 16:13:10,JNY_220721336,USR_68859,STN_BLR_01,Bengaluru,OFFICE,30.4,85.0,88.3,CCS2,60.0,True,48.21,46.26,56.25,85.89,1.527,0.25,19.0,NORMAL,False,True,AFTERNOON,False
CHG_FBA538D380,2026-08-06 14:52:32,2026-08-06 14:52:32,2026-08-06 15:49:53,JNY_809979508,USR_78054,STN_DEL_03,Delhi,HIGHWAY,29.4,80.0,87.4,CCS2,60.0,True,44.22,41.14,49.14,57.37,1.167,0.2,2.0,NORMAL,False,False,AFTERNOON,False
CHG_6510CB3B38,2026-08-06 14:55:57,2026-08-06 14:55:57,2026-08-06 18:34:57,JNY_629147119,USR_12575,STN_JPR_02,Jaipur,HIGHWAY,43.4,90.0,58.4,TYPE2_AC,11.0,False,27.21,26.76,181.43,219.0,1.207,0.4,10.0,NORMAL,False,False,AFTERNOON,False
CHG_4306673686,2026-08-06 15:06:45,2026-08-06 15:06:45,2026-08-06 21:06:45,JNY_587675816,USR_24754,STN_JPR_02,Jaipur,HIGHWAY,22.9,85.0,83.1,TYPE2_AC,11.0,False,51.61,49.76,328.4,360.0,1.096,0.2,3.0,NORMAL,False,False,AFTERNOON,False
CHG_27028E6C5B,2026-08-06 15:13:09,2026-08-06 15:13:09,2026-08-06 15:39:55,JNY_587528645,USR_29797,STN_DEL_01,Delhi,MALL,31.1,85.0,85.8,CCS2,120.0,True,46.25,44.99,26.98,26.77,0.992,0.6,0.0,NORMAL,False,False,AFTERNOON,False
CHG_90183B23A6,2026-08-06 15:18:36,2026-08-06 15:18:36,2026-08-06 15:59:17,JNY_161240991,USR_25664,STN_DEL_02,Delhi,OFFICE,33.1,85.0,80.4,CCS2,90.0,True,41.73,40.12,32.45,40.69,1.254,0.5,7.0,NORMAL,False,False,AFTERNOON,False
CHG_D023AF5A6B,2026-08-06 15:20:44,2026-08-06 15:20:44,2026-08-06 15:43:55,JNY_473349752,USR_48853,STN_MUM_01,Mumbai,MALL,35.7,80.0,75.3,CCS2,90.0,True,33.36,31.85,24.71,23.18,0.938,0.8,0.0,NORMAL,False,False,AFTERNOON,False
CHG_539E054C5C,2026-08-06 15:26:55,2026-08-06 15:26:55,2026-08-06 15:59:58,JNY_154967246,USR_33345,STN_GGN_02,Gurugram,MALL,46.3,85.0,72.7,CHAdeMO,75.0,True,28.13,27.1,26.26,33.05,1.259,0.2,6.0,NORMAL,False,False,AFTERNOON,False
CHG_9A8A1FD9D4,2026-08-06 15:32:49,2026-08-06 15:32:49,2026-08-06 17:53:22,JNY_975422204,USR_59109,STN_DEL_03,Delhi,HIGHWAY,25.1,85.0,73.7,TYPE2_AC,22.0,False,44.15,42.68,140.47,140.56,1.001,0.8,0.0,NORMAL,False,False,AFTERNOON,False
CHG_4EA37A4491,2026-08-06 15:35:53,2026-08-06 15:35:53,2026-08-06 15:57:37,JNY_632125900,USR_29217,STN_GGN_01,Gurugram,OFFICE,26.7,85.0,63.9,CCS2,150.0,True,37.25,36.7,17.39,21.74,1.25,0.5,8.0,NORMAL,False,False,AFTERNOON,False
CHG_1CA4D043B1,2026-08-06 15:41:19,2026-08-06 15:41:19,2026-08-06 15:54:59,JNY_884151502,USR_50077,STN_JPR_02,Jaipur,HIGHWAY,41.1,80.0,80.7,CCS2,150.0,True,31.39,29.8,13.95,13.67,0.98,0.8,0.0,NORMAL,False,False,AFTERNOON,False
CHG_3FBA447167,2026-08-06 15:44:53,2026-08-06 15:44:53,2026-08-06 16:23:05,JNY_184346757,USR_30964,STN_DEL_02,Delhi,OFFICE,38.7,85.0,74.3,CCS2,60.0,True,34.4,32.93,40.13,38.21,0.952,0.75,0.0,NORMAL,False,False,AFTERNOON,False
CHG_C6659BDCFA,2026-08-06 15:45:21,2026-08-06 15:45:21,2026-08-06 17:32:18,JNY_121797378,USR_52447,STN_DEL_01,Delhi,MALL,14.6,90.0,85.0,CHAdeMO,50.0,True,64.09,61.47,94.0,106.96,1.138,0.4,0.0,NORMAL,False,False,AFTERNOON,False
CHG_8C9D032993,2026-08-06 15:46:14,2026-08-06 15:46:14,2026-08-06 17:41:57,JNY_680208966,USR_97809,STN_GGN_01,Gurugram,OFFICE,35.2,85.0,54.3,TYPE2_AC,22.0,False,27.04,25.76,86.04,115.72,1.345,0.25,7.0,NORMAL,False,False,AFTERNOON,False
CHG_34FA71E1FA,2026-08-06 15:56:48,2026-08-06 15:56:48,2026-08-06 16:50:55,JNY_716001493,USR_40927,STN_BLR_01,Bengaluru,OFFICE,32.5,85.0,80.7,CHAdeMO,75.0,True,42.37,40.68,39.54,54.13,1.369,0.25,8.0,NORMAL,False,False,AFTERNOON,False
CHG_83A6C29436,2026-08-06 16:01:21,2026-08-06 16:01:21,2026-08-06 16:35:44,JNY_973538007,USR_54689,STN_JPR_02,Jaipur,HIGHWAY,51.9,80.0,82.4,CHAdeMO,50.0,True,23.15,21.82,30.87,34.4,1.114,0.4,8.0,NORMAL,False,False,AFTERNOON,False
CHG_6DCF2770BC,2026-08-06 16:06:14,2026-08-06 16:06:14,2026-08-06 16:52:44,JNY_768563746,USR_83158,STN_DEL_02,Delhi,OFFICE,20.8,85.0,67.0,CCS2,90.0,True,43.01,41.44,33.46,46.51,1.39,0.0,13.0,NORMAL,False,False,AFTERNOON,False
CHG_E8E39E7BCD,2026-08-06 16:06:28,2026-08-06 16:06:28,2026-08-06 16:34:19,JNY_209375951,USR_28365,STN_JPR_01,Jaipur,MALL,39.6,90.0,67.5,CHAdeMO,100.0,True,34.02,31.72,24.95,27.86,1.117,0.4,0.0,NORMAL,False,False,AFTERNOON,False
CHG_E83C51D685,2026-08-06 16:10:46,2026-08-06 16:10:46,2026-08-06 21:10:45,JNY_611722570,USR_51265,STN_JPR_01,Jaipur,MALL,38.2,80.0,89.1,TYPE2_AC,11.0,False,37.24,36.58,225.72,299.99,1.329,0.2,6.0,NORMAL,False,False,AFTERNOON,False
CHG_03250A07F3,2026-08-06 16:14:36,2026-08-06 16:14:36,2026-08-06 16:35:22,JNY_617388397,USR_45501,STN_BLR_01,Bengaluru,OFFICE,22.3,80.0,73.9,CCS2,150.0,True,42.64,41.37,18.95,20.77,1.096,0.25,3.0,NORMAL,False,False,AFTERNOON,False
CHG_9C77B2DC0E,2026-08-06 16:15:14,2026-08-06 16:15:14,2026-08-06 16:31:00,JNY_561340205,USR_52512,STN_DEL_01,Delhi,MALL,51.1,85.0,82.3,CCS2,120.0,True,27.9,26.68,16.27,15.77,0.969,0.4,0.0,NORMAL,False,False,AFTERNOON,False
CHG_AE5F16DFA1,2026-08-06 16:16:53,2026-08-06 16:16:53,2026-08-06 16:57:22,JNY_767578890,USR_56714,STN_GGN_01,Gurugram,OFFICE,31.3,90.0,74.3,CCS2,90.0,True,43.61,42.61,35.54,40.48,1.139,0.5,2.0,NORMAL,False,False,AFTERNOON,False
CHG_6DD4ADB8BD,2026-08-06 16:21:32,2026-08-06 16:21:32,2026-08-06 21:25:18,JNY_542930242,USR_27393,STN_BLR_01,Bengaluru,OFFICE,40.6,85.0,66.4,TYPE2_AC,7.2,False,29.48,28.37,286.63,303.78,1.06,0.75,0.0,NORMAL,False,False,AFTERNOON,False
CHG_6ACC2C929F,2026-08-06 16:21:52,2026-08-06 16:21:52,2026-08-06 16:56:33,JNY_409386677,USR_73711,STN_MUM_01,Mumbai,MALL,24.2,90.0,64.0,CCS2,90.0,True,42.11,40.19,34.31,34.7,1.011,0.4,0.0,NORMAL,False,False,AFTERNOON,False
CHG_212260D7CA,2026-08-06 16:26:39,2026-08-06 16:26:39,2026-08-06 17:10:01,JNY_881589693,USR_65640,STN_GGN_02,Gurugram,MALL,12.1,80.0,65.9,CHAdeMO,75.0,True,44.75,43.74,39.77,43.38,1.091,0.6,0.0,NORMAL,False,False,AFTERNOON,False
CHG_79116BCA49,2026-08-06 16:29:27,2026-08-06 16:29:27,2026-08-06 21:21:35,JNY_836753549,USR_84251,STN_MUM_02,Mumbai,RESIDENTIAL,31.9,85.0,83.8,TYPE2_AC,11.0,False,44.5,42.32,283.17,292.15,1.032,0.75,0.0,NORMAL,False,False,AFTERNOON,False
CHG_F5143A1608,2026-08-06 16:31:51,2026-08-06 16:31:51,2026-08-06 16:48:34,JNY_427490569,USR_92191,STN_DEL_03,Delhi,HIGHWAY,46.1,85.0,69.0,CCS2,150.0,True,26.84,26.24,12.53,16.73,1.336,0.2,12.0,NORMAL,False,False,AFTERNOON,False
CHG_D4BD09FDD4,2026-08-06 16:34:04,2026-08-06 16:34:04,2026-08-06 17:01:35,JNY_190328174,USR_32535,STN_DEL_03,Delhi,HIGHWAY,30.3,85.0,87.3,CCS2,120.0,True,47.75,44.77,27.86,27.53,0.988,0.8,0.0,NORMAL,False,False,AFTERNOON,False
CHG_A1AACFEFFE,2026-08-06 16:35:36,2026-08-06 16:35:36,2026-08-06 16:52:45,JNY_720751995,USR_44662,STN_DEL_01,Delhi,MALL,49.9,80.0,84.9,CHAdeMO,100.0,True,25.55,24.65,17.04,17.16,1.007,0.4,0.0,NORMAL,False,False,AFTERNOON,False
CHG_1E6A96C3E0,2026-08-06 16:49:59,2026-08-06 16:49:59,2026-08-06 17:19:05,JNY_596646393,USR_25494,STN_DEL_03,Delhi,HIGHWAY,47.4,80.0,62.7,CCS2,60.0,True,20.44,19.36,22.71,29.11,1.282,0.4,9.0,NORMAL,False,False,AFTERNOON,False
CHG_D7F9FF05D3,2026-08-06 16:53:01,2026-08-06 16:53:01,2026-08-06 17:46:10,JNY_408320519,USR_39704,STN_GGN_02,Gurugram,MALL,20.1,85.0,90.0,CCS2,90.0,True,58.41,54.93,45.43,53.15,1.17,0.2,4.0,NORMAL,False,False,AFTERNOON,False
CHG_A9B51081D0,2026-08-06 16:56:22,2026-08-06 16:56:22,2026-08-06 18:12:48,JNY_528762940,USR_51819,STN_GGN_01,Gurugram,OFFICE,16.5,85.0,83.4,CCS2,60.0,True,57.13,54.84,66.65,76.45,1.147,0.5,8.0,NORMAL,False,False,AFTERNOON,False
CHG_882BA06641,2026-08-06 16:59:01,2026-08-06 16:59:01,2026-08-06 17:13:23,JNY_271798370,USR_98983,STN_MUM_01,Mumbai,MALL,58.4,85.0,61.0,CCS2,120.0,True,16.23,15.41,9.47,14.37,1.518,0.2,15.0,NORMAL,False,True,AFTERNOON,False
CHG_3B716E3E86,2026-08-06 16:59:55,2026-08-06 16:59:55,2026-08-06 21:12:40,JNY_715924415,USR_43428,STN_BLR_01,Bengaluru,OFFICE,50.4,90.0,63.6,TYPE2_AC,11.0,False,25.19,24.23,167.9,252.76,1.505,0.25,13.0,MINOR_SLOWDOWN,True,True,AFTERNOON,False
CHG_B88236ECAA,2026-08-06 17:08:38,2026-08-06 17:08:38,2026-08-06 19:33:03,JNY_233712944,USR_86964,STN_GGN_01,Gurugram,OFFICE,27.4,85.0,64.2,TYPE2_AC,22.0,False,36.98,34.54,117.66,144.42,1.227,0.25,4.0,NORMAL,False,False,EVENING,False
CHG_1D4F4267B9,2026-08-06 17:09:59,2026-08-06 17:09:59,2026-08-06 17:23:47,JNY_209134695,USR_78606,STN_GGN_02,Gurugram,MALL,34.2,80.0,68.3,CCS2,150.0,True,31.28,28.76,13.9,13.8,0.993,0.4,0.0,NORMAL,False,False,EVENING,False
CHG_E0F97BEA6F,2026-08-06 17:11:09,2026-08-06 17:11:09,2026-08-06 17:37:20,JNY_474177424,USR_70880,STN_JPR_02,Jaipur,HIGHWAY,37.4,90.0,75.6,CCS2,150.0,True,39.77,39.08,19.44,26.19,1.347,0.2,7.0,NORMAL,False,False,EVENING,False
CHG_A3B663455F,2026-08-06 17:11:34,2026-08-06 17:11:34,2026-08-06 22:26:37,JNY_370016337,USR_73014,STN_JPR_02,Jaipur,HIGHWAY,47.5,80.0,81.3,TYPE2_AC,7.2,False,26.42,25.23,244.65,315.06,1.288,0.2,6.0,NORMAL,False,False,EVENING,False
CHG_CD93D7CE68,2026-08-06 17:20:52,2026-08-06 17:20:52,2026-08-06 17:41:46,JNY_650571413,USR_82487,STN_JPR_01,Jaipur,MALL,32.6,90.0,68.4,CCS2,150.0,True,39.26,37.54,19.19,20.9,1.089,0.4,0.0,NORMAL,False,False,EVENING,False
CHG_B222C5F7EA,2026-08-06 17:22:12,2026-08-06 17:22:12,2026-08-06 17:35:34,JNY_552221576,USR_47496,STN_MUM_02,Mumbai,RESIDENTIAL,36.2,80.0,65.4,CCS2,150.0,True,28.65,27.31,12.73,13.37,1.05,0.75,0.0,NORMAL,False,False,EVENING,False
CHG_4285D9B2D3,2026-08-06 17:23:12,2026-08-06 17:23:12,2026-08-06 17:45:08,JNY_452409044,USR_93045,STN_DEL_01,Delhi,MALL,47.9,80.0,73.3,CCS2,90.0,True,23.53,22.55,17.43,21.94,1.259,0.2,8.0,NORMAL,False,False,EVENING,False
CHG_BFEF694712,2026-08-06 17:24:37,2026-08-06 17:24:37,2026-08-06 17:58:44,JNY_915383257,USR_11490,STN_GGN_01,Gurugram,OFFICE,48.7,90.0,73.1,CCS2,90.0,True,30.19,28.93,24.6,34.13,1.387,0.5,11.0,MINOR_SLOWDOWN,True,False,EVENING,False
CHG_1EADF2B8D5,2026-08-06 17:25:22,2026-08-06 17:25:22,2026-08-06 18:05:20,JNY_207872927,USR_41800,STN_MUM_01,Mumbai,MALL,34.1,80.0,88.2,CCS2,90.0,True,40.48,39.18,29.99,39.97,1.333,0.2,5.0,NORMAL,False,False,EVENING,False
CHG_C4DD18AE1D,2026-08-06 17:29:32,2026-08-06 17:29:32,2026-08-06 18:15:27,JNY_906193801,USR_55233,STN_DEL_01,Delhi,MALL,25.1,90.0,80.6,CHAdeMO,100.0,True,52.31,48.31,38.36,45.93,1.197,0.2,2.0,NORMAL,False,False,EVENING,False
CHG_0213C1827F,2026-08-06 17:29:32,2026-08-06 17:29:32,2026-08-06 18:20:58,JNY_601970108,USR_84231,STN_DEL_02,Delhi,OFFICE,26.3,90.0,88.7,CCS2,120.0,True,56.5,53.04,34.53,51.45,1.49,0.0,18.0,NORMAL,False,False,EVENING,False
CHG_B2E556F234,2026-08-06 17:33:48,2026-08-06 17:33:48,2026-08-06 18:29:25,JNY_765902466,USR_62413,STN_GGN_02,Gurugram,MALL,18.4,85.0,88.1,CCS2,90.0,True,58.67,55.32,45.64,55.62,1.219,0.4,7.0,NORMAL,False,False,EVENING,False
CHG_E3BAE07D27,2026-08-06 17:36:36,2026-08-06 17:36:36,2026-08-06 23:36:36,JNY_868427837,USR_33022,STN_GGN_02,Gurugram,MALL,23.6,90.0,57.3,TYPE2_AC,7.2,False,38.05,37.36,387.52,360.0,0.929,0.2,2.0,NORMAL,False,False,EVENING,False
CHG_0CFD292D01,2026-08-06 17:39:52,2026-08-06 17:39:52,2026-08-06 18:18:40,JNY_525118015,USR_32006,STN_GGN_02,Gurugram,MALL,16.5,80.0,70.4,CCS2,90.0,True,44.7,42.38,33.11,38.81,1.172,0.4,6.0,NORMAL,False,False,EVENING,False
CHG_7D1D1F2831,2026-08-06 17:41:04,2026-08-06 17:41:04,2026-08-06 17:53:46,JNY_171261346,USR_66179,STN_DEL_01,Delhi,MALL,56.4,80.0,84.6,CCS2,120.0,True,19.97,19.0,11.09,12.71,1.145,0.2,2.0,NORMAL,False,False,EVENING,False
CHG_ED2B64FFB4,2026-08-06 17:41:23,2026-08-06 17:41:23,2026-08-06 18:00:07,JNY_430893313,USR_34979,STN_DEL_01,Delhi,MALL,42.0,85.0,71.1,CCS2,120.0,True,30.57,29.93,17.83,18.75,1.051,0.8,0.0,NORMAL,False,False,EVENING,False
CHG_45893FFD9A,2026-08-06 17:42:36,2026-08-06 17:42:36,2026-08-06 18:28:03,JNY_514180792,USR_32049,STN_JPR_01,Jaipur,MALL,14.0,85.0,73.1,CCS2,90.0,True,51.9,50.26,40.37,45.46,1.126,0.4,4.0,NORMAL,False,False,EVENING,False
CHG_0D6DC9867D,2026-08-06 17:51:12,2026-08-06 17:51:12,2026-08-06 18:18:59,JNY_329375192,USR_44062,STN_JPR_02,Jaipur,HIGHWAY,25.8,85.0,59.0,CCS2,150.0,True,34.93,32.72,16.3,27.79,1.705,0.0,24.0,NORMAL,False,True,EVENING,False
CHG_1503303539,2026-08-06 17:52:24,2026-08-06 17:52:24,2026-08-06 18:28:50,JNY_343352036,USR_24146,STN_DEL_01,Delhi,MALL,26.5,95.0,69.4,CCS2,120.0,True,47.54,44.86,30.37,36.45,1.2,0.2,2.0,NORMAL,False,False,EVENING,False
CHG_13B4BCBBA2,2026-08-06 17:57:09,2026-08-06 17:57:09,2026-08-06 18:28:52,JNY_166160964,USR_73338,STN_DEL_01,Delhi,MALL,24.7,85.0,72.0,CCS2,120.0,True,43.42,41.36,25.33,31.73,1.253,0.2,5.0,NORMAL,False,False,EVENING,False
CHG_C6EDBDA95E,2026-08-06 18:02:56,2026-08-06 18:02:56,2026-08-06 18:34:34,JNY_874507330,USR_95759,STN_JPR_01,Jaipur,MALL,27.0,90.0,64.8,CCS2,120.0,True,40.82,39.84,24.95,31.64,1.268,0.4,0.0,MINOR_SLOWDOWN,True,False,EVENING,False
CHG_BBDEDE146F,2026-08-06 18:11:30,2026-08-06 18:11:30,2026-08-06 18:48:18,JNY_728281799,USR_61407,STN_JPR_01,Jaipur,MALL,34.1,80.0,81.5,CCS2,90.0,True,37.41,36.81,27.71,36.82,1.329,0.2,5.0,NORMAL,False,False,EVENING,False
CHG_3DF6581143,2026-08-06 18:12:09,2026-08-06 18:12:09,2026-08-06 18:35:20,JNY_611333587,USR_25710,STN_DEL_03,Delhi,HIGHWAY,47.7,80.0,75.4,CCS2,90.0,True,24.35,23.73,18.04,23.19,1.285,0.2,4.0,NORMAL,False,False,EVENING,False
CHG_25FC375F83,2026-08-06 18:16:21,2026-08-06 18:16:21,2026-08-06 19:03:28,JNY_304942928,USR_47954,STN_MUM_02,Mumbai,RESIDENTIAL,31.8,85.0,77.9,CCS2,60.0,True,41.44,39.67,48.35,47.12,0.975,0.75,0.0,NORMAL,False,False,EVENING,False
CHG_9B1AA404C5,2026-08-06 18:17:33,2026-08-06 18:17:33,2026-08-06 18:58:03,JNY_767774022,USR_33857,STN_MUM_02,Mumbai,RESIDENTIAL,15.8,80.0,81.2,CHAdeMO,100.0,True,52.13,49.78,34.75,40.51,1.166,0.5,6.0,NORMAL,False,False,EVENING,False
CHG_C13145AAB4,2026-08-06 18:18:18,2026-08-06 18:18:18,2026-08-06 21:00:30,JNY_739977393,USR_22518,STN_DEL_01,Delhi,MALL,19.0,80.0,69.1,TYPE2_AC,22.0,False,42.15,39.76,127.73,162.21,1.27,0.2,2.0,NORMAL,False,False,EVENING,False
CHG_3A3AB4F817,2026-08-06 18:21:40,2026-08-06 18:21:40,2026-08-06 19:01:30,JNY_588667178,USR_87777,STN_MUM_02,Mumbai,RESIDENTIAL,22.8,85.0,85.2,CCS2,90.0,True,52.99,49.16,41.22,39.84,0.967,1.0,0.0,NORMAL,False,False,EVENING,False
CHG_E218BF498E,2026-08-06 18:22:41,2026-08-06 18:22:41,2026-08-06 18:46:00,JNY_981543939,USR_81812,STN_JPR_01,Jaipur,MALL,41.9,80.0,90.0,CCS2,120.0,True,34.29,33.3,19.05,23.33,1.224,0.4,4.0,NORMAL,False,False,EVENING,False
CHG_CB62FC56C2,2026-08-06 18:25:16,2026-08-06 18:25:16,2026-08-06 19:14:57,JNY_583009988,USR_12859,STN_MUM_02,Mumbai,RESIDENTIAL,25.0,90.0,89.0,CCS2,90.0,True,57.85,56.78,47.14,49.69,1.054,0.75,0.0,NORMAL,False,False,EVENING,False
CHG_5426F17C42,2026-08-06 18:26:00,2026-08-06 18:26:00,2026-08-06 18:54:52,JNY_775086144,USR_14842,STN_MUM_02,Mumbai,RESIDENTIAL,26.8,80.0,88.9,CCS2,120.0,True,47.29,45.75,26.27,28.87,1.099,0.75,0.0,NORMAL,False,False,EVENING,False
CHG_CD042D4E7C,2026-08-06 18:27:00,2026-08-06 18:27:00,2026-08-06 18:52:31,JNY_145252935,USR_27542,STN_GGN_02,Gurugram,MALL,31.5,80.0,64.1,CCS2,120.0,True,31.09,30.54,17.27,25.52,1.478,0.4,9.0,MINOR_SLOWDOWN,True,False,EVENING,False
CHG_F984C37FD1,2026-08-06 18:28:12,2026-08-06 18:28:12,2026-08-06 19:29:02,JNY_581969064,USR_46949,STN_GGN_02,Gurugram,MALL,19.5,85.0,69.3,CHAdeMO,75.0,True,45.39,45.03,42.37,60.85,1.436,0.2,11.0,NORMAL,False,False,EVENING,False
CHG_1EFA10CB3B,2026-08-06 18:28:50,2026-08-06 18:28:50,2026-08-06 18:41:13,JNY_247318035,USR_52351,STN_MUM_01,Mumbai,MALL,55.9,85.0,86.1,CCS2,150.0,True,25.06,24.07,11.69,12.39,1.059,0.4,0.0,NORMAL,False,False,EVENING,False
CHG_220E1156DF,2026-08-06 18:34:54,2026-08-06 18:34:54,2026-08-06 19:03:06,JNY_438967119,USR_94084,STN_GGN_01,Gurugram,OFFICE,40.1,85.0,86.8,CCS2,120.0,True,38.97,36.83,22.73,28.21,1.241,0.25,9.0,NORMAL,False,False,EVENING,False
CHG_2A448D3F47,2026-08-06 18:36:55,2026-08-06 18:36:55,2026-08-06 19:11:49,JNY_926392345,USR_40866,STN_JPR_01,Jaipur,MALL,18.1,90.0,66.1,CCS2,120.0,True,47.53,46.23,29.04,34.91,1.202,0.2,5.0,NORMAL,False,False,EVENING,False
CHG_A79440BE51,2026-08-06 18:41:14,2026-08-06 18:41:14,2026-08-06 19:10:50,JNY_767052995,USR_76765,STN_DEL_01,Delhi,MALL,36.9,85.0,67.0,CCS2,90.0,True,32.23,31.16,25.07,29.61,1.181,0.2,3.0,NORMAL,False,False,EVENING,False
CHG_A9517FACBE,2026-08-06 18:50:53,2026-08-06 18:50:53,2026-08-06 18:59:41,JNY_527497053,USR_24019,STN_MUM_02,Mumbai,RESIDENTIAL,50.7,80.0,65.8,CCS2,150.0,True,19.28,18.63,8.57,8.81,1.028,1.0,0.0,NORMAL,False,False,EVENING,False
CHG_E89BA8D504,2026-08-06 18:53:09,2026-08-06 18:53:09,2026-08-06 19:18:36,JNY_131626997,USR_23545,STN_GGN_02,Gurugram,MALL,26.2,80.0,61.0,CHAdeMO,100.0,True,32.82,31.91,21.88,25.47,1.164,0.2,2.0,NORMAL,False,False,EVENING,False
CHG_53ED84EA84,2026-08-06 18:55:01,2026-08-06 18:55:01,2026-08-06 19:53:50,JNY_741025233,USR_24776,STN_GGN_02,Gurugram,MALL,17.5,90.0,81.7,CCS2,90.0,True,59.23,56.43,48.26,58.82,1.219,0.4,0.0,MINOR_SLOWDOWN,True,False,EVENING,False
CHG_296E460BA9,2026-08-06 18:59:10,2026-08-06 18:59:10,2026-08-06 19:53:32,JNY_192401358,USR_53801,STN_DEL_01,Delhi,MALL,13.8,80.0,60.6,CCS2,60.0,True,40.12,38.17,44.57,54.38,1.22,0.2,3.0,NORMAL,False,False,EVENING,False
CHG_0FD7B7B6AD,2026-08-06 19:00:48,2026-08-06 19:00:48,2026-08-06 19:37:35,JNY_418625891,USR_81507,STN_DEL_02,Delhi,OFFICE,35.7,80.0,66.4,CCS2,60.0,True,29.42,28.0,32.68,36.78,1.125,0.5,0.0,NORMAL,False,False,EVENING,False
CHG_BFDB584553,2026-08-06 19:13:52,2026-08-06 19:13:52,2026-08-06 19:32:44,JNY_306913131,USR_25683,STN_JPR_01,Jaipur,MALL,48.7,80.0,85.6,CCS2,90.0,True,26.79,25.42,19.85,18.87,0.951,0.6,0.0,NORMAL,False,False,EVENING,False
CHG_7DD886DC86,2026-08-06 19:20:37,2026-08-06 19:20:37,2026-08-06 19:38:38,JNY_406749368,USR_10568,STN_GGN_02,Gurugram,MALL,35.8,90.0,57.6,CCS2,120.0,True,31.22,30.23,19.08,18.02,0.944,0.6,0.0,NORMAL,False,False,EVENING,False
CHG_1BDFDD9E9B,2026-08-06 19:26:47,2026-08-06 19:26:47,2026-08-06 20:41:29,JNY_594483479,USR_66985,STN_BLR_01,Bengaluru,OFFICE,30.7,85.0,80.0,CHAdeMO,50.0,True,43.44,41.97,60.82,74.71,1.228,0.5,8.0,NORMAL,False,False,EVENING,False
CHG_3773CAE63F,2026-08-06 19:31:37,2026-08-06 19:31:37,2026-08-07 00:24:31,JNY_140067186,USR_70958,STN_GGN_01,Gurugram,OFFICE,17.7,85.0,63.6,TYPE2_AC,11.0,False,42.8,41.35,272.38,292.9,1.075,0.5,0.0,NORMAL,False,False,EVENING,False
CHG_D8A0BC8916,2026-08-06 19:33:56,2026-08-06 19:33:56,2026-08-06 20:07:16,JNY_129690138,USR_50124,STN_DEL_01,Delhi,MALL,27.3,90.0,71.2,CCS2,120.0,True,44.64,43.28,27.28,33.34,1.222,0.2,6.0,NORMAL,False,False,EVENING,False
CHG_5E694F3DC4,2026-08-06 19:35:16,2026-08-06 19:35:16,2026-08-06 20:21:25,JNY_636247899,USR_17573,STN_BLR_01,Bengaluru,OFFICE,26.7,90.0,67.6,CHAdeMO,75.0,True,42.79,41.41,41.84,46.17,1.103,0.5,0.0,NORMAL,False,False,EVENING,False
CHG_709B0F6E06,2026-08-06 19:37:37,2026-08-06 19:37:37,2026-08-06 20:48:59,JNY_934314114,USR_91256,STN_MUM_02,Mumbai,RESIDENTIAL,27.3,85.0,76.8,CCS2,60.0,True,44.31,42.59,51.7,71.38,1.381,0.0,9.0,NORMAL,False,False,EVENING,False
CHG_9AC5AEB22D,2026-08-06 19:44:04,2026-08-06 19:44:04,2026-08-06 20:17:21,JNY_216074490,USR_59228,STN_DEL_03,Delhi,HIGHWAY,12.5,80.0,59.9,CCS2,120.0,True,40.43,38.88,22.46,33.3,1.482,0.2,15.0,NORMAL,False,False,EVENING,False
CHG_1F8A89080A,2026-08-06 19:44:20,2026-08-06 19:44:20,2026-08-07 00:46:16,JNY_327101786,USR_66446,STN_DEL_01,Delhi,MALL,51.3,95.0,88.6,TYPE2_AC,11.0,False,38.72,38.13,269.85,301.94,1.119,0.2,3.0,NORMAL,False,False,EVENING,False
CHG_F6C80CAF74,2026-08-06 19:50:45,2026-08-06 19:50:45,2026-08-06 20:19:50,JNY_105403216,USR_61209,STN_DEL_03,Delhi,HIGHWAY,13.3,85.0,63.9,CCS2,150.0,True,45.82,44.12,21.38,29.1,1.361,0.2,12.0,NORMAL,False,False,EVENING,False
CHG_B1C7E94853,2026-08-06 19:52:03,2026-08-06 19:52:03,2026-08-06 22:12:09,JNY_903427183,USR_99038,STN_GGN_02,Gurugram,MALL,22.2,80.0,83.5,TYPE2_AC,22.0,False,48.26,45.13,146.25,140.11,0.958,0.6,0.0,NORMAL,False,False,EVENING,False
CHG_011BCC867C,2026-08-06 19:58:28,2026-08-06 19:58:28,2026-08-06 23:06:32,JNY_315037972,USR_11027,STN_DEL_01,Delhi,MALL,26.5,90.0,69.8,TYPE2_AC,22.0,False,44.32,42.37,147.74,188.08,1.273,0.4,10.0,NORMAL,False,False,EVENING,False
CHG_AE42822D29,2026-08-06 19:58:33,2026-08-06 19:58:33,2026-08-06 20:58:43,JNY_502912852,USR_99885,STN_GGN_01,Gurugram,OFFICE,24.0,85.0,81.6,CCS2,60.0,True,49.78,46.75,58.07,60.18,1.036,1.0,0.0,NORMAL,False,False,EVENING,False
CHG_8E89FC0C87,2026-08-06 19:58:42,2026-08-06 19:58:42,2026-08-06 23:21:42,JNY_209302482,USR_88351,STN_JPR_01,Jaipur,MALL,26.0,95.0,68.2,TYPE2_AC,22.0,False,47.06,44.96,163.99,203.0,1.238,0.2,3.0,NORMAL,False,False,EVENING,False
CHG_AE5D92B36A,2026-08-06 19:59:15,2026-08-06 19:59:15,2026-08-06 20:18:13,JNY_123804087,USR_35127,STN_BLR_01,Bengaluru,OFFICE,40.2,80.0,60.7,CCS2,90.0,True,24.16,23.18,17.9,18.98,1.061,0.75,0.0,NORMAL,False,False,EVENING,False
CHG_8497A7A87A,2026-08-06 20:05:48,2026-08-06 20:05:48,2026-08-06 20:26:09,JNY_213540722,USR_61470,STN_JPR_01,Jaipur,MALL,61.9,90.0,84.5,CCS2,90.0,True,23.74,22.85,19.35,20.35,1.052,0.4,0.0,NORMAL,False,False,EVENING,False
CHG_B6A18414D5,2026-08-06 20:07:39,2026-08-06 20:07:39,2026-08-06 20:58:32,JNY_402521346,USR_64395,STN_MUM_02,Mumbai,RESIDENTIAL,20.6,90.0,71.3,CCS2,90.0,True,49.48,46.6,40.32,50.89,1.262,0.25,2.0,NORMAL,False,False,EVENING,False
CHG_FE8327CE72,2026-08-06 20:08:39,2026-08-06 20:08:39,2026-08-06 23:03:13,JNY_103299501,USR_66808,STN_GGN_02,Gurugram,MALL,47.1,80.0,67.5,TYPE2_AC,11.0,False,22.21,21.48,134.59,174.57,1.297,0.0,6.0,NORMAL,False,False,EVENING,False
CHG_6D09A694FE,2026-08-06 20:10:21,2026-08-06 20:10:21,2026-08-07 01:54:51,JNY_848995351,USR_98790,STN_MUM_01,Mumbai,MALL,33.6,85.0,72.4,TYPE2_AC,7.2,False,37.21,34.68,361.8,344.51,0.952,0.6,0.0,NORMAL,False,False,EVENING,False
CHG_9F93767FBF,2026-08-06 20:11:39,2026-08-06 20:11:39,2026-08-06 20:36:36,JNY_409599386,USR_98846,STN_DEL_02,Delhi,OFFICE,31.7,80.0,72.5,CCS2,90.0,True,35.02,34.26,25.94,24.96,0.962,1.0,0.0,NORMAL,False,False,EVENING,False
CHG_095183F0EB,2026-08-06 20:12:32,2026-08-06 20:12:32,2026-08-06 21:13:47,JNY_509075351,USR_50848,STN_JPR_01,Jaipur,MALL,30.1,80.0,61.1,CCS2,60.0,True,30.49,28.53,33.88,61.26,1.808,0.2,16.0,POWER_LIMITATION,True,True,EVENING,False
CHG_293ED01F0B,2026-08-06 20:19:18,2026-08-06 20:19:18,2026-08-06 20:50:43,JNY_918236129,USR_11290,STN_JPR_02,Jaipur,HIGHWAY,23.3,90.0,66.6,CCS2,120.0,True,44.42,41.29,27.15,31.43,1.158,0.2,3.0,NORMAL,False,False,EVENING,False
CHG_4B227C8EF4,2026-08-06 20:22:03,2026-08-06 20:22:03,2026-08-06 23:44:49,JNY_712235840,USR_59404,STN_BLR_01,Bengaluru,OFFICE,32.9,80.0,65.6,TYPE2_AC,11.0,False,30.9,29.51,187.26,202.77,1.083,1.0,0.0,NORMAL,False,False,EVENING,False
CHG_D90FCF4F2C,2026-08-06 20:30:34,2026-08-06 20:30:34,2026-08-06 21:02:57,JNY_661652705,USR_51606,STN_MUM_02,Mumbai,RESIDENTIAL,44.3,85.0,79.2,CCS2,90.0,True,32.23,31.2,25.07,32.39,1.292,0.25,2.0,MINOR_SLOWDOWN,True,False,EVENING,False
CHG_C5D1AC54AB,2026-08-06 20:31:53,2026-08-06 20:31:53,2026-08-06 20:58:49,JNY_285230534,USR_51361,STN_GGN_02,Gurugram,MALL,39.8,85.0,70.7,CCS2,90.0,True,31.96,30.35,24.85,26.95,1.084,0.4,0.0,NORMAL,False,False,EVENING,False
CHG_A3476B24DA,2026-08-06 20:33:12,2026-08-06 20:33:12,2026-08-06 21:03:39,JNY_830434969,USR_12651,STN_MUM_01,Mumbai,MALL,36.0,80.0,75.8,CCS2,90.0,True,33.35,31.56,24.71,30.46,1.233,0.2,2.0,NORMAL,False,False,EVENING,False
CHG_F560FB21E4,2026-08-06 20:35:31,2026-08-06 20:35:31,2026-08-06 21:18:15,JNY_661194000,USR_53230,STN_BLR_01,Bengaluru,OFFICE,25.8,85.0,59.9,CCS2,60.0,True,35.46,33.97,41.37,42.73,1.033,0.75,0.0,NORMAL,False,False,EVENING,False
CHG_69D380464A,2026-08-06 20:35:48,2026-08-06 20:35:48,2026-08-06 21:19:17,JNY_908015528,USR_24129,STN_JPR_01,Jaipur,MALL,32.5,85.0,73.4,CCS2,60.0,True,38.54,37.42,44.96,43.48,0.967,0.6,0.0,NORMAL,False,False,EVENING,False
CHG_E9148A9581,2026-08-06 20:37:53,2026-08-06 20:37:53,2026-08-06 21:12:33,JNY_917130182,USR_27639,STN_BLR_01,Bengaluru,OFFICE,35.2,85.0,77.5,CHAdeMO,75.0,True,38.59,36.23,36.02,34.67,0.962,0.75,0.0,NORMAL,False,False,EVENING,False
CHG_FAE83B4F0B,2026-08-06 20:38:56,2026-08-06 20:38:56,2026-08-06 21:19:53,JNY_111242922,USR_74222,STN_DEL_02,Delhi,OFFICE,26.1,95.0,88.6,CCS2,120.0,True,61.05,58.1,39.0,40.96,1.05,1.0,5.0,NORMAL,False,False,EVENING,False
CHG_1ABBF51BE1,2026-08-06 20:44:46,2026-08-06 20:44:46,2026-08-07 01:19:10,JNY_535289816,USR_27644,STN_BLR_01,Bengaluru,OFFICE,34.6,80.0,62.1,TYPE2_AC,7.2,False,28.19,26.89,261.05,274.41,1.051,0.5,4.0,NORMAL,False,False,EVENING,False
CHG_FC2B860B34,2026-08-06 20:46:00,2026-08-06 20:46:00,2026-08-06 21:24:01,JNY_708003566,USR_69047,STN_MUM_02,Mumbai,RESIDENTIAL,28.3,85.0,72.4,CHAdeMO,75.0,True,41.05,38.94,38.31,38.03,0.992,0.5,0.0,NORMAL,False,False,EVENING,False
CHG_6B1D6CFB7D,2026-08-06 20:48:54,2026-08-06 20:48:54,2026-08-06 23:16:00,JNY_324756823,USR_36990,STN_BLR_01,Bengaluru,OFFICE,27.8,85.0,60.4,TYPE2_AC,22.0,False,34.55,32.63,109.93,147.11,1.338,0.5,4.0,MINOR_SLOWDOWN,True,False,EVENING,False
CHG_8E97C19BAA,2026-08-06 20:52:59,2026-08-06 20:52:59,2026-08-06 21:25:32,JNY_387277728,USR_42844,STN_DEL_02,Delhi,OFFICE,18.1,85.0,75.0,CCS2,120.0,True,50.17,49.92,29.27,32.56,1.112,1.0,4.0,NORMAL,False,False,EVENING,False
CHG_D01895E162,2026-08-06 20:53:18,2026-08-06 20:53:18,2026-08-06 21:26:29,JNY_177022600,USR_32025,STN_JPR_02,Jaipur,HIGHWAY,22.5,80.0,77.9,CCS2,120.0,True,44.79,43.5,24.88,33.2,1.334,0.4,11.0,NORMAL,False,False,EVENING,False
CHG_8641623763,2026-08-06 20:53:33,2026-08-06 20:53:33,2026-08-06 21:36:25,JNY_632225963,USR_50188,STN_JPR_01,Jaipur,MALL,25.8,80.0,68.8,CCS2,60.0,True,37.29,36.91,41.43,42.87,1.035,0.6,0.0,NORMAL,False,False,EVENING,False
CHG_975F1EBFFD,2026-08-06 20:56:59,2026-08-06 20:56:59,2026-08-07 01:05:03,JNY_229864229,USR_18181,STN_DEL_03,Delhi,HIGHWAY,15.8,80.0,59.6,TYPE2_AC,11.0,False,38.26,37.15,231.9,248.08,1.07,0.4,4.0,NORMAL,False,False,EVENING,False
CHG_D8E7A696E2,2026-08-06 20:57:53,2026-08-06 20:57:53,2026-08-06 22:15:04,JNY_763706535,USR_31118,STN_JPR_02,Jaipur,HIGHWAY,26.0,90.0,83.7,CHAdeMO,75.0,True,53.57,50.19,52.38,77.2,1.474,0.2,12.0,NORMAL,False,False,EVENING,False
CHG_773CBCBADD,2026-08-06 20:57:55,2026-08-06 20:57:55,2026-08-06 21:30:01,JNY_200631913,USR_12557,STN_MUM_01,Mumbai,MALL,38.2,85.0,63.8,CCS2,60.0,True,29.86,29.39,34.83,32.11,0.922,0.6,0.0,NORMAL,False,False,EVENING,False
CHG_A366A3C298,2026-08-06 21:05:54,2026-08-06 21:05:54,2026-08-06 21:34:48,JNY_259022291,USR_72112,STN_BLR_01,Bengaluru,OFFICE,33.1,80.0,87.1,CHAdeMO,100.0,True,40.85,38.25,27.23,28.9,1.061,1.0,0.0,NORMAL,False,False,NIGHT,False
CHG_D902E972D7,2026-08-06 21:06:26,2026-08-06 21:06:26,2026-08-06 21:33:24,JNY_859558023,USR_66113,STN_MUM_02,Mumbai,RESIDENTIAL,26.8,90.0,60.8,CCS2,120.0,True,38.43,36.31,23.48,26.98,1.149,0.25,4.0,NORMAL,False,False,NIGHT,False
CHG_5142006BEC,2026-08-06 21:09:00,2026-08-06 21:09:00,2026-08-06 21:31:23,JNY_722591457,USR_37651,STN_BLR_01,Bengaluru,OFFICE,51.0,85.0,65.0,CHAdeMO,75.0,True,22.1,21.11,20.63,22.39,1.085,0.75,2.0,NORMAL,False,False,NIGHT,False
CHG_90F13D57A3,2026-08-06 21:11:48,2026-08-06 21:11:48,2026-08-06 21:46:44,JNY_166608408,USR_27968,STN_JPR_02,Jaipur,HIGHWAY,35.1,90.0,81.7,CCS2,90.0,True,44.85,42.19,36.55,34.94,0.956,0.6,0.0,NORMAL,False,False,NIGHT,False
CHG_A664B0C87C,2026-08-06 21:21:42,2026-08-06 21:21:42,2026-08-06 21:38:36,JNY_625184928,USR_49043,STN_MUM_01,Mumbai,MALL,28.1,80.0,71.2,CCS2,150.0,True,36.95,35.04,16.42,16.91,1.03,1.0,2.0,NORMAL,False,False,NIGHT,False
CHG_66B7999CC0,2026-08-06 21:32:19,2026-08-06 21:32:19,2026-08-07 00:53:15,JNY_832149004,USR_79771,STN_DEL_03,Delhi,HIGHWAY,39.9,85.0,70.3,TYPE2_AC,11.0,False,31.71,29.83,201.76,200.94,0.996,0.8,4.0,NORMAL,False,False,NIGHT,False
CHG_CE991253EC,2026-08-06 21:34:20,2026-08-06 21:34:20,2026-08-06 21:50:35,JNY_143937097,USR_64213,STN_JPR_01,Jaipur,MALL,35.8,90.0,60.4,CCS2,150.0,True,32.74,31.29,16.0,16.26,1.016,0.6,0.0,NORMAL,False,False,NIGHT,False
CHG_BFC330D4D4,2026-08-06 21:40:31,2026-08-06 21:40:31,2026-08-06 22:02:46,JNY_463077576,USR_68334,STN_GGN_01,Gurugram,OFFICE,50.2,85.0,88.9,CCS2,90.0,True,30.94,30.46,24.06,22.26,0.925,1.0,0.0,NORMAL,False,False,NIGHT,False
CHG_6E194D0AC7,2026-08-06 21:41:44,2026-08-06 21:41:44,2026-08-06 22:19:51,JNY_420014716,USR_33350,STN_BLR_01,Bengaluru,OFFICE,26.1,80.0,88.6,CHAdeMO,100.0,True,47.76,44.84,31.84,38.13,1.198,0.75,4.0,MINOR_SLOWDOWN,True,False,NIGHT,False
CHG_8FF295EE5C,2026-08-06 21:44:52,2026-08-06 21:44:52,2026-08-06 22:07:12,JNY_851999323,USR_67477,STN_DEL_03,Delhi,HIGHWAY,37.8,80.0,69.4,CCS2,90.0,True,29.29,28.0,21.69,22.34,1.03,0.6,2.0,NORMAL,False,False,NIGHT,False
CHG_94FA1CE350,2026-08-06 21:46:50,2026-08-06 21:46:50,2026-08-06 22:22:39,JNY_103170269,USR_20256,STN_JPR_01,Jaipur,MALL,17.4,80.0,76.2,CHAdeMO,100.0,True,47.7,45.76,31.8,35.82,1.126,0.4,6.0,NORMAL,False,False,NIGHT,False
CHG_D2DA360F3C,2026-08-06 21:57:36,2026-08-06 21:57:36,2026-08-06 22:27:50,JNY_404592362,USR_77511,STN_JPR_02,Jaipur,HIGHWAY,32.8,90.0,80.5,CCS2,120.0,True,46.05,44.71,28.14,30.24,1.075,1.0,0.0,NORMAL,False,False,NIGHT,False
CHG_0541F0DDAD,2026-08-06 22:03:38,2026-08-06 22:03:38,2026-08-06 23:04:40,JNY_270814672,USR_86081,STN_GGN_01,Gurugram,OFFICE,17.5,80.0,83.8,CCS2,120.0,True,52.38,51.12,29.1,61.03,2.098,1.0,0.0,CHARGER_FAULT,True,True,NIGHT,False
CHG_47D309F096,2026-08-06 22:04:02,2026-08-06 22:04:02,2026-08-07 01:16:23,JNY_742552889,USR_29233,STN_DEL_03,Delhi,HIGHWAY,42.5,85.0,69.1,TYPE2_AC,11.0,False,29.37,28.07,186.88,192.36,1.029,0.8,0.0,NORMAL,False,False,NIGHT,False
CHG_FD6DFB5154,2026-08-06 22:09:29,2026-08-06 22:09:29,2026-08-06 23:26:31,JNY_465026657,USR_78918,STN_DEL_03,Delhi,HIGHWAY,20.2,95.0,87.2,CCS2,60.0,True,65.23,62.17,83.34,77.04,0.924,0.6,0.0,NORMAL,False,False,NIGHT,False
CHG_3CF8F9A14D,2026-08-06 22:09:43,2026-08-06 22:09:43,2026-08-06 22:28:00,JNY_293368564,USR_47863,STN_DEL_01,Delhi,MALL,48.5,85.0,80.7,CCS2,120.0,True,29.46,28.48,17.18,18.29,1.065,0.6,0.0,NORMAL,False,False,NIGHT,False
CHG_9035E77FED,2026-08-06 22:13:36,2026-08-06 22:13:36,2026-08-06 22:30:17,JNY_745927511,USR_72167,STN_JPR_01,Jaipur,MALL,37.0,90.0,65.9,CCS2,150.0,True,34.93,33.65,17.08,16.7,0.978,0.6,0.0,NORMAL,False,False,NIGHT,False
CHG_2E6459A5AD,2026-08-06 22:15:05,2026-08-06 22:15:05,2026-08-06 22:52:18,JNY_360210358,USR_60989,STN_DEL_01,Delhi,MALL,41.5,85.0,68.0,CCS2,60.0,True,29.58,28.68,34.51,37.23,1.079,1.0,0.0,NORMAL,False,False,NIGHT,False
CHG_3CB5D4EC07,2026-08-06 22:17:16,2026-08-06 22:17:16,2026-08-07 02:12:57,JNY_162658391,USR_66722,STN_GGN_01,Gurugram,OFFICE,43.0,85.0,84.4,TYPE2_AC,11.0,False,35.45,34.55,225.58,235.69,1.045,1.0,0.0,NORMAL,False,False,NIGHT,False
CHG_958152A4B5,2026-08-06 22:18:34,2026-08-06 22:18:34,2026-08-06 23:14:51,JNY_984203515,USR_49435,STN_BLR_01,Bengaluru,OFFICE,60.3,85.0,76.1,TYPE2_AC,22.0,False,18.8,17.91,59.81,56.3,0.941,1.0,0.0,NORMAL,False,False,NIGHT,False
CHG_768ABDC554,2026-08-06 22:38:08,2026-08-06 22:38:08,2026-08-06 22:50:54,JNY_792378199,USR_16035,STN_DEL_02,Delhi,OFFICE,45.7,80.0,61.1,CCS2,120.0,True,20.96,20.06,11.64,12.78,1.097,1.0,5.0,NORMAL,False,False,NIGHT,False
CHG_49691B7882,2026-08-06 22:40:39,2026-08-06 22:40:39,2026-08-06 23:47:20,JNY_405852588,USR_95893,STN_JPR_01,Jaipur,MALL,16.7,80.0,85.3,CHAdeMO,50.0,True,53.99,51.63,71.99,66.69,0.926,0.8,0.0,NORMAL,False,False,NIGHT,False
CHG_9E225D72EB,2026-08-06 22:44:20,2026-08-06 22:44:20,2026-08-07 02:33:18,JNY_861593068,USR_77991,STN_JPR_01,Jaipur,MALL,39.9,80.0,66.4,TYPE2_AC,7.2,False,26.63,26.18,246.54,228.97,0.929,1.0,0.0,NORMAL,False,False,NIGHT,False
CHG_CCE319C768,2026-08-06 22:46:51,2026-08-06 22:46:51,2026-08-06 23:44:23,JNY_785462977,USR_95621,STN_DEL_01,Delhi,MALL,16.2,80.0,87.0,CHAdeMO,75.0,True,55.51,53.37,49.34,57.53,1.166,1.0,0.0,MINOR_SLOWDOWN,True,False,NIGHT,False
CHG_561E0929A1,2026-08-06 22:55:38,2026-08-06 22:55:38,2026-08-06 23:15:56,JNY_778220456,USR_83838,STN_DEL_03,Delhi,HIGHWAY,33.2,85.0,86.5,CCS2,150.0,True,44.81,43.0,20.91,20.3,0.971,0.4,0.0,NORMAL,False,False,NIGHT,False
CHG_15809AF268,2026-08-06 23:07:45,2026-08-06 23:07:45,2026-08-06 23:44:46,JNY_290058456,USR_36257,STN_MUM_01,Mumbai,MALL,39.1,90.0,75.2,CHAdeMO,75.0,True,38.28,37.12,37.43,37.03,0.989,0.6,0.0,NORMAL,False,False,NIGHT,False
CHG_251CB3E63C,2026-08-06 23:18:15,2026-08-06 23:18:15,2026-08-06 23:40:29,JNY_396463072,USR_94742,STN_DEL_03,Delhi,HIGHWAY,32.6,90.0,59.1,CCS2,120.0,True,33.92,32.48,20.73,22.24,1.073,0.8,0.0,NORMAL,False,False,NIGHT,False
CHG_1FAEFB3512,2026-08-06 23:24:28,2026-08-06 23:24:28,2026-08-06 23:45:30,JNY_847322214,USR_62426,STN_DEL_01,Delhi,MALL,39.9,90.0,70.9,CCS2,120.0,True,35.52,34.22,21.71,21.04,0.969,0.6,1.0,NORMAL,False,False,NIGHT,False
CHG_FF98CFD52E,2026-08-06 23:54:31,2026-08-06 23:54:31,2026-08-07 00:41:03,JNY_106457940,USR_56961,STN_DEL_03,Delhi,HIGHWAY,27.1,90.0,79.8,CCS2,90.0,True,50.19,48.89,40.9,46.55,1.138,0.8,0.0,MINOR_SLOWDOWN,True,False,NIGHT,False
CHG_5D325EF7FB,2026-08-07 00:09:25,2026-08-07 00:09:25,2026-08-07 03:09:27,JNY_389182835,USR_80500,STN_MUM_02,Mumbai,RESIDENTIAL,14.1,80.0,86.1,TYPE2_AC,22.0,False,56.74,54.47,171.94,180.04,1.047,1.0,2.0,NORMAL,False,False,NIGHT,False
CHG_13C292132D,2026-08-07 00:09:25,2026-08-07 00:09:25,2026-08-07 01:07:07,JNY_593971638,USR_87918,STN_DEL_02,Delhi,OFFICE,31.0,80.0,90.0,CHAdeMO,50.0,True,44.1,42.1,58.8,57.71,0.981,1.0,4.0,NORMAL,False,False,NIGHT,False
CHG_98E57C03D3,2026-08-07 00:16:37,2026-08-07 00:16:37,2026-08-07 00:40:07,JNY_313530023,USR_32549,STN_DEL_01,Delhi,MALL,15.8,80.0,68.9,CCS2,120.0,True,44.23,41.61,24.57,23.5,0.956,1.0,0.0,NORMAL,False,False,NIGHT,False
CHG_B8E2C48EB9,2026-08-07 01:17:32,2026-08-07 01:17:32,2026-08-07 01:41:21,JNY_310968634,USR_29734,STN_JPR_01,Jaipur,MALL,36.4,80.0,71.2,CCS2,90.0,True,31.04,30.15,22.99,23.83,1.036,1.0,0.0,NORMAL,False,False,NIGHT,False
CHG_66651AC5CB,2026-08-07 02:11:55,2026-08-07 02:11:55,2026-08-07 03:06:03,JNY_492310080,USR_63955,STN_BLR_01,Bengaluru,OFFICE,21.4,85.0,71.3,CCS2,60.0,True,45.35,43.51,52.9,54.15,1.023,1.0,0.0,NORMAL,False,False,NIGHT,False
CHG_447F80BD92,2026-08-07 02:29:19,2026-08-07 02:29:19,2026-08-07 02:56:54,JNY_713741553,USR_61609,STN_JPR_01,Jaipur,MALL,36.0,85.0,89.4,CCS2,120.0,True,43.81,42.48,25.55,27.59,1.08,1.0,2.0,NORMAL,False,False,NIGHT,False
CHG_7FD05D965D,2026-08-07 03:42:30,2026-08-07 03:42:30,2026-08-07 03:59:17,JNY_852200434,USR_79325,STN_JPR_02,Jaipur,HIGHWAY,46.7,85.0,73.8,CCS2,120.0,True,28.27,27.31,16.49,16.79,1.019,1.0,0.0,NORMAL,False,False,NIGHT,False
CHG_14E27748DE,2026-08-07 03:57:33,2026-08-07 03:57:33,2026-08-07 04:13:18,JNY_411269867,USR_95769,STN_GGN_01,Gurugram,OFFICE,35.9,80.0,82.1,CCS2,150.0,True,36.21,34.35,16.09,15.75,0.979,1.0,0.0,NORMAL,False,False,NIGHT,False
CHG_6A65A90BCB,2026-08-07 04:18:18,2026-08-07 04:18:18,2026-08-07 08:11:46,JNY_735328464,USR_22451,STN_JPR_02,Jaipur,HIGHWAY,32.4,80.0,78.8,TYPE2_AC,11.0,False,37.51,36.36,227.33,233.48,1.027,1.0,0.0,NORMAL,False,False,NIGHT,False
CHG_70076EB36E,2026-08-07 04:20:18,2026-08-07 04:20:18,2026-08-07 04:34:55,JNY_151227860,USR_16125,STN_DEL_02,Delhi,OFFICE,50.8,85.0,73.6,CCS2,120.0,True,25.17,23.96,14.68,14.62,0.996,1.0,4.0,NORMAL,False,False,NIGHT,False
CHG_30BC2D6932,2026-08-07 04:36:11,2026-08-07 04:36:11,2026-08-07 05:03:34,JNY_401957305,USR_41368,STN_GGN_01,Gurugram,OFFICE,47.7,90.0,75.1,CCS2,90.0,True,31.77,30.16,25.88,27.39,1.058,1.0,0.0,NORMAL,False,False,NIGHT,False
CHG_C19496DC1C,2026-08-07 05:07:39,2026-08-07 05:07:39,2026-08-07 05:44:55,JNY_811712480,USR_99810,STN_JPR_01,Jaipur,MALL,34.0,90.0,66.8,CCS2,90.0,True,37.41,34.92,30.48,37.27,1.223,1.0,0.0,MINOR_SLOWDOWN,True,False,NIGHT,False
CHG_AC1BA12AF2,2026-08-07 05:09:49,2026-08-07 05:09:49,2026-08-07 06:57:44,JNY_475888988,USR_77303,STN_GGN_02,Gurugram,MALL,30.7,80.0,69.3,TYPE2_AC,22.0,False,34.16,32.52,103.53,107.93,1.042,1.0,0.0,NORMAL,False,False,NIGHT,False
CHG_400516B904,2026-08-07 05:20:37,2026-08-07 05:20:37,2026-08-07 05:42:38,JNY_383625710,USR_41098,STN_MUM_01,Mumbai,MALL,26.1,85.0,67.8,CCS2,120.0,True,39.93,37.61,23.29,22.03,0.946,1.0,0.0,NORMAL,False,False,NIGHT,False
CHG_A3D2BB47F9,2026-08-07 05:23:01,2026-08-07 05:23:01,2026-08-07 05:53:50,JNY_839822789,USR_41723,STN_DEL_03,Delhi,HIGHWAY,40.7,85.0,85.2,CCS2,90.0,True,37.74,37.26,29.36,30.83,1.05,0.6,0.0,NORMAL,False,False,NIGHT,False
CHG_D4291970FF,2026-08-07 05:39:21,2026-08-07 05:39:21,2026-08-07 05:50:11,JNY_867724917,USR_26883,STN_GGN_01,Gurugram,OFFICE,48.4,85.0,54.1,CCS2,120.0,True,19.8,19.01,11.55,10.85,0.939,1.0,0.0,NORMAL,False,False,NIGHT,False
CHG_CA417DAAF4,2026-08-07 05:51:50,2026-08-07 05:51:50,2026-08-07 06:24:00,JNY_368890948,USR_90414,STN_GGN_02,Gurugram,MALL,36.0,95.0,79.8,CCS2,120.0,True,47.08,44.63,30.08,32.18,1.07,0.8,0.0,NORMAL,False,False,NIGHT,False
CHG_D572F40A59,2026-08-07 05:52:37,2026-08-07 05:52:37,2026-08-07 11:04:05,JNY_927177413,USR_45684,STN_GGN_02,Gurugram,MALL,22.5,80.0,86.5,TYPE2_AC,11.0,False,49.74,48.44,301.44,311.47,1.033,1.0,3.0,NORMAL,False,False,NIGHT,False
CHG_CD017B44FB,2026-08-07 05:57:48,2026-08-07 05:57:48,2026-08-07 06:11:22,JNY_932450059,USR_96972,STN_GGN_02,Gurugram,MALL,54.7,85.0,80.3,CCS2,120.0,True,24.33,23.18,14.19,13.58,0.956,1.0,0.0,NORMAL,False,False,NIGHT,False
CHG_8106806D1B,2026-08-07 05:58:13,2026-08-07 05:58:13,2026-08-07 07:22:49,JNY_114933122,USR_44052,STN_BLR_01,Bengaluru,OFFICE,22.3,85.0,88.8,CHAdeMO,50.0,True,55.68,53.35,77.95,84.62,1.086,0.75,2.0,NORMAL,False,False,NIGHT,False
CHG_45E9E14E9E,2026-08-07 06:01:53,2026-08-07 06:01:53,2026-08-07 06:31:52,JNY_924254626,USR_67633,STN_BLR_01,Bengaluru,OFFICE,31.3,90.0,86.4,CCS2,120.0,True,50.72,49.45,30.99,29.99,0.968,1.0,0.0,NORMAL,False,False,MORNING,False
CHG_8D542F04FD,2026-08-07 06:05:24,2026-08-07 06:05:24,2026-08-07 07:04:42,JNY_907418126,USR_54228,STN_JPR_01,Jaipur,MALL,34.3,80.0,85.3,CHAdeMO,50.0,True,38.98,37.76,51.98,59.3,1.141,0.6,3.0,NORMAL,False,False,MORNING,False
CHG_7923FAD8ED,2026-08-07 06:19:44,2026-08-07 06:19:44,2026-08-07 06:46:06,JNY_335939185,USR_35218,STN_BLR_01,Bengaluru,OFFICE,35.0,85.0,82.2,CCS2,120.0,True,41.1,40.01,23.98,26.37,1.1,0.75,0.0,NORMAL,False,False,MORNING,False
CHG_29454A3229,2026-08-07 06:21:20,2026-08-07 06:21:20,2026-08-07 07:05:01,JNY_679105687,USR_85290,STN_DEL_02,Delhi,OFFICE,39.3,85.0,75.6,CCS2,60.0,True,34.55,32.82,40.31,43.69,1.084,0.5,0.0,NORMAL,False,False,MORNING,False
CHG_4B535AF32C,2026-08-07 06:27:13,2026-08-07 06:27:13,2026-08-07 06:39:50,JNY_915776980,USR_68903,STN_JPR_01,Jaipur,MALL,47.3,85.0,76.7,CCS2,150.0,True,28.92,27.64,13.49,12.62,0.936,1.0,1.0,NORMAL,False,False,MORNING,False
CHG_DC871F5058,2026-08-07 06:38:46,2026-08-07 06:38:46,2026-08-07 07:50:51,JNY_476797370,USR_36464,STN_MUM_02,Mumbai,RESIDENTIAL,22.7,90.0,79.3,CCS2,60.0,True,53.37,50.16,65.23,72.09,1.105,0.5,0.0,NORMAL,False,False,MORNING,False
CHG_C309D78C1C,2026-08-07 06:43:46,2026-08-07 06:43:46,2026-08-07 06:57:55,JNY_745320832,USR_35241,STN_DEL_01,Delhi,MALL,46.9,90.0,54.2,CCS2,120.0,True,23.36,22.28,14.28,14.15,0.991,0.8,0.0,NORMAL,False,False,MORNING,False
CHG_CC4690EA53,2026-08-07 06:45:06,2026-08-07 06:45:06,2026-08-07 07:37:17,JNY_739992360,USR_17428,STN_GGN_01,Gurugram,OFFICE,26.9,85.0,64.3,CHAdeMO,50.0,True,37.36,34.9,52.3,52.2,0.998,0.5,0.0,NORMAL,False,False,MORNING,False
CHG_D3465F09CD,2026-08-07 06:53:17,2026-08-07 06:53:17,2026-08-07 07:23:09,JNY_950361273,USR_22462,STN_GGN_02,Gurugram,MALL,20.1,85.0,77.2,CCS2,120.0,True,50.1,48.36,29.23,29.88,1.022,0.8,5.0,NORMAL,False,False,MORNING,False
CHG_9ED43F7414,2026-08-07 07:04:42,2026-08-07 07:04:42,2026-08-07 07:46:24,JNY_800563609,USR_94441,STN_BLR_01,Bengaluru,OFFICE,23.1,85.0,83.3,CCS2,90.0,True,51.56,48.91,40.1,41.71,1.04,1.0,0.0,NORMAL,False,False,MORNING,False
CHG_DB88ADE039,2026-08-07 07:07:17,2026-08-07 07:07:17,2026-08-07 08:07:34,JNY_933478046,USR_97682,STN_MUM_01,Mumbai,MALL,18.8,90.0,73.3,CCS2,60.0,True,52.19,48.55,63.79,60.29,0.945,0.8,0.0,NORMAL,False,False,MORNING,False
CHG_D9CB95B7E9,2026-08-07 07:09:38,2026-08-07 07:09:38,2026-08-07 09:11:02,JNY_986699725,USR_49719,STN_MUM_02,Mumbai,RESIDENTIAL,46.5,90.0,60.3,TYPE2_AC,22.0,False,26.23,25.51,87.43,121.42,1.389,0.25,16.0,NORMAL,False,False,MORNING,False
CHG_D735AA9B23,2026-08-07 07:10:39,2026-08-07 07:10:39,2026-08-07 07:22:20,JNY_277545020,USR_68857,STN_DEL_01,Delhi,MALL,62.4,85.0,66.6,CCS2,90.0,True,15.05,14.31,11.71,11.69,0.999,0.6,5.0,NORMAL,False,False,MORNING,False
CHG_BD2B5D0F43,2026-08-07 07:16:14,2026-08-07 07:16:14,2026-08-07 07:36:08,JNY_926471631,USR_50784,STN_JPR_02,Jaipur,HIGHWAY,59.4,85.0,56.5,CHAdeMO,50.0,True,14.46,13.89,20.25,19.91,0.983,0.4,0.0,NORMAL,False,False,MORNING,False
CHG_A93CB77699,2026-08-07 07:26:27,2026-08-07 07:26:27,2026-08-07 08:06:58,JNY_998031118,USR_42272,STN_DEL_02,Delhi,OFFICE,36.5,80.0,64.8,CHAdeMO,50.0,True,28.19,27.71,37.58,40.53,1.078,1.0,0.0,NORMAL,False,False,MORNING,False
CHG_2362D50CD8,2026-08-07 07:32:41,2026-08-07 07:32:41,2026-08-07 07:55:49,JNY_527525659,USR_86771,STN_DEL_02,Delhi,OFFICE,36.9,85.0,78.5,CCS2,120.0,True,37.76,35.43,22.03,23.15,1.051,1.0,4.0,NORMAL,False,False,MORNING,False
CHG_578F710FE3,2026-08-07 07:37:26,2026-08-07 07:37:26,2026-08-07 07:57:08,JNY_476055505,USR_39580,STN_BLR_01,Bengaluru,OFFICE,24.3,80.0,69.1,CCS2,120.0,True,38.49,37.21,21.38,19.7,0.922,1.0,0.0,NORMAL,False,False,MORNING,False
CHG_9E55493931,2026-08-07 07:41:55,2026-08-07 07:41:55,2026-08-07 09:02:49,JNY_649601668,USR_85419,STN_JPR_02,Jaipur,HIGHWAY,27.9,85.0,70.7,CHAdeMO,50.0,True,40.37,39.96,56.52,80.91,1.432,0.2,18.0,NORMAL,False,False,MORNING,False
CHG_B2107F2FA6,2026-08-07 07:43:57,2026-08-07 07:43:57,2026-08-07 08:47:53,JNY_302593204,USR_28597,STN_MUM_01,Mumbai,MALL,23.5,80.0,84.2,CCS2,60.0,True,47.57,45.76,52.86,63.94,1.21,0.4,10.0,NORMAL,False,False,MORNING,False
CHG_4E4939E078,2026-08-07 07:47:10,2026-08-07 07:47:10,2026-08-07 08:37:42,JNY_254958729,USR_20851,STN_GGN_02,Gurugram,MALL,17.7,90.0,77.0,CHAdeMO,100.0,True,55.67,54.1,40.83,50.54,1.238,0.4,10.0,NORMAL,False,False,MORNING,False
CHG_0FADA696D5,2026-08-07 07:57:14,2026-08-07 07:57:14,2026-08-07 08:22:42,JNY_598374514,USR_45587,STN_JPR_02,Jaipur,HIGHWAY,42.0,80.0,62.3,CCS2,60.0,True,23.67,22.69,26.3,25.47,0.968,0.8,0.0,NORMAL,False,False,MORNING,False
CHG_D79D411611,2026-08-07 07:58:59,2026-08-07 07:58:59,2026-08-07 09:08:43,JNY_864093855,USR_76629,STN_JPR_02,Jaipur,HIGHWAY,22.9,80.0,76.7,CCS2,60.0,True,43.8,42.72,48.66,69.75,1.433,0.4,9.0,MINOR_SLOWDOWN,True,False,MORNING,False
CHG_13A467843F,2026-08-07 08:02:51,2026-08-07 08:02:51,2026-08-07 08:25:59,JNY_537962351,USR_44856,STN_GGN_02,Gurugram,MALL,55.7,90.0,90.0,CCS2,90.0,True,30.87,29.51,25.15,23.14,0.92,0.6,0.0,NORMAL,False,False,MORNING,False
CHG_73DD7D7F6B,2026-08-07 08:04:17,2026-08-07 08:04:17,2026-08-07 08:24:40,JNY_686181443,USR_26895,STN_BLR_01,Bengaluru,OFFICE,46.0,85.0,90.0,CCS2,120.0,True,35.1,34.24,20.48,20.39,0.996,0.75,0.0,NORMAL,False,False,MORNING,False
CHG_04E3C39773,2026-08-07 08:04:32,2026-08-07 08:04:32,2026-08-07 08:41:11,JNY_550993689,USR_37080,STN_JPR_01,Jaipur,MALL,20.4,85.0,75.4,CCS2,90.0,True,48.71,46.27,37.88,36.66,0.968,0.4,0.0,NORMAL,False,False,MORNING,False
CHG_32F5FD084E,2026-08-07 08:06:26,2026-08-07 08:06:26,2026-08-07 09:01:10,JNY_540135429,USR_52184,STN_DEL_02,Delhi,OFFICE,17.9,85.0,87.7,CCS2,120.0,True,58.85,57.3,34.33,54.74,1.595,1.0,0.0,CHARGER_FAULT,True,True,MORNING,False
CHG_360BE5E367,2026-08-07 08:09:54,2026-08-07 08:09:54,2026-08-07 10:13:29,JNY_914743186,USR_62618,STN_GGN_02,Gurugram,MALL,38.4,85.0,75.4,TYPE2_AC,22.0,False,35.14,34.1,111.8,123.59,1.105,0.4,0.0,NORMAL,False,False,MORNING,False
CHG_26CD6D75C2,2026-08-07 08:12:08,2026-08-07 08:12:08,2026-08-07 08:53:34,JNY_725200650,USR_78063,STN_BLR_01,Bengaluru,OFFICE,42.4,85.0,90.0,CHAdeMO,75.0,True,38.34,36.91,35.78,41.45,1.158,0.25,4.0,NORMAL,False,False,MORNING,False
CHG_5B8C02EA5A,2026-08-07 08:18:45,2026-08-07 08:18:45,2026-08-07 08:41:36,JNY_501218844,USR_34678,STN_DEL_01,Delhi,MALL,50.8,80.0,82.0,CCS2,90.0,True,23.94,23.51,17.74,22.86,1.289,0.2,15.0,NORMAL,False,False,MORNING,False
CHG_019A2A3626,2026-08-07 08:22:18,2026-08-07 08:22:18,2026-08-07 08:56:52,JNY_741145385,USR_43108,STN_BLR_01,Bengaluru,OFFICE,55.2,90.0,85.0,CCS2,90.0,True,29.58,28.04,24.1,34.58,1.435,0.25,2.0,MINOR_SLOWDOWN,True,False,MORNING,False
CHG_8B33EF460F,2026-08-07 08:25:27,2026-08-07 08:25:27,2026-08-07 12:10:22,JNY_430899006,USR_99395,STN_MUM_02,Mumbai,RESIDENTIAL,33.5,80.0,80.3,TYPE2_AC,11.0,False,37.34,35.84,226.3,224.93,0.994,1.0,0.0,NORMAL,False,False,MORNING,False
CHG_CED238BCE5,2026-08-07 08:28:02,2026-08-07 08:28:02,2026-08-07 09:09:08,JNY_843530559,USR_64036,STN_DEL_03,Delhi,HIGHWAY,26.3,95.0,59.0,CCS2,90.0,True,40.53,39.11,34.53,41.1,1.19,0.2,4.0,NORMAL,False,False,MORNING,False
CHG_D56C5A32D4,2026-08-07 08:33:29,2026-08-07 08:33:29,2026-08-07 08:52:19,JNY_441694869,USR_36596,STN_DEL_02,Delhi,OFFICE,35.8,80.0,90.0,CCS2,150.0,True,39.78,37.61,17.68,18.84,1.066,1.0,5.0,NORMAL,False,False,MORNING,False
CHG_74FD0C5122,2026-08-07 08:36:10,2026-08-07 08:36:10,2026-08-07 08:59:38,JNY_728024686,USR_69308,STN_DEL_02,Delhi,OFFICE,22.4,85.0,71.4,CCS2,150.0,True,44.7,43.61,20.86,23.48,1.126,0.5,0.0,NORMAL,False,False,MORNING,False
CHG_1650C2B95C,2026-08-07 08:36:45,2026-08-07 08:36:45,2026-08-07 08:53:59,JNY_361850169,USR_63160,STN_GGN_02,Gurugram,MALL,36.8,80.0,55.0,CHAdeMO,100.0,True,23.76,23.17,15.84,17.25,1.089,0.4,6.0,NORMAL,False,False,MORNING,False
CHG_9C09938320,2026-08-07 08:40:21,2026-08-07 08:40:21,2026-08-07 08:52:43,JNY_279691592,USR_66498,STN_MUM_02,Mumbai,RESIDENTIAL,50.4,80.0,75.5,CCS2,120.0,True,22.35,21.19,12.42,12.37,0.996,1.0,0.0,NORMAL,False,False,MORNING,False
CHG_71D11EB460,2026-08-07 08:41:28,2026-08-07 08:41:28,2026-08-07 10:23:05,JNY_479103878,USR_27605,STN_DEL_02,Delhi,OFFICE,39.5,85.0,69.4,TYPE2_AC,22.0,False,31.58,31.42,100.47,101.62,1.011,0.75,0.0,NORMAL,False,False,MORNING,False
CHG_1C7A3FACD7,2026-08-07 08:44:49,2026-08-07 08:44:49,2026-08-07 09:17:27,JNY_447117047,USR_60405,STN_MUM_02,Mumbai,RESIDENTIAL,15.9,80.0,83.3,CCS2,120.0,True,53.4,52.48,29.66,32.65,1.101,1.0,3.0,NORMAL,False,False,MORNING,False
CHG_29DFB4D26B,2026-08-07 08:45:32,2026-08-07 08:45:32,2026-08-07 09:17:20,JNY_504921752,USR_78733,STN_DEL_01,Delhi,MALL,32.4,95.0,82.8,CCS2,120.0,True,51.83,48.39,33.12,31.8,0.96,0.6,0.0,NORMAL,False,False,MORNING,False
CHG_DA98A519D4,2026-08-07 08:49:26,2026-08-07 08:49:26,2026-08-07 09:15:28,JNY_579502630,USR_12803,STN_JPR_01,Jaipur,MALL,39.2,80.0,82.9,CCS2,90.0,True,33.82,32.21,25.05,26.04,1.039,0.4,0.0,NORMAL,False,False,MORNING,False
CHG_5404BB7E35,2026-08-07 08:50:56,2026-08-07 08:50:56,2026-08-07 09:35:14,JNY_614675480,USR_50039,STN_DEL_01,Delhi,MALL,25.0,80.0,75.4,CHAdeMO,75.0,True,41.47,39.17,36.86,44.32,1.202,0.2,6.0,NORMAL,False,False,MORNING,False
CHG_E7FDB1BA9D,2026-08-07 08:53:03,2026-08-07 08:53:03,2026-08-07 09:30:56,JNY_730131890,USR_39259,STN_GGN_01,Gurugram,OFFICE,23.1,80.0,73.6,CHAdeMO,75.0,True,41.88,40.58,37.23,37.9,1.018,1.0,0.0,NORMAL,False,False,MORNING,False
CHG_36B3EB9ACB,2026-08-07 08:53:44,2026-08-07 08:53:44,2026-08-07 09:12:43,JNY_940507097,USR_55356,STN_BLR_01,Bengaluru,OFFICE,23.6,80.0,60.3,CCS2,120.0,True,34.01,32.4,18.89,18.99,1.005,0.75,0.0,NORMAL,False,False,MORNING,False
CHG_829BD786EB,2026-08-07 08:54:40,2026-08-07 08:54:40,2026-08-07 09:22:13,JNY_621036079,USR_28375,STN_DEL_01,Delhi,MALL,18.4,85.0,74.3,CCS2,120.0,True,49.48,48.1,28.87,27.56,0.955,0.6,0.0,NORMAL,False,False,MORNING,False
CHG_EFA8316857,2026-08-07 09:00:08,2026-08-07 09:00:08,2026-08-07 13:43:26,JNY_271418998,USR_14001,STN_BLR_01,Bengaluru,OFFICE,32.5,90.0,76.8,TYPE2_AC,11.0,False,44.16,42.34,294.4,283.31,0.962,1.0,0.0,NORMAL,False,False,MORNING,False
CHG_AE49F86739,2026-08-07 09:06:57,2026-08-07 09:06:57,2026-08-07 11:02:38,JNY_284223938,USR_59311,STN_GGN_02,Gurugram,MALL,34.1,85.0,69.3,TYPE2_AC,22.0,False,35.27,33.99,112.23,115.69,1.031,0.8,1.0,NORMAL,False,False,MORNING,False
CHG_C5551C43D4,2026-08-07 09:07:45,2026-08-07 09:07:45,2026-08-07 09:25:14,JNY_999727965,USR_19454,STN_GGN_01,Gurugram,OFFICE,40.1,80.0,61.9,CCS2,120.0,True,24.7,24.57,13.72,17.49,1.274,0.25,6.0,NORMAL,False,False,MORNING,False
CHG_1922BFD5E4,2026-08-07 09:08:07,2026-08-07 09:08:07,2026-08-07 09:41:13,JNY_748255747,USR_85649,STN_MUM_02,Mumbai,RESIDENTIAL,37.4,85.0,71.9,CHAdeMO,75.0,True,34.22,33.39,31.94,33.11,1.036,1.0,0.0,NORMAL,False,False,MORNING,False
CHG_94C4ECABD6,2026-08-07 09:10:30,2026-08-07 09:10:30,2026-08-07 09:51:04,JNY_525836030,USR_46132,STN_MUM_02,Mumbai,RESIDENTIAL,29.2,90.0,90.0,CHAdeMO,100.0,True,54.72,51.1,40.13,40.57,1.011,0.75,0.0,NORMAL,False,False,MORNING,False
CHG_244E605251,2026-08-07 09:12:06,2026-08-07 09:12:06,2026-08-07 09:38:28,JNY_407404052,USR_12550,STN_MUM_02,Mumbai,RESIDENTIAL,36.0,85.0,71.6,CCS2,120.0,True,35.08,33.65,20.47,26.38,1.289,1.0,0.0,POWER_LIMITATION,True,False,MORNING,False
CHG_45CBF42432,2026-08-07 09:13:17,2026-08-07 09:13:17,2026-08-07 09:38:36,JNY_444805593,USR_72803,STN_JPR_01,Jaipur,MALL,61.4,85.0,83.6,CCS2,60.0,True,19.73,18.51,23.02,25.33,1.1,0.2,2.0,NORMAL,False,False,MORNING,False
CHG_E4019EC17C,2026-08-07 09:17:40,2026-08-07 09:17:40,2026-08-07 09:43:57,JNY_412804184,USR_15126,STN_JPR_02,Jaipur,HIGHWAY,56.4,85.0,60.5,CCS2,60.0,True,17.3,16.3,20.19,26.29,1.302,0.2,10.0,NORMAL,False,False,MORNING,False
CHG_EEBA6A1316,2026-08-07 09:20:56,2026-08-07 09:20:56,2026-08-07 09:45:17,JNY_415404107,USR_96794,STN_JPR_02,Jaipur,HIGHWAY,36.8,80.0,68.4,CCS2,90.0,True,29.55,28.03,21.89,24.36,1.113,0.2,2.0,NORMAL,False,False,MORNING,False
CHG_EEE7206D53,2026-08-07 09:22:18,2026-08-07 09:22:18,2026-08-07 09:40:18,JNY_934387483,USR_59941,STN_GGN_01,Gurugram,OFFICE,28.7,80.0,61.1,CCS2,150.0,True,31.34,29.83,13.93,18.0,1.292,0.25,8.0,NORMAL,False,False,MORNING,False
CHG_88C04206F8,2026-08-07 09:22:36,2026-08-07 09:22:36,2026-08-07 09:42:46,JNY_826628936,USR_38090,STN_DEL_03,Delhi,HIGHWAY,34.7,80.0,71.9,CCS2,120.0,True,32.57,30.67,18.09,20.18,1.115,0.4,0.0,NORMAL,False,False,MORNING,False
CHG_2A4D3AB5F9,2026-08-07 09:22:58,2026-08-07 09:22:58,2026-08-07 10:00:45,JNY_263896636,USR_35045,STN_MUM_01,Mumbai,MALL,26.4,85.0,75.7,CCS2,90.0,True,44.36,42.89,34.5,37.79,1.095,0.6,0.0,NORMAL,False,False,MORNING,False
CHG_3D3845343A,2026-08-07 09:31:20,2026-08-07 09:31:20,2026-08-07 10:09:06,JNY_725224118,USR_22281,STN_GGN_02,Gurugram,MALL,17.3,80.0,81.0,CCS2,90.0,True,50.79,48.78,37.62,37.78,1.004,0.6,0.0,NORMAL,False,False,MORNING,False
CHG_67827B9103,2026-08-07 09:33:50,2026-08-07 09:33:50,2026-08-07 10:30:04,JNY_895360120,USR_24826,STN_MUM_02,Mumbai,RESIDENTIAL,33.1,90.0,86.2,CHAdeMO,75.0,True,49.05,47.28,47.96,56.24,1.173,1.0,0.0,MINOR_SLOWDOWN,True,False,MORNING,False
CHG_3A7D64302D,2026-08-07 09:35:04,2026-08-07 09:35:04,2026-08-07 10:10:30,JNY_497605343,USR_63310,STN_DEL_03,Delhi,HIGHWAY,28.9,95.0,66.4,CCS2,120.0,True,43.89,42.06,28.04,35.43,1.264,0.2,10.0,NORMAL,False,False,MORNING,False
CHG_C1BB2A83A4,2026-08-07 09:40:37,2026-08-07 09:40:37,2026-08-07 10:15:17,JNY_441550015,USR_60651,STN_MUM_02,Mumbai,RESIDENTIAL,43.9,95.0,73.0,CCS2,90.0,True,37.3,35.41,31.78,34.67,1.091,0.75,0.0,NORMAL,False,False,MORNING,False
CHG_9D0C764701,2026-08-07 09:44:25,2026-08-07 09:44:25,2026-08-07 10:05:57,JNY_383994733,USR_85052,STN_MUM_01,Mumbai,MALL,33.8,80.0,85.1,CCS2,120.0,True,39.32,38.22,21.84,21.53,0.986,0.6,0.0,NORMAL,False,False,MORNING,False
CHG_3E9C9413C6,2026-08-07 09:54:49,2026-08-07 09:54:49,2026-08-07 10:26:31,JNY_739274352,USR_41099,STN_MUM_02,Mumbai,RESIDENTIAL,29.8,90.0,62.9,CCS2,120.0,True,37.87,36.65,23.14,31.7,1.37,0.5,11.0,MINOR_SLOWDOWN,True,False,MORNING,False
CHG_CB6CD043C0,2026-08-07 09:55:07,2026-08-07 09:55:07,2026-08-07 10:11:44,JNY_763859546,USR_64088,STN_MUM_01,Mumbai,MALL,34.4,80.0,71.5,CCS2,150.0,True,32.6,31.16,14.49,16.62,1.147,0.2,6.0,NORMAL,False,False,MORNING,False
CHG_DE1C6B2B04,2026-08-07 09:56:23,2026-08-07 09:56:23,2026-08-07 10:41:08,JNY_347120966,USR_97281,STN_BLR_01,Bengaluru,OFFICE,57.6,90.0,71.8,CCS2,60.0,True,23.26,22.03,28.43,44.76,1.574,0.25,18.0,NORMAL,False,True,MORNING,False
CHG_EC2EF0440A,2026-08-07 10:03:15,2026-08-07 10:03:15,2026-08-07 10:16:33,JNY_147700967,USR_23812,STN_DEL_03,Delhi,HIGHWAY,51.6,80.0,73.2,CCS2,120.0,True,20.79,19.84,11.55,13.3,1.152,0.6,0.0,MINOR_SLOWDOWN,True,False,MORNING,False
CHG_76312FAE3E,2026-08-07 10:08:34,2026-08-07 10:08:34,2026-08-07 11:10:27,JNY_398600034,USR_10463,STN_MUM_02,Mumbai,RESIDENTIAL,13.9,85.0,85.4,CHAdeMO,75.0,True,60.72,57.94,56.67,61.9,1.092,0.75,0.0,NORMAL,False,False,MORNING,False
CHG_31943FCBFC,2026-08-07 10:09:43,2026-08-07 10:09:43,2026-08-07 10:58:49,JNY_423302066,USR_94714,STN_DEL_02,Delhi,OFFICE,14.5,90.0,83.4,CCS2,120.0,True,62.97,60.11,38.48,49.11,1.276,0.25,9.0,NORMAL,False,False,MORNING,False
CHG_47E0159C11,2026-08-07 10:11:00,2026-08-07 10:11:00,2026-08-07 14:44:02,JNY_372465499,USR_95790,STN_MUM_02,Mumbai,RESIDENTIAL,35.1,80.0,60.5,TYPE2_AC,7.2,False,27.16,25.97,251.52,273.04,1.086,0.75,0.0,NORMAL,False,False,MORNING,False
CHG_91563B60ED,2026-08-07 10:12:33,2026-08-07 10:12:33,2026-08-07 10:51:39,JNY_992564675,USR_82262,STN_DEL_01,Delhi,MALL,26.7,90.0,87.7,CCS2,120.0,True,55.51,53.26,33.93,39.1,1.153,0.4,9.0,NORMAL,False,False,MORNING,False
CHG_5FE7D5F597,2026-08-07 10:16:47,2026-08-07 10:16:47,2026-08-07 10:51:08,JNY_332500910,USR_45346,STN_DEL_03,Delhi,HIGHWAY,26.8,90.0,88.4,CCS2,150.0,True,55.87,53.0,27.31,34.37,1.258,0.4,11.0,NORMAL,False,False,MORNING,False
CHG_3CF173682E,2026-08-07 10:19:02,2026-08-07 10:19:02,2026-08-07 10:48:44,JNY_794344231,USR_59143,STN_MUM_02,Mumbai,RESIDENTIAL,44.1,85.0,83.2,CHAdeMO,75.0,True,34.03,32.31,31.76,29.72,0.936,1.0,0.0,NORMAL,False,False,MORNING,False
CHG_6654BFCC0A,2026-08-07 10:24:38,2026-08-07 10:24:38,2026-08-07 12:55:54,JNY_408469070,USR_86726,STN_JPR_02,Jaipur,HIGHWAY,20.1,85.0,66.9,TYPE2_AC,22.0,False,43.42,41.56,138.15,151.27,1.095,0.8,0.0,NORMAL,False,False,MORNING,False
CHG_5A24CE24CB,2026-08-07 10:26:35,2026-08-07 10:26:35,2026-08-07 11:09:32,JNY_840443484,USR_55371,STN_BLR_01,Bengaluru,OFFICE,33.6,90.0,74.6,CCS2,90.0,True,42.07,39.31,34.28,42.96,1.253,0.25,7.0,NORMAL,False,False,MORNING,False
CHG_1E51496137,2026-08-07 10:27:36,2026-08-07 10:27:36,2026-08-07 12:34:42,JNY_601066747,USR_20982,STN_GGN_02,Gurugram,MALL,39.9,90.0,61.1,TYPE2_AC,22.0,False,30.61,29.86,102.04,127.11,1.246,0.4,7.0,NORMAL,False,False,MORNING,False
CHG_2ABB50F44D,2026-08-07 10:31:30,2026-08-07 10:31:30,2026-08-07 11:13:15,JNY_719846039,USR_54425,STN_DEL_01,Delhi,MALL,35.4,90.0,75.6,CHAdeMO,75.0,True,41.28,39.65,40.36,41.76,1.035,0.8,5.0,NORMAL,False,False,MORNING,False
CHG_2C69C26538,2026-08-07 10:32:17,2026-08-07 10:32:17,2026-08-07 10:45:08,JNY_571919410,USR_10432,STN_GGN_02,Gurugram,MALL,61.9,85.0,90.0,CCS2,120.0,True,20.79,20.64,12.13,12.85,1.06,0.6,0.0,NORMAL,False,False,MORNING,False
CHG_9363288012,2026-08-07 10:49:54,2026-08-07 10:49:54,2026-08-07 11:27:12,JNY_845849275,USR_66282,STN_DEL_03,Delhi,HIGHWAY,32.6,85.0,90.0,CCS2,120.0,True,47.16,46.66,27.51,37.31,1.356,0.2,19.0,NORMAL,False,False,MORNING,False
CHG_E5119D0903,2026-08-07 10:51:47,2026-08-07 10:51:47,2026-08-07 11:23:17,JNY_215034087,USR_23462,STN_DEL_03,Delhi,HIGHWAY,39.0,80.0,78.8,CHAdeMO,75.0,True,32.31,31.46,28.72,31.51,1.097,0.2,3.0,NORMAL,False,False,MORNING,False
CHG_548E7AF32A,2026-08-07 10:55:06,2026-08-07 10:55:06,2026-08-07 12:59:48,JNY_167119010,USR_90437,STN_GGN_01,Gurugram,OFFICE,39.7,80.0,76.8,TYPE2_AC,22.0,False,30.95,29.74,93.79,124.71,1.33,0.25,5.0,NORMAL,False,False,MORNING,False
CHG_8FA42F57C0,2026-08-07 10:56:51,2026-08-07 10:56:51,2026-08-07 11:31:54,JNY_180661070,USR_23718,STN_DEL_02,Delhi,OFFICE,21.7,90.0,63.0,CCS2,90.0,True,43.03,42.15,35.06,35.06,1.0,0.75,0.0,NORMAL,False,False,MORNING,False
CHG_12F9276062,2026-08-07 11:02:53,2026-08-07 11:02:53,2026-08-07 11:49:36,JNY_683798152,USR_55316,STN_GGN_01,Gurugram,OFFICE,24.5,80.0,90.0,CHAdeMO,75.0,True,49.95,48.85,44.4,46.72,1.052,0.5,0.0,NORMAL,False,False,MORNING,False
CHG_CD6933F61A,2026-08-07 11:03:07,2026-08-07 11:03:07,2026-08-07 11:45:48,JNY_449852763,USR_11559,STN_DEL_03,Delhi,HIGHWAY,32.8,95.0,82.8,CCS2,90.0,True,51.5,48.95,43.87,42.69,0.973,0.6,0.0,NORMAL,False,False,MORNING,False
CHG_34FBAF96F2,2026-08-07 11:17:19,2026-08-07 11:17:19,2026-08-07 17:17:19,JNY_786082765,USR_96880,STN_DEL_03,Delhi,HIGHWAY,14.4,80.0,81.6,TYPE2_AC,11.0,False,53.53,52.35,324.42,360.0,1.11,0.4,3.0,NORMAL,False,False,MORNING,False
CHG_305F620A7C,2026-08-07 11:20:04,2026-08-07 11:20:04,2026-08-07 11:36:06,JNY_464775896,USR_65560,STN_MUM_02,Mumbai,RESIDENTIAL,38.3,80.0,64.9,CCS2,120.0,True,27.06,25.72,15.04,16.04,1.067,0.75,0.0,NORMAL,False,False,MORNING,False
CHG_A717BD4B24,2026-08-07 11:26:07,2026-08-07 11:26:07,2026-08-07 11:55:57,JNY_686186555,USR_49963,STN_JPR_02,Jaipur,HIGHWAY,44.9,90.0,62.8,CHAdeMO,75.0,True,28.32,27.28,27.69,29.84,1.077,0.8,0.0,NORMAL,False,False,MORNING,False
CHG_323BB427CA,2026-08-07 11:27:39,2026-08-07 11:27:39,2026-08-07 17:27:39,JNY_758364260,USR_30182,STN_JPR_01,Jaipur,MALL,20.8,90.0,70.8,TYPE2_AC,11.0,False,48.99,46.43,326.62,360.0,1.102,0.4,0.0,NORMAL,False,False,MORNING,False
CHG_B323F2AA20,2026-08-07 11:38:24,2026-08-07 11:38:24,2026-08-07 12:08:33,JNY_398616903,USR_14065,STN_JPR_02,Jaipur,HIGHWAY,42.1,80.0,67.3,CCS2,90.0,True,25.51,25.0,18.89,30.16,1.597,0.2,30.0,NORMAL,False,True,MORNING,False
CHG_4BC3B7B3CA,2026-08-07 11:39:21,2026-08-07 11:39:21,2026-08-07 12:11:55,JNY_525599745,USR_76744,STN_MUM_01,Mumbai,MALL,27.3,90.0,82.5,CCS2,120.0,True,51.73,49.88,31.61,32.58,1.031,0.6,0.0,NORMAL,False,False,MORNING,False
CHG_C42C53120A,2026-08-07 11:40:44,2026-08-07 11:40:44,2026-08-07 12:20:57,JNY_876622854,USR_50030,STN_DEL_03,Delhi,HIGHWAY,11.7,80.0,65.7,CCS2,90.0,True,44.87,42.86,33.24,40.23,1.21,0.2,10.0,NORMAL,False,False,MORNING,False
CHG_0B920AB759,2026-08-07 11:44:10,2026-08-07 11:44:10,2026-08-07 12:09:34,JNY_801338831,USR_80080,STN_BLR_01,Bengaluru,OFFICE,32.9,85.0,72.5,CCS2,120.0,True,37.77,35.82,22.03,25.4,1.153,0.5,5.0,NORMAL,False,False,MORNING,False
CHG_658AFA1316,2026-08-07 11:49:41,2026-08-07 11:49:41,2026-08-07 12:21:56,JNY_375755448,USR_54634,STN_JPR_01,Jaipur,MALL,17.9,80.0,66.8,CCS2,90.0,True,41.48,39.85,30.73,32.26,1.05,0.6,0.0,NORMAL,False,False,MORNING,False
CHG_997F9356CF,2026-08-07 11:49:49,2026-08-07 11:49:49,2026-08-07 14:01:00,JNY_509439759,USR_36388,STN_BLR_01,Bengaluru,OFFICE,30.3,80.0,67.0,TYPE2_AC,22.0,False,33.3,31.05,100.91,131.19,1.3,0.25,9.0,NORMAL,False,False,MORNING,False
CHG_84F22FB28F,2026-08-07 11:50:12,2026-08-07 11:50:12,2026-08-07 12:06:50,JNY_654006256,USR_67405,STN_MUM_01,Mumbai,MALL,33.8,80.0,62.6,CCS2,120.0,True,28.92,28.24,16.07,16.65,1.036,0.8,0.0,NORMAL,False,False,MORNING,False
CHG_408626C6D7,2026-08-07 11:56:08,2026-08-07 11:56:08,2026-08-07 12:51:07,JNY_394957239,USR_95655,STN_JPR_01,Jaipur,MALL,34.2,90.0,70.1,CHAdeMO,50.0,True,39.12,36.36,57.37,55.0,0.959,0.6,0.0,NORMAL,False,False,MORNING,False
CHG_5EE4378EC8,2026-08-07 12:03:53,2026-08-07 12:03:53,2026-08-07 12:27:14,JNY_164590866,USR_92459,STN_JPR_02,Jaipur,HIGHWAY,27.6,80.0,85.2,CCS2,120.0,True,44.64,42.14,24.8,23.35,0.941,0.8,1.0,NORMAL,False,False,AFTERNOON,False
CHG_2CD2788D12,2026-08-07 12:05:20,2026-08-07 12:05:20,2026-08-07 12:29:38,JNY_302670736,USR_99348,STN_DEL_03,Delhi,HIGHWAY,13.8,80.0,78.4,CCS2,150.0,True,51.9,49.51,23.07,24.31,1.054,0.6,0.0,NORMAL,False,False,AFTERNOON,False
CHG_13D4983382,2026-08-07 12:06:01,2026-08-07 12:06:01,2026-08-07 12:23:37,JNY_997048272,USR_84284,STN_GGN_02,Gurugram,MALL,27.0,80.0,67.6,CCS2,150.0,True,35.83,34.31,15.92,17.6,1.105,0.4,0.0,NORMAL,False,False,AFTERNOON,False
CHG_8191246D50,2026-08-07 12:09:45,2026-08-07 12:09:45,2026-08-07 12:41:07,JNY_260686560,USR_52006,STN_BLR_01,Bengaluru,OFFICE,27.6,90.0,82.8,CCS2,120.0,True,51.67,48.83,31.57,31.38,0.994,0.5,0.0,NORMAL,False,False,AFTERNOON,False
CHG_6F7ABCBD90,2026-08-07 12:12:02,2026-08-07 12:12:02,2026-08-07 14:07:11,JNY_864841454,USR_81549,STN_BLR_01,Bengaluru,OFFICE,18.9,90.0,90.0,CHAdeMO,50.0,True,63.99,61.95,93.85,115.15,1.227,0.25,4.0,NORMAL,False,False,AFTERNOON,False
CHG_577A5BA992,2026-08-07 12:12:17,2026-08-07 12:12:17,2026-08-07 12:52:19,JNY_157307481,USR_41743,STN_MUM_01,Mumbai,MALL,12.0,80.0,80.3,CCS2,90.0,True,54.6,51.15,40.45,40.04,0.99,0.6,0.0,NORMAL,False,False,AFTERNOON,False
CHG_9970503087,2026-08-07 12:12:31,2026-08-07 12:12:31,2026-08-07 14:00:23,JNY_913164504,USR_37076,STN_GGN_01,Gurugram,OFFICE,44.1,80.0,75.2,TYPE2_AC,22.0,False,27.0,26.62,81.81,107.88,1.319,0.25,13.0,NORMAL,False,False,AFTERNOON,False
CHG_206629E236,2026-08-07 12:17:08,2026-08-07 12:17:08,2026-08-07 12:37:15,JNY_109667036,USR_31271,STN_MUM_02,Mumbai,RESIDENTIAL,42.9,80.0,70.1,CCS2,90.0,True,26.01,24.79,19.26,20.12,1.044,1.0,0.0,NORMAL,False,False,AFTERNOON,False
CHG_AA47B50BC7,2026-08-07 12:18:05,2026-08-07 12:18:05,2026-08-07 12:47:34,JNY_952795508,USR_75469,STN_MUM_02,Mumbai,RESIDENTIAL,29.9,90.0,61.5,CCS2,90.0,True,36.96,36.33,30.12,29.49,0.979,1.0,0.0,NORMAL,False,False,AFTERNOON,False
CHG_8F3B0D2A49,2026-08-07 12:19:23,2026-08-07 12:19:23,2026-08-07 12:35:34,JNY_555443382,USR_20811,STN_BLR_01,Bengaluru,OFFICE,37.1,80.0,67.1,CCS2,120.0,True,28.79,27.85,15.99,16.19,1.012,0.5,0.0,NORMAL,False,False,AFTERNOON,False
CHG_F46ABD2AAB,2026-08-07 12:22:17,2026-08-07 12:22:17,2026-08-07 12:45:04,JNY_474329309,USR_95956,STN_GGN_02,Gurugram,MALL,39.2,85.0,85.2,CCS2,120.0,True,39.02,37.81,22.76,22.8,1.001,0.8,0.0,NORMAL,False,False,AFTERNOON,False
CHG_4122217A1B,2026-08-07 12:22:58,2026-08-07 12:22:58,2026-08-07 12:45:54,JNY_977921691,USR_93052,STN_DEL_01,Delhi,MALL,42.9,90.0,72.9,CCS2,120.0,True,34.34,33.68,20.98,22.95,1.094,0.4,0.0,NORMAL,False,False,AFTERNOON,False
CHG_6DAA5B07A5,2026-08-07 12:23:09,2026-08-07 12:23:09,2026-08-07 13:17:34,JNY_369841664,USR_87430,STN_DEL_01,Delhi,MALL,22.8,80.0,73.7,CHAdeMO,50.0,True,42.16,40.79,56.21,54.42,0.968,0.6,0.0,NORMAL,False,False,AFTERNOON,False
CHG_036AD0AD87,2026-08-07 12:27:10,2026-08-07 12:27:10,2026-08-07 13:33:58,JNY_913698032,USR_26611,STN_BLR_01,Bengaluru,OFFICE,27.8,95.0,65.3,CCS2,60.0,True,43.88,42.84,56.07,66.8,1.191,0.25,6.0,NORMAL,False,False,AFTERNOON,False
CHG_36771A1C07,2026-08-07 12:27:43,2026-08-07 12:27:43,2026-08-07 12:54:08,JNY_614049163,USR_28956,STN_MUM_02,Mumbai,RESIDENTIAL,27.8,85.0,73.7,CCS2,120.0,True,42.16,40.59,24.59,26.42,1.074,1.0,0.0,NORMAL,False,False,AFTERNOON,False
CHG_0BFCAEEEEE,2026-08-07 12:28:17,2026-08-07 12:28:17,2026-08-07 12:49:47,JNY_300380924,USR_29036,STN_MUM_01,Mumbai,MALL,15.3,80.0,61.2,CCS2,120.0,True,39.6,37.41,22.0,21.5,0.977,0.4,0.0,NORMAL,False,False,AFTERNOON,False
CHG_C789BB5C15,2026-08-07 12:28:24,2026-08-07 12:28:24,2026-08-07 12:43:06,JNY_735722265,USR_31852,STN_GGN_01,Gurugram,OFFICE,46.1,85.0,73.0,CCS2,150.0,True,28.4,27.38,13.25,14.71,1.11,0.5,0.0,NORMAL,False,False,AFTERNOON,False
CHG_8B1E5B33E5,2026-08-07 12:33:51,2026-08-07 12:33:51,2026-08-07 13:00:35,JNY_568455452,USR_57231,STN_BLR_01,Bengaluru,OFFICE,25.1,80.0,89.6,CCS2,120.0,True,49.19,46.95,27.33,26.74,0.979,0.5,0.0,NORMAL,False,False,AFTERNOON,False
CHG_69BD060C0F,2026-08-07 12:43:19,2026-08-07 12:43:19,2026-08-07 13:35:30,JNY_731929757,USR_15982,STN_BLR_01,Bengaluru,OFFICE,36.4,90.0,90.0,CHAdeMO,75.0,True,48.24,46.48,47.17,52.19,1.107,0.75,4.0,NORMAL,False,False,AFTERNOON,False
CHG_4D75114FF2,2026-08-07 12:44:20,2026-08-07 12:44:20,2026-08-07 18:44:20,JNY_617501192,USR_78134,STN_MUM_01,Mumbai,MALL,33.7,85.0,82.4,TYPE2_AC,7.2,False,42.27,41.75,410.97,360.0,0.876,0.4,0.0,NORMAL,False,False,AFTERNOON,False
CHG_FF1747F984,2026-08-07 12:47:14,2026-08-07 12:47:14,2026-08-07 13:13:21,JNY_587646397,USR_89291,STN_GGN_02,Gurugram,MALL,27.5,80.0,85.8,CCS2,150.0,True,45.05,43.31,20.02,26.13,1.305,0.2,11.0,NORMAL,False,False,AFTERNOON,False
CHG_0364F3E093,2026-08-07 12:47:30,2026-08-07 12:47:30,2026-08-07 13:12:23,JNY_603813498,USR_14389,STN_MUM_02,Mumbai,RESIDENTIAL,60.4,85.0,84.1,CCS2,60.0,True,20.69,19.86,24.14,24.89,1.031,1.0,0.0,NORMAL,False,False,AFTERNOON,False
CHG_6F2001E86D,2026-08-07 12:47:30,2026-08-07 12:47:30,2026-08-07 13:11:36,JNY_388189587,USR_90377,STN_DEL_01,Delhi,MALL,33.8,90.0,55.5,CCS2,120.0,True,31.19,30.53,19.06,24.11,1.265,0.2,2.0,NORMAL,False,False,AFTERNOON,False
CHG_78E9AF8D6E,2026-08-07 12:50:17,2026-08-07 12:50:17,2026-08-07 13:10:02,JNY_178480406,USR_14091,STN_DEL_01,Delhi,MALL,38.8,80.0,68.1,CHAdeMO,100.0,True,28.06,27.25,18.7,19.76,1.056,0.6,0.0,NORMAL,False,False,AFTERNOON,False
CHG_F33B530A83,2026-08-07 13:15:36,2026-08-07 13:15:36,2026-08-07 13:23:50,JNY_114394867,USR_50446,STN_BLR_01,Bengaluru,OFFICE,54.3,85.0,57.5,CCS2,150.0,True,17.65,16.38,8.24,8.25,1.001,0.5,0.0,NORMAL,False,False,AFTERNOON,False
CHG_28E2EADA4E,2026-08-07 13:27:19,2026-08-07 13:27:19,2026-08-07 13:47:37,JNY_265666473,USR_82229,STN_MUM_02,Mumbai,RESIDENTIAL,22.7,80.0,80.3,CCS2,150.0,True,46.01,44.58,20.45,20.3,0.993,1.0,0.0,NORMAL,False,False,AFTERNOON,False
CHG_FA1E2B3B58,2026-08-07 13:42:55,2026-08-07 13:42:55,2026-08-07 14:20:00,JNY_856343899,USR_19114,STN_GGN_02,Gurugram,MALL,24.4,85.0,78.1,CCS2,90.0,True,47.33,45.73,36.81,37.09,1.008,0.4,0.0,NORMAL,False,False,AFTERNOON,False
CHG_28AAA1EE45,2026-08-07 13:44:03,2026-08-07 13:44:03,2026-08-07 14:43:31,JNY_896843465,USR_11156,STN_GGN_01,Gurugram,OFFICE,23.0,80.0,81.9,CCS2,60.0,True,46.68,43.35,51.87,59.48,1.147,0.25,4.0,NORMAL,False,False,AFTERNOON,False
CHG_1AC1C35DBC,2026-08-07 13:50:34,2026-08-07 13:50:34,2026-08-07 14:11:11,JNY_792225060,USR_29315,STN_MUM_01,Mumbai,MALL,25.2,90.0,54.7,CCS2,120.0,True,35.45,33.25,21.66,20.63,0.953,0.8,0.0,NORMAL,False,False,AFTERNOON,False
CHG_FCDD68B952,2026-08-07 13:51:11,2026-08-07 13:51:11,2026-08-07 14:03:57,JNY_949779289,USR_84219,STN_MUM_02,Mumbai,RESIDENTIAL,48.9,90.0,68.6,CCS2,150.0,True,28.19,27.08,13.78,12.78,0.927,1.0,0.0,NORMAL,False,False,AFTERNOON,False
CHG_4FAFB6B9D6,2026-08-07 13:51:28,2026-08-07 13:51:28,2026-08-07 14:10:52,JNY_571633445,USR_11871,STN_DEL_01,Delhi,MALL,49.3,80.0,65.9,CHAdeMO,75.0,True,20.23,19.04,17.98,19.41,1.079,0.6,0.0,NORMAL,False,False,AFTERNOON,False
CHG_F0F8AF4BE5,2026-08-07 13:53:46,2026-08-07 13:53:46,2026-08-07 15:22:53,JNY_290862953,USR_49965,STN_DEL_03,Delhi,HIGHWAY,40.2,80.0,63.3,TYPE2_AC,22.0,False,25.19,24.23,76.34,89.12,1.167,0.2,3.0,NORMAL,False,False,AFTERNOON,False
CHG_82A9BB19B1,2026-08-07 13:54:34,2026-08-07 13:54:34,2026-08-07 14:48:08,JNY_270677624,USR_31656,STN_MUM_02,Mumbai,RESIDENTIAL,19.4,90.0,74.0,CHAdeMO,75.0,True,52.24,50.43,51.08,53.58,1.049,0.75,0.0,NORMAL,False,False,AFTERNOON,False
CHG_33EB4CF6D5,2026-08-07 13:55:35,2026-08-07 13:55:35,2026-08-07 14:33:05,JNY_637589932,USR_51998,STN_DEL_01,Delhi,MALL,43.6,90.0,82.1,CCS2,90.0,True,38.09,35.81,31.04,37.51,1.208,0.4,8.0,NORMAL,False,False,AFTERNOON,False
CHG_2B52CAC469,2026-08-07 13:56:20,2026-08-07 13:56:20,2026-08-07 14:05:29,JNY_874775665,USR_68186,STN_MUM_01,Mumbai,MALL,57.1,85.0,57.5,CCS2,120.0,True,16.04,14.79,9.36,9.16,0.979,0.6,0.0,NORMAL,False,False,AFTERNOON,False
CHG_753C947BAD,2026-08-07 13:57:06,2026-08-07 13:57:06,2026-08-07 14:54:37,JNY_950581344,USR_58164,STN_GGN_01,Gurugram,OFFICE,28.6,90.0,90.0,CHAdeMO,75.0,True,55.26,53.1,54.03,57.52,1.065,0.5,3.0,NORMAL,False,False,AFTERNOON,False
CHG_5B6AACEBC0,2026-08-07 14:02:01,2026-08-07 14:02:01,2026-08-07 14:35:38,JNY_248546404,USR_87341,STN_JPR_01,Jaipur,MALL,12.6,85.0,82.4,CCS2,120.0,True,59.66,56.77,34.8,33.62,0.966,0.6,0.0,NORMAL,False,False,AFTERNOON,False
CHG_80B56D035C,2026-08-07 14:02:08,2026-08-07 14:02:08,2026-08-07 14:52:12,JNY_798052979,USR_66824,STN_DEL_02,Delhi,OFFICE,15.4,85.0,80.1,CCS2,90.0,True,55.75,53.65,43.36,50.08,1.155,0.25,3.0,NORMAL,False,False,AFTERNOON,False
CHG_8ECCD6EBE7,2026-08-07 14:03:53,2026-08-07 14:03:53,2026-08-07 15:00:18,JNY_394655252,USR_18975,STN_MUM_02,Mumbai,RESIDENTIAL,27.9,85.0,72.1,CHAdeMO,50.0,True,41.17,38.87,57.64,56.42,0.979,1.0,0.0,NORMAL,False,False,AFTERNOON,False
CHG_9527BA3F2E,2026-08-07 14:04:31,2026-08-07 14:04:31,2026-08-07 14:28:22,JNY_738878395,USR_38059,STN_DEL_01,Delhi,MALL,40.8,85.0,81.7,CCS2,120.0,True,36.11,34.35,21.06,23.85,1.132,0.4,2.0,NORMAL,False,False,AFTERNOON,False
CHG_0334913963,2026-08-07 14:05:36,2026-08-07 14:05:36,2026-08-07 14:34:45,JNY_712268964,USR_51162,STN_JPR_01,Jaipur,MALL,38.5,95.0,64.9,CCS2,120.0,True,36.67,34.97,23.43,29.17,1.245,0.2,5.0,NORMAL,False,False,AFTERNOON,False
CHG_8FBC17E11A,2026-08-07 14:06:50,2026-08-07 14:06:50,2026-08-07 14:34:47,JNY_516285463,USR_49807,STN_DEL_02,Delhi,OFFICE,36.6,85.0,69.3,CCS2,120.0,True,33.54,31.97,19.57,27.96,1.429,0.5,8.0,MINOR_SLOWDOWN,True,False,AFTERNOON,False
CHG_A46CCBA51A,2026-08-07 14:08:05,2026-08-07 14:08:05,2026-08-07 14:31:06,JNY_812933715,USR_88347,STN_BLR_01,Bengaluru,OFFICE,36.7,80.0,85.6,CCS2,120.0,True,37.06,35.7,20.59,23.03,1.118,0.25,3.0,NORMAL,False,False,AFTERNOON,False
CHG_B5ED0544CE,2026-08-07 14:11:02,2026-08-07 14:11:02,2026-08-07 14:33:54,JNY_126636885,USR_17189,STN_JPR_01,Jaipur,MALL,34.6,85.0,78.1,CCS2,120.0,True,39.36,37.86,22.96,22.88,0.997,0.6,0.0,NORMAL,False,False,AFTERNOON,False
CHG_06C0ED5047,2026-08-07 14:13:04,2026-08-07 14:13:04,2026-08-07 14:36:02,JNY_712446455,USR_42579,STN_DEL_01,Delhi,MALL,29.4,85.0,69.5,CCS2,120.0,True,38.64,37.79,22.54,22.97,1.019,1.0,0.0,NORMAL,False,False,AFTERNOON,False
CHG_1209ADBF57,2026-08-07 14:38:51,2026-08-07 14:38:51,2026-08-07 15:33:10,JNY_803200961,USR_74615,STN_GGN_01,Gurugram,OFFICE,23.3,80.0,87.5,CCS2,90.0,True,49.61,46.65,36.75,54.33,1.478,0.25,5.0,MINOR_SLOWDOWN,True,False,AFTERNOON,False
CHG_8067CE9C0D,2026-08-07 14:40:51,2026-08-07 14:40:51,2026-08-07 15:06:39,JNY_296460764,USR_69439,STN_DEL_02,Delhi,OFFICE,39.8,95.0,69.6,CCS2,150.0,True,38.42,36.2,19.64,25.81,1.314,0.25,5.0,NORMAL,False,False,AFTERNOON,False
CHG_412607A284,2026-08-07 14:45:19,2026-08-07 14:45:19,2026-08-07 17:09:30,JNY_317231568,USR_67574,STN_MUM_01,Mumbai,MALL,62.4,80.0,80.8,TYPE2_AC,7.2,False,14.22,13.29,131.67,144.19,1.095,0.4,0.0,NORMAL,False,False,AFTERNOON,False
CHG_F7073B8C46,2026-08-07 14:47:44,2026-08-07 14:47:44,2026-08-07 15:49:23,JNY_684468645,USR_32356,STN_DEL_02,Delhi,OFFICE,27.2,85.0,78.6,CCS2,60.0,True,45.43,44.36,53.0,61.66,1.163,0.5,3.0,NORMAL,False,False,AFTERNOON,False
CHG_C7DFFFEA70,2026-08-07 14:54:25,2026-08-07 14:54:25,2026-08-07 16:36:38,JNY_248857502,USR_71913,STN_GGN_02,Gurugram,MALL,29.7,90.0,89.4,CHAdeMO,50.0,True,53.91,51.75,79.07,102.23,1.293,0.2,6.0,NORMAL,False,False,AFTERNOON,False
CHG_BC2AB9FCD4,2026-08-07 14:54:28,2026-08-07 14:54:28,2026-08-07 15:18:33,JNY_644636064,USR_57906,STN_DEL_01,Delhi,MALL,17.2,85.0,71.7,CCS2,150.0,True,48.61,46.94,22.69,24.09,1.062,0.8,0.0,NORMAL,False,False,AFTERNOON,False
CHG_1A6518AEB7,2026-08-07 14:54:40,2026-08-07 14:54:40,2026-08-07 15:21:58,JNY_980511968,USR_97713,STN_MUM_02,Mumbai,RESIDENTIAL,34.1,95.0,67.1,CCS2,120.0,True,40.86,39.82,26.11,27.31,1.046,0.75,0.0,NORMAL,False,False,AFTERNOON,False
CHG_DD43DA722E,2026-08-07 14:56:50,2026-08-07 14:56:50,2026-08-07 15:15:18,JNY_969575647,USR_41012,STN_JPR_01,Jaipur,MALL,34.9,80.0,79.5,CCS2,150.0,True,35.85,34.2,15.94,18.48,1.16,0.6,0.0,MINOR_SLOWDOWN,True,False,AFTERNOON,False
CHG_DB2DD03F9C,2026-08-07 14:58:19,2026-08-07 14:58:19,2026-08-07 15:45:27,JNY_808838916,USR_37354,STN_DEL_01,Delhi,MALL,26.0,85.0,82.6,CHAdeMO,75.0,True,48.73,45.51,45.49,47.15,1.037,0.6,0.0,NORMAL,False,False,AFTERNOON,False
CHG_8470D53640,2026-08-07 14:59:52,2026-08-07 14:59:52,2026-08-07 15:24:33,JNY_406776170,USR_79781,STN_JPR_01,Jaipur,MALL,33.5,80.0,88.9,CCS2,120.0,True,41.34,39.9,22.97,24.69,1.075,0.8,2.0,NORMAL,False,False,AFTERNOON,False
CHG_3901013B50,2026-08-07 15:00:50,2026-08-07 15:00:50,2026-08-07 17:19:16,JNY_172895603,USR_82005,STN_JPR_01,Jaipur,MALL,36.6,85.0,87.2,TYPE2_AC,22.0,False,42.2,40.37,134.29,138.44,1.031,0.6,0.0,NORMAL,False,False,AFTERNOON,False
CHG_A3462EFD11,2026-08-07 15:06:13,2026-08-07 15:06:13,2026-08-07 15:30:48,JNY_429774383,USR_62111,STN_MUM_02,Mumbai,RESIDENTIAL,14.5,80.0,83.3,CCS2,150.0,True,54.56,52.44,24.25,24.59,1.014,0.75,0.0,NORMAL,False,False,AFTERNOON,False
CHG_38A9001ED5,2026-08-07 15:06:23,2026-08-07 15:06:23,2026-08-07 15:51:07,JNY_828237262,USR_13672,STN_JPR_02,Jaipur,HIGHWAY,34.0,80.0,62.6,CCS2,60.0,True,28.8,27.21,32.0,44.74,1.398,0.2,17.0,NORMAL,False,False,AFTERNOON,False
CHG_F9ABD67FCE,2026-08-07 15:06:39,2026-08-07 15:06:39,2026-08-07 16:13:21,JNY_677093517,USR_28411,STN_JPR_01,Jaipur,MALL,13.9,80.0,62.1,CHAdeMO,50.0,True,41.05,40.05,54.73,66.71,1.219,0.2,2.0,NORMAL,False,False,AFTERNOON,False
CHG_20EF02E55E,2026-08-07 15:11:04,2026-08-07 15:11:04,2026-08-07 15:31:53,JNY_243251474,USR_14843,STN_GGN_02,Gurugram,MALL,48.7,85.0,83.7,CCS2,120.0,True,30.38,29.09,17.72,20.83,1.175,0.8,0.0,MINOR_SLOWDOWN,True,False,AFTERNOON,False
CHG_A6B3C4C2BB,2026-08-07 15:13:43,2026-08-07 15:13:43,2026-08-07 19:48:40,JNY_873500155,USR_28371,STN_DEL_02,Delhi,OFFICE,26.3,80.0,80.2,TYPE2_AC,11.0,False,43.07,41.76,261.01,274.96,1.053,0.5,0.0,NORMAL,False,False,AFTERNOON,False
CHG_357F47749D,2026-08-07 15:14:53,2026-08-07 15:14:53,2026-08-07 19:57:54,JNY_161931159,USR_95774,STN_DEL_02,Delhi,OFFICE,40.2,85.0,86.6,TYPE2_AC,11.0,False,38.8,37.11,246.89,283.02,1.146,0.5,5.0,NORMAL,False,False,AFTERNOON,False
CHG_0AB3E4ABC2,2026-08-07 15:15:07,2026-08-07 15:15:07,2026-08-07 16:15:13,JNY_799614712,USR_67818,STN_JPR_02,Jaipur,HIGHWAY,15.3,85.0,72.4,CCS2,60.0,True,50.46,48.09,58.87,60.11,1.021,0.8,0.0,NORMAL,False,False,AFTERNOON,False
CHG_89E3719039,2026-08-07 15:15:58,2026-08-07 15:15:58,2026-08-07 15:29:48,JNY_666694431,USR_91833,STN_JPR_01,Jaipur,MALL,32.8,80.0,67.5,CCS2,150.0,True,31.86,31.33,14.16,13.85,0.978,1.0,3.0,NORMAL,False,False,AFTERNOON,False
CHG_D4E729305D,2026-08-07 15:22:46,2026-08-07 15:22:46,2026-08-07 16:17:18,JNY_775450022,USR_95215,STN_BLR_01,Bengaluru,OFFICE,23.7,85.0,71.9,CCS2,60.0,True,44.07,41.73,51.42,54.55,1.061,0.5,0.0,NORMAL,False,False,AFTERNOON,False
CHG_3CFB8154E5,2026-08-07 15:24:11,2026-08-07 15:24:11,2026-08-07 16:20:12,JNY_436075210,USR_10049,STN_DEL_03,Delhi,HIGHWAY,12.2,95.0,58.9,CHAdeMO,75.0,True,48.77,46.14,49.85,56.02,1.124,0.4,0.0,NORMAL,False,False,AFTERNOON,False
CHG_E81E5C609E,2026-08-07 15:24:19,2026-08-07 15:24:19,2026-08-07 16:32:57,JNY_606013469,USR_32057,STN_BLR_01,Bengaluru,OFFICE,20.0,85.0,90.0,CHAdeMO,75.0,True,58.5,56.05,54.6,68.64,1.257,0.25,4.0,NORMAL,False,False,AFTERNOON,False
CHG_6D97E807F2,2026-08-07 15:26:12,2026-08-07 15:26:12,2026-08-07 16:19:51,JNY_883093561,USR_87659,STN_BLR_01,Bengaluru,OFFICE,17.6,95.0,77.1,CCS2,120.0,True,59.68,57.28,38.13,53.67,1.408,0.25,20.0,NORMAL,False,False,AFTERNOON,False
CHG_E2AC7B202E,2026-08-07 15:26:14,2026-08-07 15:26:14,2026-08-07 15:48:54,JNY_777459189,USR_16459,STN_DEL_01,Delhi,MALL,28.9,85.0,73.8,CCS2,120.0,True,41.4,40.55,24.15,22.67,0.939,0.6,0.0,NORMAL,False,False,AFTERNOON,False
CHG_2D02D4032E,2026-08-07 15:26:50,2026-08-07 15:26:50,2026-08-07 20:00:59,JNY_537776929,USR_60490,STN_MUM_01,Mumbai,MALL,33.9,85.0,83.3,TYPE2_AC,11.0,False,42.57,42.35,270.88,274.16,1.012,0.6,0.0,NORMAL,False,False,AFTERNOON,False
CHG_D68D1674E0,2026-08-07 15:26:53,2026-08-07 15:26:53,2026-08-07 18:43:39,JNY_950658277,USR_21526,STN_BLR_01,Bengaluru,OFFICE,28.8,85.0,83.0,TYPE2_AC,22.0,False,46.65,45.02,148.42,196.78,1.326,0.25,9.0,NORMAL,False,False,AFTERNOON,False
CHG_8B9BA45736,2026-08-07 15:35:49,2026-08-07 15:35:49,2026-08-07 16:27:41,JNY_115163601,USR_73220,STN_BLR_01,Bengaluru,OFFICE,16.1,80.0,89.3,CCS2,90.0,True,57.06,55.07,42.27,51.87,1.227,0.25,5.0,NORMAL,False,False,AFTERNOON,False
CHG_7CE124B5AB,2026-08-07 15:37:27,2026-08-07 15:37:27,2026-08-07 16:13:16,JNY_720485731,USR_70301,STN_DEL_01,Delhi,MALL,16.9,80.0,82.8,CCS2,120.0,True,52.25,49.65,29.03,35.82,1.234,0.4,7.0,NORMAL,False,False,AFTERNOON,False
CHG_CCC4C33C09,2026-08-07 15:41:36,2026-08-07 15:41:36,2026-08-07 16:29:36,JNY_961993447,USR_10236,STN_MUM_02,Mumbai,RESIDENTIAL,27.6,80.0,67.1,CCS2,60.0,True,35.16,33.47,39.07,48.01,1.229,0.5,10.0,NORMAL,False,False,AFTERNOON,False
CHG_5E29C565BD,2026-08-07 15:45:32,2026-08-07 15:45:32,2026-08-07 16:14:24,JNY_513028793,USR_73035,STN_GGN_01,Gurugram,OFFICE,34.2,80.0,85.4,CCS2,120.0,True,39.11,37.18,21.73,28.88,1.329,0.25,6.0,NORMAL,False,False,AFTERNOON,False
CHG_66C30E999A,2026-08-07 15:47:23,2026-08-07 15:47:23,2026-08-07 16:02:00,JNY_399133948,USR_93930,STN_DEL_03,Delhi,HIGHWAY,46.3,80.0,82.2,CCS2,120.0,True,27.7,26.96,15.39,14.63,0.951,0.6,0.0,NORMAL,False,False,AFTERNOON,False
CHG_9B1637AB10,2026-08-07 15:53:06,2026-08-07 15:53:06,2026-08-07 16:12:21,JNY_572969769,USR_80981,STN_MUM_02,Mumbai,RESIDENTIAL,20.1,80.0,70.4,CCS2,150.0,True,42.17,40.16,18.74,19.26,1.027,1.0,0.0,NORMAL,False,False,AFTERNOON,False
CHG_52A491902A,2026-08-07 15:53:14,2026-08-07 15:53:14,2026-08-07 19:59:13,JNY_705014418,USR_81563,STN_GGN_02,Gurugram,MALL,42.2,85.0,84.0,TYPE2_AC,11.0,False,35.95,34.06,228.79,245.99,1.075,0.4,5.0,NORMAL,False,False,AFTERNOON,False
CHG_91A23EE0E1,2026-08-07 15:59:21,2026-08-07 15:59:21,2026-08-07 16:23:35,JNY_841137620,USR_12899,STN_DEL_01,Delhi,MALL,30.7,80.0,82.2,CCS2,120.0,True,40.52,38.69,22.51,24.24,1.077,0.6,0.0,NORMAL,False,False,AFTERNOON,False
CHG_7207795EAB,2026-08-07 15:59:56,2026-08-07 15:59:56,2026-08-07 16:25:00,JNY_235556524,USR_33060,STN_DEL_01,Delhi,MALL,19.9,80.0,79.1,CCS2,120.0,True,47.54,45.94,26.41,25.08,0.95,0.8,0.0,NORMAL,False,False,AFTERNOON,False
CHG_95F76C3278,2026-08-07 16:05:45,2026-08-07 16:05:45,2026-08-07 16:28:15,JNY_764833729,USR_48183,STN_BLR_01,Bengaluru,OFFICE,35.4,85.0,65.6,CCS2,120.0,True,32.54,30.79,18.98,22.5,1.186,0.25,7.0,NORMAL,False,False,AFTERNOON,False
CHG_73FC454B5F,2026-08-07 16:11:57,2026-08-07 16:11:57,2026-08-07 18:19:06,JNY_470812731,USR_33101,STN_DEL_01,Delhi,MALL,26.6,90.0,56.4,TYPE2_AC,22.0,False,35.76,34.1,119.19,127.15,1.067,0.8,0.0,NORMAL,False,False,AFTERNOON,False
CHG_0DC8A65416,2026-08-07 16:25:40,2026-08-07 16:25:40,2026-08-07 18:11:52,JNY_372671003,USR_95944,STN_GGN_01,Gurugram,OFFICE,23.1,85.0,85.2,CHAdeMO,50.0,True,52.74,50.44,73.83,106.21,1.438,0.25,12.0,NORMAL,False,False,AFTERNOON,False
CHG_E695E5FAB0,2026-08-07 16:30:20,2026-08-07 16:30:20,2026-08-07 16:43:52,JNY_101203458,USR_64438,STN_MUM_02,Mumbai,RESIDENTIAL,44.8,80.0,68.4,CCS2,120.0,True,24.08,23.41,13.38,13.54,1.013,1.0,0.0,NORMAL,False,False,AFTERNOON,False
CHG_DBD5698C10,2026-08-07 16:39:28,2026-08-07 16:39:28,2026-08-07 17:15:20,JNY_848776297,USR_69825,STN_DEL_02,Delhi,OFFICE,29.1,90.0,71.1,CCS2,90.0,True,43.3,41.0,35.28,35.87,1.017,0.5,0.0,NORMAL,False,False,AFTERNOON,False
CHG_242C638CF4,2026-08-07 16:52:14,2026-08-07 16:52:14,2026-08-07 17:11:42,JNY_436559676,USR_25058,STN_DEL_01,Delhi,MALL,53.7,90.0,82.0,CCS2,120.0,True,29.77,28.77,18.19,19.48,1.071,0.6,0.0,NORMAL,False,False,AFTERNOON,False
CHG_C97A126EB2,2026-08-07 16:56:57,2026-08-07 16:56:57,2026-08-07 17:38:38,JNY_195774383,USR_47768,STN_MUM_01,Mumbai,MALL,32.5,85.0,82.7,CCS2,90.0,True,43.42,41.65,33.77,41.7,1.235,0.6,0.0,MINOR_SLOWDOWN,True,False,AFTERNOON,False
CHG_ED0CDED4CE,2026-08-07 17:02:06,2026-08-07 17:02:06,2026-08-07 17:18:06,JNY_441116022,USR_11494,STN_MUM_02,Mumbai,RESIDENTIAL,42.1,85.0,80.1,CCS2,150.0,True,34.36,32.47,16.04,16.0,0.998,0.75,0.0,NORMAL,False,False,EVENING,False
CHG_D892487D8A,2026-08-07 17:02:31,2026-08-07 17:02:31,2026-08-07 17:51:51,JNY_961329218,USR_80808,STN_JPR_01,Jaipur,MALL,38.9,85.0,57.6,CCS2,60.0,True,26.55,25.61,30.98,49.34,1.593,0.2,17.0,MINOR_SLOWDOWN,True,True,EVENING,False
CHG_EEA15137DD,2026-08-07 17:02:58,2026-08-07 17:02:58,2026-08-07 17:28:06,JNY_345561912,USR_49547,STN_JPR_01,Jaipur,MALL,38.2,90.0,68.4,CCS2,120.0,True,35.43,33.52,21.65,25.14,1.161,0.2,6.0,NORMAL,False,False,EVENING,False
CHG_26A9F9FAAF,2026-08-07 17:06:34,2026-08-07 17:06:34,2026-08-07 17:40:29,JNY_311855832,USR_74327,STN_MUM_01,Mumbai,MALL,36.1,95.0,68.6,CCS2,90.0,True,40.41,39.06,34.42,33.93,0.986,0.4,0.0,NORMAL,False,False,EVENING,False
CHG_4ED2643A2C,2026-08-07 17:07:23,2026-08-07 17:07:23,2026-08-07 17:48:57,JNY_487870268,USR_26501,STN_MUM_02,Mumbai,RESIDENTIAL,38.3,85.0,75.1,CCS2,60.0,True,35.07,33.48,40.92,41.57,1.016,1.0,0.0,NORMAL,False,False,EVENING,False
CHG_E116688ECE,2026-08-07 17:07:59,2026-08-07 17:07:59,2026-08-07 17:24:44,JNY_307060374,USR_74044,STN_GGN_01,Gurugram,OFFICE,41.9,85.0,61.5,CCS2,150.0,True,26.51,25.47,12.37,16.75,1.354,0.25,12.0,NORMAL,False,False,EVENING,False
CHG_B2E81DEF52,2026-08-07 17:10:46,2026-08-07 17:10:46,2026-08-07 17:44:37,JNY_256401089,USR_58090,STN_MUM_01,Mumbai,MALL,25.8,80.0,72.6,CHAdeMO,75.0,True,39.35,37.3,34.98,33.85,0.968,0.6,0.0,NORMAL,False,False,EVENING,False
CHG_81326C3574,2026-08-07 17:13:22,2026-08-07 17:13:22,2026-08-07 20:53:45,JNY_841162483,USR_13856,STN_JPR_01,Jaipur,MALL,47.4,80.0,77.4,TYPE2_AC,11.0,False,25.23,24.1,152.92,220.39,1.441,0.4,7.0,MINOR_SLOWDOWN,True,False,EVENING,False
CHG_C887C94C84,2026-08-07 17:20:35,2026-08-07 17:20:35,2026-08-07 17:34:33,JNY_599231703,USR_55805,STN_MUM_01,Mumbai,MALL,45.4,80.0,67.6,CCS2,120.0,True,23.39,22.61,12.99,13.97,1.075,0.4,0.0,NORMAL,False,False,EVENING,False
CHG_DACAF2A185,2026-08-07 17:22:59,2026-08-07 17:22:59,2026-08-07 17:56:57,JNY_904637605,USR_94701,STN_MUM_01,Mumbai,MALL,23.2,80.0,86.2,CCS2,120.0,True,48.96,47.66,27.2,33.98,1.249,0.2,3.0,NORMAL,False,False,EVENING,False
CHG_26D6FFC946,2026-08-07 17:25:06,2026-08-07 17:25:06,2026-08-07 17:52:22,JNY_401733856,USR_17997,STN_MUM_01,Mumbai,MALL,27.5,85.0,56.6,CCS2,90.0,True,32.55,31.9,25.31,27.27,1.077,0.6,3.0,NORMAL,False,False,EVENING,False
CHG_0464E13CC4,2026-08-07 17:26:20,2026-08-07 17:26:20,2026-08-07 18:02:21,JNY_133187555,USR_39541,STN_MUM_01,Mumbai,MALL,13.4,80.0,87.2,CCS2,120.0,True,58.08,56.23,32.26,36.02,1.116,0.6,4.0,NORMAL,False,False,EVENING,False
CHG_005DAC311D,2026-08-07 17:29:44,2026-08-07 17:29:44,2026-08-07 17:57:20,JNY_860696703,USR_72315,STN_MUM_01,Mumbai,MALL,24.6,85.0,64.6,CCS2,120.0,True,39.02,37.59,22.76,27.6,1.213,0.2,5.0,NORMAL,False,False,EVENING,False
CHG_F995B57B76,2026-08-07 17:32:20,2026-08-07 17:32:20,2026-08-07 18:17:06,JNY_419165048,USR_19077,STN_JPR_01,Jaipur,MALL,24.0,85.0,88.2,CCS2,90.0,True,53.8,49.52,41.85,44.77,1.07,0.6,0.0,NORMAL,False,False,EVENING,False
CHG_80B51069FC,2026-08-07 17:35:48,2026-08-07 17:35:48,2026-08-07 18:07:43,JNY_929774998,USR_36796,STN_DEL_01,Delhi,MALL,43.2,90.0,71.9,CCS2,90.0,True,33.65,32.56,27.42,31.92,1.164,0.4,4.0,NORMAL,False,False,EVENING,False
CHG_1392CC0BE1,2026-08-07 17:38:54,2026-08-07 17:38:54,2026-08-07 18:25:43,JNY_469936696,USR_18157,STN_JPR_01,Jaipur,MALL,29.8,80.0,75.5,CHAdeMO,75.0,True,37.9,36.2,33.69,46.83,1.39,0.2,8.0,NORMAL,False,False,EVENING,False
CHG_C6E897579D,2026-08-07 17:43:10,2026-08-07 17:43:10,2026-08-07 18:21:57,JNY_907162267,USR_48268,STN_MUM_01,Mumbai,MALL,18.8,80.0,65.9,CHAdeMO,75.0,True,40.33,39.14,35.85,38.8,1.082,0.6,0.0,NORMAL,False,False,EVENING,False
CHG_95EC22F6DD,2026-08-07 17:43:19,2026-08-07 17:43:19,2026-08-07 17:58:12,JNY_894591193,USR_12049,STN_DEL_01,Delhi,MALL,56.6,85.0,67.6,CCS2,120.0,True,19.2,18.44,11.2,14.89,1.33,0.6,5.0,MINOR_SLOWDOWN,True,False,EVENING,False
CHG_50A66B3DF5,2026-08-07 17:53:35,2026-08-07 17:53:35,2026-08-07 18:15:40,JNY_752021180,USR_48604,STN_DEL_03,Delhi,HIGHWAY,33.7,80.0,79.4,CCS2,120.0,True,36.76,35.28,20.42,22.09,1.082,0.4,6.0,NORMAL,False,False,EVENING,False
CHG_DC1D955D71,2026-08-07 18:00:31,2026-08-07 18:00:31,2026-08-07 20:22:20,JNY_622385450,USR_75425,STN_MUM_01,Mumbai,MALL,29.5,80.0,90.0,TYPE2_AC,22.0,False,45.45,43.49,137.73,141.82,1.03,0.4,0.0,NORMAL,False,False,EVENING,False
CHG_5B6938502A,2026-08-07 18:06:46,2026-08-07 18:06:46,2026-08-07 18:42:54,JNY_400280474,USR_49948,STN_DEL_01,Delhi,MALL,24.9,90.0,70.1,CCS2,120.0,True,45.64,43.46,27.89,36.14,1.296,0.2,5.0,NORMAL,False,False,EVENING,False
CHG_430592627B,2026-08-07 18:07:38,2026-08-07 18:07:38,2026-08-07 18:44:03,JNY_930026061,USR_51156,STN_MUM_01,Mumbai,MALL,21.4,80.0,85.6,CCS2,120.0,True,50.16,47.98,27.87,36.43,1.307,0.0,8.0,NORMAL,False,False,EVENING,False
CHG_33ABFCDC86,2026-08-07 18:09:07,2026-08-07 18:09:07,2026-08-07 18:32:43,JNY_837819148,USR_86370,STN_GGN_01,Gurugram,OFFICE,51.0,90.0,81.8,CCS2,150.0,True,31.9,31.14,15.6,23.6,1.513,0.0,12.0,NORMAL,False,True,EVENING,False
CHG_FD4396E849,2026-08-07 18:10:01,2026-08-07 18:10:01,2026-08-07 18:59:23,JNY_598352094,USR_34949,STN_BLR_01,Bengaluru,OFFICE,19.2,85.0,69.7,CHAdeMO,75.0,True,45.86,44.37,42.81,49.38,1.154,0.25,3.0,NORMAL,False,False,EVENING,False
CHG_C5D9741B55,2026-08-07 18:10:21,2026-08-07 18:10:21,2026-08-07 22:07:30,JNY_113089000,USR_46255,STN_DEL_01,Delhi,MALL,33.2,85.0,69.9,TYPE2_AC,11.0,False,36.21,34.53,230.42,237.15,1.029,0.4,0.0,NORMAL,False,False,EVENING,False
CHG_D3AC030828,2026-08-07 18:10:54,2026-08-07 18:10:54,2026-08-07 19:01:53,JNY_747763014,USR_32369,STN_DEL_02,Delhi,OFFICE,22.6,90.0,64.1,CCS2,90.0,True,43.2,41.16,35.2,51.0,1.449,0.0,9.0,NORMAL,False,False,EVENING,False
CHG_38A7AD6613,2026-08-07 18:12:08,2026-08-07 18:12:08,2026-08-07 18:31:37,JNY_313759637,USR_22277,STN_DEL_02,Delhi,OFFICE,61.6,85.0,79.5,CCS2,90.0,True,18.6,17.99,14.47,19.49,1.347,0.0,7.0,NORMAL,False,False,EVENING,False
CHG_0BB7DFB4EF,2026-08-07 18:22:36,2026-08-07 18:22:36,2026-08-07 18:37:50,JNY_159779887,USR_71369,STN_MUM_01,Mumbai,MALL,58.2,80.0,64.3,CHAdeMO,75.0,True,14.02,13.34,12.46,15.24,1.223,0.2,6.0,NORMAL,False,False,EVENING,False
CHG_2615905768,2026-08-07 18:22:47,2026-08-07 18:22:47,2026-08-07 19:12:40,JNY_279461317,USR_90601,STN_DEL_01,Delhi,MALL,31.7,90.0,54.1,CHAdeMO,50.0,True,31.54,30.54,46.26,49.9,1.079,0.4,0.0,NORMAL,False,False,EVENING,False
CHG_DA10BEFBBB,2026-08-07 18:24:31,2026-08-07 18:24:31,2026-08-07 19:35:54,JNY_331424812,USR_54777,STN_JPR_02,Jaipur,HIGHWAY,27.7,80.0,77.5,CHAdeMO,50.0,True,40.53,39.34,54.04,71.39,1.321,0.2,6.0,NORMAL,False,False,EVENING,False
CHG_069DFFD5D7,2026-08-07 18:27:56,2026-08-07 18:27:56,2026-08-07 18:54:01,JNY_564500416,USR_99246,STN_MUM_02,Mumbai,RESIDENTIAL,41.2,90.0,83.8,CCS2,120.0,True,40.89,40.02,24.99,26.1,1.044,0.75,2.0,NORMAL,False,False,EVENING,False
CHG_E9F8F68D19,2026-08-07 18:36:31,2026-08-07 18:36:31,2026-08-07 19:12:20,JNY_993703739,USR_44663,STN_MUM_02,Mumbai,RESIDENTIAL,17.9,80.0,76.7,CCS2,120.0,True,47.63,46.71,26.46,35.82,1.354,0.25,18.0,NORMAL,False,False,EVENING,False
CHG_9880AC1E1D,2026-08-07 19:03:29,2026-08-07 19:03:29,2026-08-07 19:37:42,JNY_401288302,USR_29073,STN_GGN_02,Gurugram,MALL,22.9,90.0,63.7,CCS2,120.0,True,42.74,40.48,26.12,34.23,1.311,0.2,4.0,NORMAL,False,False,EVENING,False
CHG_7AFEFD8225,2026-08-07 19:16:22,2026-08-07 19:16:22,2026-08-07 19:59:02,JNY_684937548,USR_59379,STN_BLR_01,Bengaluru,OFFICE,48.1,80.0,85.9,CHAdeMO,50.0,True,27.4,26.54,36.54,42.68,1.168,0.75,0.0,MINOR_SLOWDOWN,True,False,EVENING,False
CHG_D777BFCF05,2026-08-07 19:16:26,2026-08-07 19:16:26,2026-08-07 23:22:14,JNY_896621609,USR_72302,STN_JPR_01,Jaipur,MALL,12.7,90.0,61.2,TYPE2_AC,22.0,False,47.31,45.64,157.69,245.8,1.559,0.2,21.0,NORMAL,False,True,EVENING,False
CHG_5E47FCF8BA,2026-08-07 19:16:48,2026-08-07 19:16:48,2026-08-07 19:53:30,JNY_122260486,USR_89649,STN_GGN_01,Gurugram,OFFICE,19.9,85.0,76.0,CCS2,120.0,True,49.48,47.3,28.86,36.7,1.272,0.25,2.0,NORMAL,False,False,EVENING,False
CHG_0105A6E4E0,2026-08-07 19:22:53,2026-08-07 19:22:53,2026-08-07 20:26:59,JNY_654124843,USR_48642,STN_MUM_01,Mumbai,MALL,18.0,80.0,89.2,CCS2,90.0,True,55.3,53.85,40.97,64.11,1.565,0.2,19.0,NORMAL,False,True,EVENING,False
CHG_26DDAED7F4,2026-08-07 19:28:20,2026-08-07 19:28:20,2026-08-07 19:44:49,JNY_307210353,USR_99207,STN_GGN_02,Gurugram,MALL,34.5,85.0,68.4,CCS2,150.0,True,34.54,33.68,16.12,16.48,1.023,0.4,0.0,NORMAL,False,False,EVENING,False
CHG_4FDEE0DC34,2026-08-07 19:28:34,2026-08-07 19:28:34,2026-08-07 19:47:50,JNY_595116143,USR_62927,STN_GGN_01,Gurugram,OFFICE,29.2,80.0,71.8,CCS2,150.0,True,36.47,34.98,16.21,19.27,1.189,0.75,0.0,MINOR_SLOWDOWN,True,False,EVENING,False
CHG_FB544073FB,2026-08-07 19:30:36,2026-08-07 19:30:36,2026-08-07 20:02:14,JNY_889570826,USR_22293,STN_DEL_01,Delhi,MALL,34.4,85.0,83.7,CCS2,90.0,True,42.35,40.9,32.94,31.65,0.961,0.6,0.0,NORMAL,False,False,EVENING,False
CHG_1D5BC0C174,2026-08-07 19:35:08,2026-08-07 19:35:08,2026-08-08 00:23:00,JNY_812076539,USR_33225,STN_DEL_02,Delhi,OFFICE,46.6,85.0,75.3,TYPE2_AC,7.2,False,28.92,27.53,281.12,287.87,1.024,0.75,0.0,NORMAL,False,False,EVENING,False
CHG_E90C4A770B,2026-08-07 19:37:18,2026-08-07 19:37:18,2026-08-07 19:55:38,JNY_711945414,USR_66410,STN_MUM_01,Mumbai,MALL,39.6,85.0,66.0,CCS2,120.0,True,29.96,28.76,17.48,18.33,1.049,0.6,0.0,NORMAL,False,False,EVENING,False
CHG_50EDCB83FE,2026-08-07 19:47:50,2026-08-07 19:47:50,2026-08-07 20:17:01,JNY_743009903,USR_84958,STN_GGN_02,Gurugram,MALL,35.9,85.0,87.1,CCS2,120.0,True,42.77,40.74,24.95,29.2,1.17,0.2,6.0,NORMAL,False,False,EVENING,False
CHG_88AF437AA9,2026-08-07 19:48:41,2026-08-07 19:48:41,2026-08-07 20:16:52,JNY_683981585,USR_89486,STN_JPR_01,Jaipur,MALL,18.8,85.0,70.9,CCS2,120.0,True,46.94,45.13,27.38,28.2,1.03,0.6,0.0,NORMAL,False,False,EVENING,False
CHG_87311A21FE,2026-08-07 19:48:54,2026-08-07 19:48:54,2026-08-07 20:09:57,JNY_490364025,USR_78533,STN_GGN_02,Gurugram,MALL,50.8,95.0,88.1,CCS2,150.0,True,38.94,37.71,19.9,21.05,1.058,0.4,0.0,NORMAL,False,False,EVENING,False
CHG_79A5949FA4,2026-08-07 19:49:25,2026-08-07 19:49:25,2026-08-07 20:13:58,JNY_623536226,USR_36240,STN_DEL_01,Delhi,MALL,27.9,80.0,73.7,CCS2,120.0,True,38.4,36.68,21.33,24.56,1.151,0.4,2.0,NORMAL,False,False,EVENING,False
CHG_31D252233E,2026-08-07 19:51:19,2026-08-07 19:51:19,2026-08-07 20:28:23,JNY_346440848,USR_33431,STN_DEL_02,Delhi,OFFICE,23.8,85.0,69.6,CCS2,90.0,True,42.6,40.5,33.13,37.07,1.119,0.75,0.0,MINOR_SLOWDOWN,True,False,EVENING,False
CHG_962A029991,2026-08-07 19:52:26,2026-08-07 19:52:26,2026-08-07 20:30:04,JNY_495700315,USR_87576,STN_GGN_01,Gurugram,OFFICE,19.6,80.0,67.8,CHAdeMO,75.0,True,40.95,39.38,36.4,37.65,1.034,1.0,0.0,NORMAL,False,False,EVENING,False
CHG_5DCE946412,2026-08-07 19:53:54,2026-08-07 19:53:54,2026-08-07 20:14:37,JNY_617863297,USR_95401,STN_DEL_01,Delhi,MALL,39.9,85.0,70.9,CCS2,120.0,True,31.98,30.79,18.65,20.73,1.111,0.4,0.0,NORMAL,False,False,EVENING,False
CHG_B504468551,2026-08-07 19:54:16,2026-08-07 19:54:16,2026-08-07 20:23:25,JNY_188131670,USR_63840,STN_BLR_01,Bengaluru,OFFICE,18.9,80.0,66.9,CCS2,90.0,True,40.88,40.32,30.28,29.16,0.963,0.75,0.0,NORMAL,False,False,EVENING,False
CHG_E9D953BEE4,2026-08-07 19:57:18,2026-08-07 19:57:18,2026-08-07 22:42:41,JNY_572449154,USR_13154,STN_JPR_02,Jaipur,HIGHWAY,31.9,85.0,73.1,TYPE2_AC,22.0,False,38.82,37.87,123.51,165.39,1.339,0.2,7.0,NORMAL,False,False,EVENING,False
CHG_FB9293BE9D,2026-08-07 19:59:57,2026-08-07 19:59:57,2026-08-07 20:39:18,JNY_806933987,USR_78377,STN_JPR_01,Jaipur,MALL,41.1,85.0,65.8,CHAdeMO,50.0,True,28.89,27.18,40.44,39.36,0.973,0.4,0.0,NORMAL,False,False,EVENING,False
CHG_F831FA49FD,2026-08-07 20:01:10,2026-08-07 20:01:10,2026-08-07 20:31:08,JNY_199866037,USR_68435,STN_MUM_01,Mumbai,MALL,25.6,85.0,74.4,CCS2,120.0,True,44.19,41.49,25.78,29.97,1.163,0.4,0.0,MINOR_SLOWDOWN,True,False,EVENING,False
CHG_562A25D844,2026-08-07 20:01:57,2026-08-07 20:01:57,2026-08-07 20:39:38,JNY_772170027,USR_80950,STN_BLR_01,Bengaluru,OFFICE,18.9,85.0,62.7,CCS2,90.0,True,41.44,39.18,32.23,37.68,1.169,1.0,4.0,NORMAL,False,False,EVENING,False
CHG_BD237CEEFD,2026-08-07 20:05:06,2026-08-07 20:05:06,2026-08-07 20:32:04,JNY_527770601,USR_74373,STN_MUM_01,Mumbai,MALL,25.4,85.0,79.8,CCS2,120.0,True,47.56,45.71,27.74,26.97,0.972,0.4,0.0,NORMAL,False,False,EVENING,False
CHG_A74C8F0155,2026-08-07 20:07:09,2026-08-07 20:07:09,2026-08-07 20:55:47,JNY_233902499,USR_38129,STN_BLR_01,Bengaluru,OFFICE,26.4,95.0,77.8,CCS2,90.0,True,53.37,51.06,45.46,48.64,1.07,0.5,3.0,NORMAL,False,False,EVENING,False
CHG_0E7E3A8B8B,2026-08-07 20:07:55,2026-08-07 20:07:55,2026-08-07 20:40:19,JNY_539224577,USR_83233,STN_JPR_02,Jaipur,HIGHWAY,26.4,90.0,77.7,CCS2,120.0,True,49.42,48.06,30.2,32.41,1.073,0.6,0.0,NORMAL,False,False,EVENING,False
CHG_11AAE5DC7F,2026-08-07 20:09:52,2026-08-07 20:09:52,2026-08-07 20:38:56,JNY_249427069,USR_49953,STN_GGN_01,Gurugram,OFFICE,22.1,90.0,70.1,CCS2,120.0,True,47.6,43.64,29.09,29.07,0.999,0.75,0.0,NORMAL,False,False,EVENING,False
CHG_10D150543F,2026-08-07 20:13:14,2026-08-07 20:13:14,2026-08-07 20:52:42,JNY_127665115,USR_82013,STN_DEL_01,Delhi,MALL,23.4,90.0,59.6,CCS2,90.0,True,39.69,38.42,32.34,39.48,1.221,0.2,2.0,NORMAL,False,False,EVENING,False
CHG_A57A3C2B7F,2026-08-07 20:17:34,2026-08-07 20:17:34,2026-08-07 20:36:41,JNY_557382274,USR_43390,STN_BLR_01,Bengaluru,OFFICE,41.4,85.0,72.6,CCS2,120.0,True,31.65,30.35,18.46,19.13,1.036,1.0,0.0,NORMAL,False,False,EVENING,False
CHG_E3BAA01376,2026-08-07 20:22:10,2026-08-07 20:22:10,2026-08-07 20:43:25,JNY_316554517,USR_14694,STN_MUM_02,Mumbai,RESIDENTIAL,39.6,85.0,70.8,CCS2,120.0,True,32.14,30.66,18.75,21.26,1.134,0.25,3.0,NORMAL,False,False,EVENING,False
CHG_6574DBB035,2026-08-07 20:26:43,2026-08-07 20:26:43,2026-08-07 20:54:38,JNY_596549390,USR_76237,STN_GGN_01,Gurugram,OFFICE,34.7,85.0,71.4,CCS2,90.0,True,35.91,35.24,27.93,27.93,1.0,1.0,0.0,NORMAL,False,False,EVENING,False
CHG_403C124B69,2026-08-07 20:27:22,2026-08-07 20:27:22,2026-08-07 20:55:57,JNY_343084918,USR_19892,STN_MUM_02,Mumbai,RESIDENTIAL,43.1,85.0,58.2,CCS2,60.0,True,24.39,23.75,28.45,28.6,1.005,0.5,0.0,NORMAL,False,False,EVENING,False
CHG_9475181369,2026-08-07 20:28:32,2026-08-07 20:28:32,2026-08-08 02:28:32,JNY_898341396,USR_62642,STN_GGN_01,Gurugram,OFFICE,23.0,80.0,89.9,TYPE2_AC,7.2,False,51.24,49.41,474.47,360.0,0.759,0.25,7.0,NORMAL,False,False,EVENING,False
CHG_F5DBE6FE7F,2026-08-07 20:29:18,2026-08-07 20:29:18,2026-08-08 00:35:43,JNY_313643235,USR_71953,STN_BLR_01,Bengaluru,OFFICE,33.1,80.0,90.0,TYPE2_AC,11.0,False,42.21,40.02,255.82,246.42,0.963,0.75,0.0,NORMAL,False,False,EVENING,False
CHG_2F6CDB23C6,2026-08-07 20:33:18,2026-08-07 20:33:18,2026-08-07 21:02:52,JNY_737230236,USR_28269,STN_MUM_01,Mumbai,MALL,47.8,90.0,72.0,CCS2,90.0,True,30.38,29.48,24.76,29.58,1.195,0.2,7.0,NORMAL,False,False,EVENING,False
CHG_E62625F21E,2026-08-07 20:34:21,2026-08-07 20:34:21,2026-08-07 21:03:55,JNY_486305020,USR_63109,STN_BLR_01,Bengaluru,OFFICE,42.2,80.0,85.4,CHAdeMO,75.0,True,32.28,30.28,28.69,29.57,1.031,1.0,4.0,NORMAL,False,False,EVENING,False
CHG_1BDCDBD5D1,2026-08-07 20:42:09,2026-08-07 20:42:09,2026-08-08 00:38:03,JNY_391336551,USR_34458,STN_GGN_01,Gurugram,OFFICE,51.0,90.0,88.0,TYPE2_AC,11.0,False,34.32,33.09,228.8,235.91,1.031,0.75,0.0,NORMAL,False,False,EVENING,False
CHG_64C369A500,2026-08-07 20:42:51,2026-08-07 20:42:51,2026-08-07 21:28:03,JNY_752158726,USR_68138,STN_GGN_02,Gurugram,MALL,42.1,95.0,88.2,CCS2,90.0,True,46.66,44.73,39.75,45.21,1.138,0.4,0.0,NORMAL,False,False,EVENING,False
CHG_85F5EB7562,2026-08-07 20:45:41,2026-08-07 20:45:41,2026-08-07 21:17:37,JNY_819718537,USR_39052,STN_JPR_01,Jaipur,MALL,32.5,80.0,65.1,CCS2,60.0,True,30.92,30.77,34.36,31.94,0.93,0.6,0.0,NORMAL,False,False,EVENING,False
CHG_029402B6A3,2026-08-07 20:49:57,2026-08-07 20:49:57,2026-08-07 21:14:26,JNY_737742308,USR_21984,STN_JPR_02,Jaipur,HIGHWAY,30.8,80.0,57.3,CCS2,90.0,True,28.19,27.21,20.88,24.49,1.173,0.2,8.0,NORMAL,False,False,EVENING,False
CHG_E797083F1C,2026-08-07 20:52:55,2026-08-07 20:52:55,2026-08-07 21:21:10,JNY_967121689,USR_78539,STN_DEL_01,Delhi,MALL,23.8,85.0,67.4,CCS2,120.0,True,41.25,39.68,24.06,28.26,1.175,0.4,5.0,NORMAL,False,False,EVENING,False
CHG_8ACC59610F,2026-08-07 20:53:40,2026-08-07 20:53:40,2026-08-07 21:28:56,JNY_591938900,USR_49677,STN_BLR_01,Bengaluru,OFFICE,24.9,90.0,86.6,CCS2,120.0,True,56.38,55.05,34.45,35.28,1.024,1.0,0.0,NORMAL,False,False,EVENING,False
CHG_86D625F966,2026-08-07 21:28:29,2026-08-07 21:28:29,2026-08-07 23:14:52,JNY_902409602,USR_93156,STN_JPR_01,Jaipur,MALL,15.8,80.0,55.3,TYPE2_AC,22.0,False,35.5,34.42,107.58,106.38,0.989,0.8,0.0,NORMAL,False,False,NIGHT,False
CHG_3887E34602,2026-08-07 21:35:38,2026-08-07 21:35:38,2026-08-08 00:57:54,JNY_800213330,USR_48574,STN_DEL_02,Delhi,OFFICE,35.5,80.0,73.5,TYPE2_AC,11.0,False,32.71,30.84,198.23,202.27,1.02,1.0,0.0,NORMAL,False,False,NIGHT,False
CHG_8004192479,2026-08-07 21:36:57,2026-08-07 21:36:57,2026-08-08 00:12:39,JNY_913374325,USR_52793,STN_DEL_01,Delhi,MALL,17.0,85.0,67.7,TYPE2_AC,22.0,False,46.04,44.35,146.48,155.7,1.063,0.6,0.0,NORMAL,False,False,NIGHT,False
CHG_2A18651B24,2026-08-07 21:57:49,2026-08-07 21:57:49,2026-08-07 22:23:08,JNY_462134829,USR_81921,STN_JPR_01,Jaipur,MALL,45.7,95.0,84.8,CCS2,120.0,True,41.81,39.07,26.71,25.33,0.948,0.6,0.0,NORMAL,False,False,NIGHT,False
CHG_D1A3180519,2026-08-07 22:08:15,2026-08-07 22:08:15,2026-08-07 22:33:30,JNY_408087795,USR_12046,STN_GGN_01,Gurugram,OFFICE,33.1,95.0,80.6,CCS2,150.0,True,49.89,48.22,25.5,25.26,0.991,1.0,0.0,NORMAL,False,False,NIGHT,False
CHG_B0A366D16A,2026-08-07 22:18:49,2026-08-07 22:18:49,2026-08-07 23:55:48,JNY_578280337,USR_22842,STN_DEL_03,Delhi,HIGHWAY,32.0,85.0,60.7,TYPE2_AC,22.0,False,32.17,30.15,102.36,96.98,0.947,0.8,0.0,NORMAL,False,False,NIGHT,False
CHG_F4F1100F12,2026-08-07 22:22:42,2026-08-07 22:22:42,2026-08-07 22:47:20,JNY_263749565,USR_24085,STN_DEL_01,Delhi,MALL,40.9,80.0,85.9,CCS2,90.0,True,33.59,32.21,24.88,24.64,0.99,1.0,0.0,NORMAL,False,False,NIGHT,False
CHG_4214278A65,2026-08-07 22:32:50,2026-08-07 22:32:50,2026-08-07 23:01:29,JNY_665899006,USR_66467,STN_GGN_02,Gurugram,MALL,50.6,85.0,90.0,CCS2,90.0,True,30.96,30.35,24.08,28.65,1.19,0.2,2.0,NORMAL,False,False,NIGHT,False
CHG_D7E2A57B4C,2026-08-07 22:33:15,2026-08-07 22:33:15,2026-08-07 23:06:26,JNY_826562141,USR_19112,STN_JPR_01,Jaipur,MALL,38.1,80.0,71.5,CCS2,60.0,True,29.96,27.77,33.29,33.2,0.997,1.0,0.0,NORMAL,False,False,NIGHT,False
CHG_7CD4B71C5F,2026-08-07 22:35:07,2026-08-07 22:35:07,2026-08-07 23:06:45,JNY_962684955,USR_23138,STN_BLR_01,Bengaluru,OFFICE,17.7,80.0,79.4,CCS2,120.0,True,49.47,47.28,27.48,31.64,1.151,0.75,0.0,MINOR_SLOWDOWN,True,False,NIGHT,False
CHG_07BC1DAF12,2026-08-07 22:36:33,2026-08-07 22:36:33,2026-08-07 23:07:18,JNY_528588291,USR_88241,STN_BLR_01,Bengaluru,OFFICE,38.6,90.0,78.5,CHAdeMO,100.0,True,40.35,38.06,29.59,30.76,1.039,1.0,0.0,NORMAL,False,False,NIGHT,False
CHG_EC746491C2,2026-08-07 22:55:12,2026-08-07 22:55:12,2026-08-07 23:09:25,JNY_377928600,USR_23806,STN_GGN_01,Gurugram,OFFICE,38.4,80.0,60.7,CCS2,120.0,True,25.25,23.98,14.03,14.22,1.014,1.0,0.0,NORMAL,False,False,NIGHT,False
CHG_26DE7BD89A,2026-08-07 22:56:51,2026-08-07 22:56:51,2026-08-07 23:08:11,JNY_396374867,USR_36228,STN_GGN_01,Gurugram,OFFICE,60.3,90.0,66.0,CCS2,120.0,True,19.6,18.86,11.98,11.35,0.947,1.0,0.0,NORMAL,False,False,NIGHT,False
CHG_89946665A4,2026-08-07 23:09:04,2026-08-07 23:09:04,2026-08-07 23:45:42,JNY_880745640,USR_87753,STN_DEL_01,Delhi,MALL,35.5,90.0,89.1,CCS2,120.0,True,48.56,46.95,29.68,36.64,1.235,0.6,0.0,MINOR_SLOWDOWN,True,False,NIGHT,False
CHG_40B1704CC4,2026-08-07 23:28:59,2026-08-07 23:28:59,2026-08-08 01:46:56,JNY_992566010,USR_54866,STN_GGN_02,Gurugram,MALL,30.8,80.0,77.9,TYPE2_AC,22.0,False,38.33,36.61,116.14,137.96,1.188,1.0,5.0,NORMAL,False,False,NIGHT,False
CHG_9D734B4481,2026-08-07 23:52:00,2026-08-07 23:52:00,2026-08-08 00:37:23,JNY_197273893,USR_58183,STN_GGN_02,Gurugram,MALL,25.6,85.0,59.6,CCS2,60.0,True,35.4,34.11,41.3,45.39,1.099,1.0,0.0,NORMAL,False,False,NIGHT,False
CHG_77E102B39A,2026-08-08 00:02:46,2026-08-08 00:02:46,2026-08-08 00:29:48,JNY_218904940,USR_50577,STN_MUM_01,Mumbai,MALL,30.5,90.0,75.9,CCS2,120.0,True,45.16,42.78,27.6,27.04,0.98,1.0,0.0,NORMAL,False,False,NIGHT,False
CHG_8F541B0190,2026-08-08 00:07:47,2026-08-08 00:07:47,2026-08-08 02:55:34,JNY_452989622,USR_17684,STN_DEL_02,Delhi,OFFICE,11.8,85.0,69.7,TYPE2_AC,22.0,False,51.02,50.76,162.34,167.79,1.034,1.0,0.0,NORMAL,False,False,NIGHT,False
CHG_98AD109D3C,2026-08-08 00:36:04,2026-08-08 00:36:04,2026-08-08 05:39:47,JNY_724137425,USR_69542,STN_JPR_01,Jaipur,MALL,39.2,80.0,79.8,TYPE2_AC,7.2,False,32.56,30.48,301.47,303.73,1.008,1.0,4.0,NORMAL,False,False,NIGHT,True
CHG_08A2F483FE,2026-08-08 00:41:14,2026-08-08 00:41:14,2026-08-08 01:10:21,JNY_270245594,USR_90271,STN_GGN_01,Gurugram,OFFICE,25.9,80.0,68.8,CCS2,90.0,True,37.22,35.29,27.57,29.13,1.056,1.0,0.0,NORMAL,False,False,NIGHT,True
CHG_1F5BCFE69A,2026-08-08 02:22:16,2026-08-08 02:22:16,2026-08-08 03:00:24,JNY_667850759,USR_79021,STN_JPR_01,Jaipur,MALL,42.1,90.0,83.2,CHAdeMO,75.0,True,39.85,38.17,38.97,38.15,0.979,1.0,0.0,NORMAL,False,False,NIGHT,True
CHG_D724A75A2D,2026-08-08 03:54:35,2026-08-08 03:54:35,2026-08-08 08:59:54,JNY_465166296,USR_34019,STN_DEL_01,Delhi,MALL,17.1,85.0,56.9,TYPE2_AC,11.0,False,38.64,36.52,245.86,305.33,1.242,1.0,4.0,MINOR_SLOWDOWN,True,False,NIGHT,True
CHG_E8D10CEC84,2026-08-08 04:22:28,2026-08-08 04:22:28,2026-08-08 04:53:57,JNY_523257177,USR_38448,STN_MUM_02,Mumbai,RESIDENTIAL,12.6,85.0,80.0,CCS2,120.0,True,57.92,57.24,33.79,31.49,0.932,1.0,0.0,NORMAL,False,False,NIGHT,True
CHG_A2E78C3FAE,2026-08-08 04:51:53,2026-08-08 04:51:53,2026-08-08 05:26:52,JNY_319490298,USR_66747,STN_GGN_02,Gurugram,MALL,23.1,90.0,90.0,CCS2,120.0,True,60.21,57.06,36.8,34.99,0.951,1.0,0.0,NORMAL,False,False,NIGHT,True
CHG_4EB4E2F9AA,2026-08-08 05:08:10,2026-08-08 05:08:10,2026-08-08 05:22:13,JNY_599463703,USR_56656,STN_GGN_01,Gurugram,OFFICE,34.0,85.0,56.7,CCS2,150.0,True,28.92,28.77,13.49,14.05,1.041,0.75,0.0,NORMAL,False,False,NIGHT,True
CHG_C69648FA12,2026-08-08 05:28:00,2026-08-08 05:28:00,2026-08-08 06:05:34,JNY_433515635,USR_14102,STN_MUM_02,Mumbai,RESIDENTIAL,15.4,90.0,81.2,CCS2,120.0,True,60.58,58.74,37.02,37.58,1.015,0.75,0.0,NORMAL,False,False,NIGHT,True
CHG_248F8130D6,2026-08-08 05:32:14,2026-08-08 05:32:14,2026-08-08 06:57:32,JNY_261905017,USR_86549,STN_DEL_02,Delhi,OFFICE,13.1,90.0,81.3,CCS2,60.0,True,62.52,60.07,76.41,85.32,1.117,1.0,4.0,NORMAL,False,False,NIGHT,True
CHG_76F981160A,2026-08-08 05:37:17,2026-08-08 05:37:17,2026-08-08 06:09:14,JNY_491771831,USR_84605,STN_DEL_03,Delhi,HIGHWAY,22.5,85.0,83.5,CCS2,120.0,True,52.19,49.11,30.44,31.96,1.05,1.0,0.0,NORMAL,False,False,NIGHT,True
CHG_C092F763FC,2026-08-08 05:41:30,2026-08-08 05:41:30,2026-08-08 05:55:53,JNY_662956282,USR_68167,STN_GGN_01,Gurugram,OFFICE,28.7,80.0,61.0,CCS2,150.0,True,31.29,29.97,13.91,14.39,1.035,0.75,4.0,NORMAL,False,False,NIGHT,True
CHG_847491B0F3,2026-08-08 05:49:36,2026-08-08 05:49:36,2026-08-08 06:19:52,JNY_261380216,USR_87716,STN_JPR_02,Jaipur,HIGHWAY,23.4,90.0,80.2,CCS2,120.0,True,53.41,50.53,32.64,30.27,0.927,0.8,0.0,NORMAL,False,False,NIGHT,True
CHG_C2FDDE2107,2026-08-08 06:03:49,2026-08-08 06:03:49,2026-08-08 09:24:16,JNY_273847768,USR_81785,STN_DEL_03,Delhi,HIGHWAY,38.2,85.0,61.8,TYPE2_AC,11.0,False,28.92,27.14,184.05,200.46,1.089,0.6,0.0,NORMAL,False,False,MORNING,True
CHG_EA7946B5C7,2026-08-08 06:05:34,2026-08-08 06:05:34,2026-08-08 06:26:55,JNY_115988791,USR_32516,STN_MUM_01,Mumbai,MALL,37.0,80.0,81.3,CCS2,120.0,True,34.96,33.75,19.42,21.36,1.1,0.6,0.0,NORMAL,False,False,MORNING,True
CHG_FADF712531,2026-08-08 06:08:26,2026-08-08 06:08:26,2026-08-08 06:30:30,JNY_722760402,USR_83536,STN_JPR_02,Jaipur,HIGHWAY,28.7,80.0,77.9,CCS2,150.0,True,39.96,38.35,17.76,22.07,1.243,0.2,4.0,NORMAL,False,False,MORNING,True
CHG_05875ECF48,2026-08-08 06:22:31,2026-08-08 06:22:31,2026-08-08 06:54:40,JNY_795802295,USR_56097,STN_JPR_02,Jaipur,HIGHWAY,11.9,85.0,65.9,CHAdeMO,100.0,True,48.17,45.37,33.72,32.17,0.954,1.0,0.0,NORMAL,False,False,MORNING,True
CHG_226208E0E1,2026-08-08 06:24:15,2026-08-08 06:24:15,2026-08-08 06:55:20,JNY_154025203,USR_43652,STN_MUM_01,Mumbai,MALL,25.0,90.0,72.0,CCS2,120.0,True,46.8,44.78,28.6,31.09,1.087,1.0,5.0,NORMAL,False,False,MORNING,True
CHG_6151262540,2026-08-08 06:25:35,2026-08-08 06:25:35,2026-08-08 06:51:53,JNY_271097080,USR_30926,STN_BLR_01,Bengaluru,OFFICE,18.1,85.0,70.2,CCS2,120.0,True,46.96,44.34,27.4,26.31,0.96,1.0,0.0,NORMAL,False,False,MORNING,True
CHG_6717D61F80,2026-08-08 06:31:36,2026-08-08 06:31:36,2026-08-08 07:21:47,JNY_280615334,USR_13469,STN_MUM_02,Mumbai,RESIDENTIAL,32.3,85.0,83.0,CCS2,60.0,True,43.74,42.06,51.03,50.19,0.984,0.5,0.0,NORMAL,False,False,MORNING,True
CHG_3032255215,2026-08-08 06:41:09,2026-08-08 06:41:09,2026-08-08 07:19:01,JNY_552620814,USR_95130,STN_MUM_01,Mumbai,MALL,47.1,85.0,62.9,CHAdeMO,50.0,True,23.84,22.82,33.37,37.88,1.135,0.6,4.0,NORMAL,False,False,MORNING,True
CHG_42F85C1B65,2026-08-08 06:43:39,2026-08-08 06:43:39,2026-08-08 06:58:36,JNY_130693970,USR_89250,STN_GGN_01,Gurugram,OFFICE,47.6,90.0,71.9,CCS2,150.0,True,30.49,29.78,14.9,14.95,1.003,1.0,0.0,NORMAL,False,False,MORNING,True
CHG_9933304B31,2026-08-08 06:44:55,2026-08-08 06:44:55,2026-08-08 07:08:43,JNY_923186411,USR_55528,STN_GGN_01,Gurugram,OFFICE,11.8,90.0,63.8,CCS2,150.0,True,49.89,48.24,24.39,23.8,0.976,1.0,3.0,NORMAL,False,False,MORNING,True
CHG_0D256D07C0,2026-08-08 06:52:57,2026-08-08 06:52:57,2026-08-08 09:34:27,JNY_773213011,USR_95415,STN_GGN_02,Gurugram,MALL,42.9,95.0,84.6,TYPE2_AC,22.0,False,44.08,41.88,153.6,161.52,1.052,0.8,2.0,NORMAL,False,False,MORNING,True
CHG_EFDAF25814,2026-08-08 07:07:51,2026-08-08 07:07:51,2026-08-08 07:37:20,JNY_233531305,USR_65418,STN_MUM_01,Mumbai,MALL,26.1,80.0,79.1,CCS2,90.0,True,42.63,39.9,31.58,29.5,0.934,0.6,0.0,NORMAL,False,False,MORNING,True
CHG_9CE82B8AEC,2026-08-08 07:15:07,2026-08-08 07:15:07,2026-08-08 07:48:28,JNY_961336519,USR_52264,STN_GGN_02,Gurugram,MALL,30.9,90.0,56.5,CHAdeMO,75.0,True,33.39,32.1,32.65,33.36,1.022,0.6,0.0,NORMAL,False,False,MORNING,True
CHG_490CA216DE,2026-08-08 07:19:05,2026-08-08 07:19:05,2026-08-08 08:02:54,JNY_382080156,USR_74628,STN_DEL_01,Delhi,MALL,32.8,90.0,74.1,CHAdeMO,75.0,True,42.39,41.04,41.44,43.83,1.057,0.6,0.0,NORMAL,False,False,MORNING,True
CHG_5A5C90D62C,2026-08-08 07:20:34,2026-08-08 07:20:34,2026-08-08 07:40:26,JNY_631183094,USR_46402,STN_BLR_01,Bengaluru,OFFICE,60.9,80.0,90.0,CCS2,60.0,True,17.19,16.62,19.1,19.88,1.041,0.75,0.0,NORMAL,False,False,MORNING,True
CHG_53A2DB72A9,2026-08-08 07:22:32,2026-08-08 07:22:32,2026-08-08 07:48:08,JNY_856531082,USR_96712,STN_MUM_02,Mumbai,RESIDENTIAL,30.8,90.0,65.0,CCS2,120.0,True,38.48,37.17,23.52,25.6,1.089,0.5,0.0,NORMAL,False,False,MORNING,True
CHG_D1C0142A49,2026-08-08 07:30:28,2026-08-08 07:30:28,2026-08-08 09:30:07,JNY_235790293,USR_90969,STN_DEL_03,Delhi,HIGHWAY,38.1,90.0,63.8,TYPE2_AC,22.0,False,33.11,31.81,110.37,119.65,1.084,0.6,0.0,NORMAL,False,False,MORNING,True
CHG_1334FDA5C1,2026-08-08 07:36:06,2026-08-08 07:36:06,2026-08-08 08:15:27,JNY_445628188,USR_48153,STN_GGN_02,Gurugram,MALL,13.1,80.0,58.4,CCS2,120.0,True,39.07,37.57,21.71,39.36,1.813,0.4,0.0,CHARGER_FAULT,True,True,MORNING,True
CHG_7D845EB636,2026-08-08 07:37:51,2026-08-08 07:37:51,2026-08-08 08:19:40,JNY_662137336,USR_24700,STN_GGN_02,Gurugram,MALL,18.7,95.0,67.3,CCS2,90.0,True,51.35,48.22,43.74,41.82,0.956,0.8,1.0,NORMAL,False,False,MORNING,True
CHG_26A3424F78,2026-08-08 07:40:31,2026-08-08 07:40:31,2026-08-08 08:14:11,JNY_445235386,USR_13086,STN_MUM_02,Mumbai,RESIDENTIAL,25.6,80.0,81.9,CCS2,120.0,True,44.55,42.69,24.75,33.67,1.36,0.25,8.0,NORMAL,False,False,MORNING,True
CHG_F62FA70276,2026-08-08 07:40:57,2026-08-08 07:40:57,2026-08-08 08:59:31,JNY_670329424,USR_80901,STN_GGN_01,Gurugram,OFFICE,18.0,85.0,81.4,CHAdeMO,50.0,True,54.54,52.99,76.35,78.57,1.029,0.75,0.0,NORMAL,False,False,MORNING,True
CHG_E18408CDEC,2026-08-08 07:43:09,2026-08-08 07:43:09,2026-08-08 08:29:51,JNY_102309855,USR_74121,STN_MUM_01,Mumbai,MALL,18.8,90.0,84.7,CCS2,120.0,True,60.31,58.11,36.85,46.71,1.267,0.2,3.0,NORMAL,False,False,MORNING,True
CHG_328E4613C0,2026-08-08 07:48:04,2026-08-08 07:48:04,2026-08-08 09:14:41,JNY_280451364,USR_37136,STN_MUM_02,Mumbai,RESIDENTIAL,18.3,90.0,73.1,CCS2,60.0,True,52.41,50.52,64.06,86.62,1.352,0.5,3.0,MINOR_SLOWDOWN,True,False,MORNING,True
CHG_918C0C8391,2026-08-08 07:50:34,2026-08-08 07:50:34,2026-08-08 08:21:15,JNY_796469618,USR_50074,STN_JPR_02,Jaipur,HIGHWAY,21.1,80.0,66.1,CCS2,120.0,True,38.93,37.21,21.63,30.7,1.419,0.0,14.0,NORMAL,False,False,MORNING,True
CHG_44CD9E1D34,2026-08-08 07:51:11,2026-08-08 07:51:11,2026-08-08 10:10:50,JNY_805297626,USR_55255,STN_DEL_03,Delhi,HIGHWAY,35.2,85.0,82.0,TYPE2_AC,22.0,False,40.84,39.46,129.93,139.65,1.075,0.8,0.0,NORMAL,False,False,MORNING,True
CHG_B54FBD293C,2026-08-08 07:51:15,2026-08-08 07:51:15,2026-08-08 13:51:15,JNY_726300928,USR_42148,STN_GGN_02,Gurugram,MALL,23.9,85.0,90.0,TYPE2_AC,7.2,False,54.99,51.55,534.62,360.0,0.673,0.6,0.0,NORMAL,False,False,MORNING,True
CHG_4E837648D6,2026-08-08 07:57:31,2026-08-08 07:57:31,2026-08-08 08:49:13,JNY_511097049,USR_23887,STN_JPR_01,Jaipur,MALL,26.5,85.0,90.0,CHAdeMO,75.0,True,52.65,50.41,49.14,51.7,1.052,0.6,3.0,NORMAL,False,False,MORNING,True
CHG_003AA4F3BC,2026-08-08 08:01:24,2026-08-08 08:01:24,2026-08-08 08:40:44,JNY_481214351,USR_98919,STN_GGN_01,Gurugram,OFFICE,28.4,85.0,87.3,CCS2,90.0,True,49.41,47.08,38.43,39.35,1.024,1.0,0.0,NORMAL,False,False,MORNING,True
CHG_CE2F54C162,2026-08-08 08:02:57,2026-08-08 08:02:57,2026-08-08 09:08:06,JNY_136316769,USR_25093,STN_JPR_01,Jaipur,MALL,24.8,90.0,84.6,CCS2,60.0,True,55.16,52.45,67.42,65.15,0.966,0.6,0.0,NORMAL,False,False,MORNING,True
CHG_6538929FA5,2026-08-08 08:03:01,2026-08-08 08:03:01,2026-08-08 09:04:16,JNY_988329887,USR_20758,STN_BLR_01,Bengaluru,OFFICE,15.6,85.0,70.4,CCS2,60.0,True,48.86,47.63,57.0,61.27,1.075,0.75,5.0,NORMAL,False,False,MORNING,True
CHG_96B15EA0AA,2026-08-08 08:03:07,2026-08-08 08:03:07,2026-08-08 08:52:20,JNY_918544133,USR_81864,STN_JPR_01,Jaipur,MALL,42.0,85.0,78.0,CCS2,120.0,True,33.54,32.47,19.57,49.22,2.516,0.2,6.0,CHARGER_FAULT,True,True,MORNING,True
CHG_B790898AEA,2026-08-08 08:03:17,2026-08-08 08:03:17,2026-08-08 08:39:40,JNY_600198188,USR_66072,STN_MUM_02,Mumbai,RESIDENTIAL,31.9,85.0,86.3,CCS2,90.0,True,45.83,44.64,35.64,36.39,1.021,0.5,0.0,NORMAL,False,False,MORNING,True
CHG_EC1631AAA2,2026-08-08 08:16:06,2026-08-08 08:16:06,2026-08-08 08:47:47,JNY_778429734,USR_33538,STN_JPR_01,Jaipur,MALL,39.2,80.0,56.4,CCS2,60.0,True,23.01,22.07,25.57,31.69,1.24,0.4,11.0,NORMAL,False,False,MORNING,True
CHG_3748CF291A,2026-08-08 08:20:19,2026-08-08 08:20:19,2026-08-08 08:34:54,JNY_982390825,USR_88643,STN_MUM_02,Mumbai,RESIDENTIAL,47.5,80.0,72.2,CCS2,120.0,True,23.46,22.47,13.04,14.59,1.119,1.0,5.0,NORMAL,False,False,MORNING,True
CHG_6B430D2725,2026-08-08 08:23:55,2026-08-08 08:23:55,2026-08-08 08:38:50,JNY_453626112,USR_38597,STN_GGN_01,Gurugram,OFFICE,41.9,80.0,72.8,CCS2,120.0,True,27.74,27.18,15.41,14.92,0.968,0.75,0.0,NORMAL,False,False,MORNING,True
CHG_88ED54BB38,2026-08-08 08:24:21,2026-08-08 08:24:21,2026-08-08 08:57:16,JNY_917586129,USR_83397,STN_DEL_03,Delhi,HIGHWAY,24.5,85.0,63.7,CCS2,90.0,True,38.54,38.07,29.97,32.92,1.098,0.6,0.0,NORMAL,False,False,MORNING,True
CHG_FCBB26F8DF,2026-08-08 08:25:32,2026-08-08 08:25:32,2026-08-08 08:38:57,JNY_718799616,USR_97235,STN_BLR_01,Bengaluru,OFFICE,46.1,85.0,59.4,CCS2,120.0,True,23.11,21.37,13.48,13.43,0.996,1.0,0.0,NORMAL,False,False,MORNING,True
CHG_4734B3BDC9,2026-08-08 08:26:50,2026-08-08 08:26:50,2026-08-08 09:37:15,JNY_124150234,USR_74507,STN_GGN_02,Gurugram,MALL,29.5,80.0,81.7,CHAdeMO,50.0,True,41.26,39.68,55.01,70.43,1.28,0.2,5.0,NORMAL,False,False,MORNING,True
CHG_130606D5D9,2026-08-08 08:29:04,2026-08-08 08:29:04,2026-08-08 08:58:14,JNY_417948716,USR_44863,STN_GGN_02,Gurugram,MALL,40.9,85.0,86.8,CCS2,120.0,True,38.28,36.5,22.33,29.17,1.307,0.2,5.0,NORMAL,False,False,MORNING,True
CHG_1E0A343174,2026-08-08 08:31:39,2026-08-08 08:31:39,2026-08-08 08:59:21,JNY_224037223,USR_24113,STN_BLR_01,Bengaluru,OFFICE,47.2,85.0,79.3,CHAdeMO,75.0,True,29.98,29.33,27.98,27.72,0.991,0.75,0.0,NORMAL,False,False,MORNING,True
CHG_FE25B14B03,2026-08-08 08:33:51,2026-08-08 08:33:51,2026-08-08 08:56:58,JNY_364714836,USR_89196,STN_MUM_02,Mumbai,RESIDENTIAL,24.7,80.0,66.2,CCS2,120.0,True,36.61,34.62,20.34,23.13,1.137,1.0,3.0,NORMAL,False,False,MORNING,True
CHG_2A461F78E5,2026-08-08 08:36:24,2026-08-08 08:36:24,2026-08-08 08:48:26,JNY_961465629,USR_28882,STN_DEL_01,Delhi,MALL,55.7,80.0,79.9,CCS2,120.0,True,19.42,18.75,10.79,12.04,1.116,0.4,0.0,NORMAL,False,False,MORNING,True
CHG_7771997BDB,2026-08-08 08:37:33,2026-08-08 08:37:33,2026-08-08 11:50:07,JNY_700686982,USR_88292,STN_MUM_01,Mumbai,MALL,35.0,95.0,76.4,TYPE2_AC,22.0,False,45.84,44.53,159.75,192.58,1.206,0.2,3.0,NORMAL,False,False,MORNING,True
CHG_A6CBE0BDAD,2026-08-08 08:44:14,2026-08-08 08:44:14,2026-08-08 08:58:47,JNY_897717769,USR_64663,STN_JPR_01,Jaipur,MALL,39.4,80.0,61.4,CCS2,120.0,True,24.93,24.23,13.85,14.56,1.051,0.6,0.0,NORMAL,False,False,MORNING,True
CHG_0C981572ED,2026-08-08 08:48:10,2026-08-08 08:48:10,2026-08-08 09:28:44,JNY_353687163,USR_20078,STN_DEL_01,Delhi,MALL,28.4,85.0,84.8,CCS2,120.0,True,48.0,45.22,28.0,40.57,1.449,0.2,17.0,NORMAL,False,False,MORNING,True
CHG_C80D8AE030,2026-08-08 08:52:38,2026-08-08 08:52:38,2026-08-08 09:15:20,JNY_377779298,USR_28319,STN_BLR_01,Bengaluru,OFFICE,12.6,80.0,73.8,CCS2,150.0,True,49.74,48.12,22.11,22.71,1.027,0.5,0.0,NORMAL,False,False,MORNING,True
CHG_5CF69C5B17,2026-08-08 08:58:22,2026-08-08 08:58:22,2026-08-08 10:50:46,JNY_515641357,USR_19116,STN_DEL_02,Delhi,OFFICE,50.9,90.0,79.1,TYPE2_AC,22.0,False,30.93,29.09,103.09,112.42,1.09,0.5,2.0,NORMAL,False,False,MORNING,True
CHG_5CC9201617,2026-08-08 09:14:04,2026-08-08 09:14:04,2026-08-08 09:41:53,JNY_339955085,USR_30254,STN_GGN_02,Gurugram,MALL,36.0,80.0,76.5,CCS2,90.0,True,33.66,31.84,24.93,27.83,1.116,0.6,4.0,NORMAL,False,False,MORNING,True
CHG_3AEE588E3F,2026-08-08 09:16:56,2026-08-08 09:16:56,2026-08-08 09:39:45,JNY_549063003,USR_61221,STN_JPR_01,Jaipur,MALL,42.2,85.0,79.4,CCS2,150.0,True,33.98,32.71,15.86,22.83,1.44,0.2,11.0,NORMAL,False,False,MORNING,True
CHG_4F33C75B16,2026-08-08 09:23:57,2026-08-08 09:23:57,2026-08-08 09:42:18,JNY_869213673,USR_94815,STN_GGN_01,Gurugram,OFFICE,50.9,80.0,79.3,CCS2,120.0,True,23.08,21.52,12.82,18.36,1.432,0.25,15.0,NORMAL,False,False,MORNING,True
CHG_6DFAD4C9F2,2026-08-08 09:35:00,2026-08-08 09:35:00,2026-08-08 14:40:39,JNY_140999101,USR_65842,STN_JPR_01,Jaipur,MALL,17.4,80.0,73.9,TYPE2_AC,11.0,False,46.26,44.14,280.37,305.65,1.09,0.4,4.0,NORMAL,False,False,MORNING,True
CHG_5D0C75CB9D,2026-08-08 09:37:53,2026-08-08 09:37:53,2026-08-08 10:30:22,JNY_590933891,USR_47300,STN_BLR_01,Bengaluru,OFFICE,38.3,85.0,64.1,CHAdeMO,50.0,True,29.93,29.1,41.91,52.5,1.253,0.25,3.0,NORMAL,False,False,MORNING,True
CHG_D982B20B38,2026-08-08 09:41:08,2026-08-08 09:41:08,2026-08-08 10:01:54,JNY_793412044,USR_32074,STN_DEL_01,Delhi,MALL,51.2,85.0,77.5,CCS2,120.0,True,26.2,25.12,15.28,20.78,1.36,0.2,10.0,NORMAL,False,False,MORNING,True
CHG_44FCA2FC0F,2026-08-08 09:48:41,2026-08-08 09:48:41,2026-08-08 13:39:34,JNY_146196066,USR_84050,STN_JPR_01,Jaipur,MALL,36.9,80.0,73.5,TYPE2_AC,11.0,False,31.68,30.62,191.99,230.89,1.203,0.2,7.0,NORMAL,False,False,MORNING,True
CHG_18E56F5985,2026-08-08 09:56:56,2026-08-08 09:56:56,2026-08-08 10:22:18,JNY_359087697,USR_37393,STN_BLR_01,Bengaluru,OFFICE,18.8,80.0,77.6,CCS2,120.0,True,47.49,45.43,26.38,25.38,0.962,0.75,0.0,NORMAL,False,False,MORNING,True
CHG_3515935AD0,2026-08-08 10:06:30,2026-08-08 10:06:30,2026-08-08 16:06:30,JNY_216841789,USR_82903,STN_GGN_02,Gurugram,MALL,30.6,95.0,86.1,TYPE2_AC,7.2,False,55.45,52.67,590.42,360.0,0.61,0.6,5.0,NORMAL,False,False,MORNING,True
CHG_D8949FDAF0,2026-08-08 10:08:17,2026-08-08 10:08:17,2026-08-08 10:25:54,JNY_606792858,USR_74566,STN_GGN_02,Gurugram,MALL,37.0,80.0,67.1,CCS2,150.0,True,28.85,28.0,12.82,17.63,1.374,0.2,7.0,NORMAL,False,False,MORNING,True
CHG_3DD84BA889,2026-08-08 10:10:09,2026-08-08 10:10:09,2026-08-08 10:44:20,JNY_128767404,USR_49777,STN_JPR_01,Jaipur,MALL,56.7,85.0,75.2,CHAdeMO,50.0,True,21.28,20.17,29.79,34.19,1.148,0.4,4.0,NORMAL,False,False,MORNING,True
CHG_EEF2055B47,2026-08-08 10:17:25,2026-08-08 10:17:25,2026-08-08 10:51:41,JNY_386404891,USR_54557,STN_DEL_02,Delhi,OFFICE,38.3,80.0,90.0,CCS2,90.0,True,37.53,35.52,27.8,34.27,1.233,0.25,10.0,NORMAL,False,False,MORNING,True
CHG_34CCD441B2,2026-08-08 10:23:51,2026-08-08 10:23:51,2026-08-08 10:46:34,JNY_307852046,USR_49682,STN_MUM_01,Mumbai,MALL,50.1,90.0,70.4,CCS2,90.0,True,28.09,26.4,22.89,22.73,0.993,0.6,0.0,NORMAL,False,False,MORNING,True
CHG_8AC79B818E,2026-08-08 10:26:52,2026-08-08 10:26:52,2026-08-08 11:12:23,JNY_428880238,USR_85679,STN_BLR_01,Bengaluru,OFFICE,36.1,85.0,72.8,CCS2,60.0,True,35.6,34.08,41.53,45.52,1.096,0.5,4.0,NORMAL,False,False,MORNING,True
CHG_CAE79E2B3B,2026-08-08 10:30:33,2026-08-08 10:30:33,2026-08-08 10:58:42,JNY_644012886,USR_68894,STN_BLR_01,Bengaluru,OFFICE,39.6,85.0,77.4,CCS2,120.0,True,35.14,33.9,20.5,28.15,1.373,0.25,4.0,MINOR_SLOWDOWN,True,False,MORNING,True
CHG_B20005AB48,2026-08-08 10:34:56,2026-08-08 10:34:56,2026-08-08 11:03:03,JNY_972994899,USR_37650,STN_MUM_01,Mumbai,MALL,15.1,80.0,75.9,CCS2,120.0,True,49.26,46.79,27.37,28.13,1.028,0.6,0.0,NORMAL,False,False,MORNING,True
CHG_97EE603FC5,2026-08-08 10:49:44,2026-08-08 10:49:44,2026-08-08 11:21:28,JNY_161542263,USR_49181,STN_BLR_01,Bengaluru,OFFICE,34.4,90.0,85.3,CCS2,120.0,True,47.43,45.51,28.98,31.74,1.095,0.5,2.0,NORMAL,False,False,MORNING,True
CHG_E1C7A9B151,2026-08-08 10:56:43,2026-08-08 10:56:43,2026-08-08 11:35:50,JNY_177970155,USR_50998,STN_DEL_02,Delhi,OFFICE,22.2,90.0,75.0,CCS2,120.0,True,50.85,48.45,31.08,39.12,1.259,0.25,2.0,NORMAL,False,False,MORNING,True
CHG_343E5DF3F2,2026-08-08 10:57:32,2026-08-08 10:57:32,2026-08-08 11:18:52,JNY_657017611,USR_28176,STN_GGN_02,Gurugram,MALL,34.3,85.0,82.7,CCS2,150.0,True,41.93,40.12,19.57,21.34,1.091,0.8,0.0,NORMAL,False,False,MORNING,True
CHG_D08068665C,2026-08-08 11:02:46,2026-08-08 11:02:46,2026-08-08 11:40:21,JNY_229020257,USR_46074,STN_MUM_01,Mumbai,MALL,24.5,80.0,74.8,CCS2,90.0,True,41.51,39.16,30.75,37.59,1.223,0.4,4.0,NORMAL,False,False,MORNING,True
CHG_2D5EA05C45,2026-08-08 11:12:53,2026-08-08 11:12:53,2026-08-08 12:21:57,JNY_823032764,USR_85671,STN_DEL_01,Delhi,MALL,26.6,80.0,80.1,CCS2,60.0,True,42.77,41.74,47.53,69.08,1.454,0.2,15.0,NORMAL,False,False,MORNING,True
CHG_5735ED6579,2026-08-08 11:14:12,2026-08-08 11:14:12,2026-08-08 11:37:50,JNY_855444387,USR_49997,STN_MUM_02,Mumbai,RESIDENTIAL,28.6,85.0,58.0,CCS2,90.0,True,32.71,31.49,25.44,23.63,0.929,1.0,0.0,NORMAL,False,False,MORNING,True
CHG_126C31CA1A,2026-08-08 11:21:16,2026-08-08 11:21:16,2026-08-08 11:46:48,JNY_841220579,USR_95792,STN_GGN_02,Gurugram,MALL,29.5,90.0,67.6,CCS2,120.0,True,40.9,39.08,24.99,25.54,1.022,0.8,0.0,NORMAL,False,False,MORNING,True
CHG_10D6BD2756,2026-08-08 11:24:10,2026-08-08 11:24:10,2026-08-08 11:56:14,JNY_994184028,USR_74658,STN_GGN_01,Gurugram,OFFICE,27.6,80.0,70.2,CCS2,90.0,True,36.78,36.43,27.25,32.08,1.177,0.25,8.0,NORMAL,False,False,MORNING,True
CHG_D96B317559,2026-08-08 11:24:55,2026-08-08 11:24:55,2026-08-08 11:43:21,JNY_483367007,USR_35966,STN_GGN_02,Gurugram,MALL,31.9,80.0,85.8,CCS2,150.0,True,41.27,39.21,18.34,18.45,1.006,0.4,2.0,NORMAL,False,False,MORNING,True
CHG_F93B51CCD2,2026-08-08 11:28:45,2026-08-08 11:28:45,2026-08-08 12:12:05,JNY_168692504,USR_67073,STN_DEL_01,Delhi,MALL,43.1,85.0,71.7,CHAdeMO,50.0,True,30.04,28.87,42.06,43.34,1.03,0.6,0.0,NORMAL,False,False,MORNING,True
CHG_7CB01C2737,2026-08-08 11:31:52,2026-08-08 11:31:52,2026-08-08 13:33:27,JNY_891726227,USR_45773,STN_DEL_01,Delhi,MALL,27.7,80.0,83.0,TYPE2_AC,22.0,False,43.41,41.94,131.54,121.6,0.924,0.8,0.0,NORMAL,False,False,MORNING,True
CHG_04C22BC863,2026-08-08 11:34:46,2026-08-08 11:34:46,2026-08-08 14:27:18,JNY_109697220,USR_53162,STN_BLR_01,Bengaluru,OFFICE,23.2,90.0,70.4,TYPE2_AC,22.0,False,47.03,46.12,156.76,172.54,1.101,0.5,7.0,NORMAL,False,False,MORNING,True
CHG_585AA8D8A1,2026-08-08 11:37:20,2026-08-08 11:37:20,2026-08-08 13:24:45,JNY_883326187,USR_72547,STN_DEL_02,Delhi,OFFICE,14.7,90.0,90.0,CHAdeMO,50.0,True,67.77,65.92,99.4,107.42,1.081,0.75,0.0,NORMAL,False,False,MORNING,True
CHG_4F2D4984C1,2026-08-08 11:38:52,2026-08-08 11:38:52,2026-08-08 12:00:51,JNY_270073554,USR_83898,STN_DEL_03,Delhi,HIGHWAY,29.6,80.0,77.2,CCS2,120.0,True,38.91,36.88,21.62,21.98,1.017,0.4,0.0,NORMAL,False,False,MORNING,True
CHG_49CE595C12,2026-08-08 11:39:47,2026-08-08 11:39:47,2026-08-08 13:47:03,JNY_369125041,USR_62050,STN_BLR_01,Bengaluru,OFFICE,33.3,80.0,82.1,TYPE2_AC,22.0,False,38.34,36.91,116.18,127.28,1.095,0.25,2.0,NORMAL,False,False,MORNING,True
CHG_576CB68BD7,2026-08-08 11:40:08,2026-08-08 11:40:08,2026-08-08 11:59:09,JNY_499411426,USR_67785,STN_DEL_03,Delhi,HIGHWAY,35.7,80.0,79.5,CCS2,120.0,True,35.22,33.76,19.57,19.02,0.972,1.0,0.0,NORMAL,False,False,MORNING,True
CHG_287A4E4758,2026-08-08 11:41:58,2026-08-08 11:41:58,2026-08-08 12:34:45,JNY_389686083,USR_58826,STN_JPR_01,Jaipur,MALL,15.6,90.0,73.4,CCS2,120.0,True,54.61,51.78,33.37,52.79,1.582,0.2,21.0,NORMAL,False,True,MORNING,True
CHG_51907F4EC1,2026-08-08 11:42:09,2026-08-08 11:42:09,2026-08-08 12:21:56,JNY_489154895,USR_57472,STN_BLR_01,Bengaluru,OFFICE,34.7,80.0,63.3,CCS2,60.0,True,28.67,27.21,31.86,39.8,1.249,0.5,0.0,MINOR_SLOWDOWN,True,False,MORNING,True
CHG_2F41EA3FAC,2026-08-08 11:44:43,2026-08-08 11:44:43,2026-08-08 16:34:38,JNY_511218196,USR_10381,STN_GGN_02,Gurugram,MALL,34.1,85.0,83.0,TYPE2_AC,11.0,False,42.25,40.42,268.84,289.92,1.078,0.4,3.0,NORMAL,False,False,MORNING,True
CHG_8CAAAA4503,2026-08-08 11:44:44,2026-08-08 11:44:44,2026-08-08 12:05:02,JNY_244944156,USR_58123,STN_DEL_03,Delhi,HIGHWAY,43.9,85.0,80.2,CCS2,120.0,True,32.96,31.48,19.23,20.3,1.056,0.4,0.0,NORMAL,False,False,MORNING,True
CHG_0B36D04F61,2026-08-08 11:45:50,2026-08-08 11:45:50,2026-08-08 17:45:50,JNY_899727388,USR_77954,STN_BLR_01,Bengaluru,OFFICE,36.9,90.0,85.6,TYPE2_AC,7.2,False,45.45,44.03,462.95,360.0,0.778,0.75,0.0,NORMAL,False,False,MORNING,True
CHG_C5278D4F40,2026-08-08 11:46:51,2026-08-08 11:46:51,2026-08-08 12:13:41,JNY_567331230,USR_87962,STN_GGN_02,Gurugram,MALL,25.3,85.0,62.5,CHAdeMO,100.0,True,37.31,36.66,26.12,26.84,1.027,0.4,2.0,NORMAL,False,False,MORNING,True
CHG_E81449CECA,2026-08-08 11:49:54,2026-08-08 11:49:54,2026-08-08 13:51:00,JNY_451403372,USR_81021,STN_DEL_01,Delhi,MALL,33.0,85.0,78.7,TYPE2_AC,22.0,False,40.92,38.67,130.21,121.11,0.93,0.6,0.0,NORMAL,False,False,MORNING,True
CHG_F2AAE5337C,2026-08-08 11:57:55,2026-08-08 11:57:55,2026-08-08 13:10:56,JNY_656058931,USR_60406,STN_BLR_01,Bengaluru,OFFICE,36.4,90.0,73.7,CHAdeMO,50.0,True,39.5,37.58,57.94,73.03,1.261,0.5,0.0,MINOR_SLOWDOWN,True,False,MORNING,True
CHG_EDD7ECBA3D,2026-08-08 11:58:19,2026-08-08 11:58:19,2026-08-08 12:14:43,JNY_729475079,USR_70187,STN_GGN_02,Gurugram,MALL,53.1,85.0,61.0,CCS2,90.0,True,19.46,18.8,15.13,16.41,1.084,0.8,0.0,NORMAL,False,False,MORNING,True
CHG_56675093AE,2026-08-08 11:58:38,2026-08-08 11:58:38,2026-08-08 14:32:32,JNY_994095732,USR_40625,STN_GGN_02,Gurugram,MALL,53.4,85.0,71.9,TYPE2_AC,11.0,False,22.72,21.82,144.58,153.91,1.064,0.6,0.0,NORMAL,False,False,MORNING,True
CHG_4BB2B5DF1F,2026-08-08 12:05:03,2026-08-08 12:05:03,2026-08-08 12:35:55,JNY_385221585,USR_70584,STN_JPR_01,Jaipur,MALL,27.8,90.0,57.4,CCS2,90.0,True,35.7,33.26,29.09,30.88,1.062,0.6,0.0,NORMAL,False,False,AFTERNOON,True
CHG_8534DDDF00,2026-08-08 12:10:12,2026-08-08 12:10:12,2026-08-08 14:59:19,JNY_185670886,USR_82459,STN_MUM_02,Mumbai,RESIDENTIAL,19.7,85.0,68.3,TYPE2_AC,22.0,False,44.6,43.9,141.91,169.13,1.192,0.5,8.0,NORMAL,False,False,AFTERNOON,True
CHG_26C177AC72,2026-08-08 12:12:18,2026-08-08 12:12:18,2026-08-08 12:31:48,JNY_647707253,USR_19411,STN_JPR_01,Jaipur,MALL,36.6,80.0,70.6,CCS2,120.0,True,30.64,30.48,17.02,19.5,1.146,0.2,2.0,NORMAL,False,False,AFTERNOON,True
CHG_F3A03E5D8A,2026-08-08 12:13:57,2026-08-08 12:13:57,2026-08-08 13:08:06,JNY_594915258,USR_95732,STN_DEL_01,Delhi,MALL,34.2,85.0,79.1,CCS2,60.0,True,40.18,37.9,46.88,54.15,1.155,0.6,0.0,MINOR_SLOWDOWN,True,False,AFTERNOON,True
CHG_072EA4AB5A,2026-08-08 12:23:10,2026-08-08 12:23:10,2026-08-08 13:09:01,JNY_655484647,USR_82706,STN_MUM_02,Mumbai,RESIDENTIAL,27.2,80.0,84.9,CCS2,60.0,True,44.83,42.64,49.81,45.86,0.921,1.0,0.0,NORMAL,False,False,AFTERNOON,True
CHG_E57176B159,2026-08-08 12:31:48,2026-08-08 12:31:48,2026-08-08 12:55:39,JNY_154368166,USR_32103,STN_MUM_02,Mumbai,RESIDENTIAL,16.2,80.0,59.7,CHAdeMO,100.0,True,38.09,36.15,25.39,23.85,0.939,1.0,0.0,NORMAL,False,False,AFTERNOON,True
CHG_34CCFB6D26,2026-08-08 12:39:23,2026-08-08 12:39:23,2026-08-08 12:59:53,JNY_885720917,USR_81582,STN_MUM_02,Mumbai,RESIDENTIAL,18.5,85.0,57.9,CCS2,150.0,True,38.5,36.44,17.97,20.5,1.141,1.0,1.0,MINOR_SLOWDOWN,True,False,AFTERNOON,True
CHG_72A46D47E9,2026-08-08 12:39:41,2026-08-08 12:39:41,2026-08-08 13:26:24,JNY_567518041,USR_37262,STN_GGN_01,Gurugram,OFFICE,23.3,80.0,71.2,CCS2,60.0,True,40.37,38.56,44.86,46.73,1.042,0.5,0.0,NORMAL,False,False,AFTERNOON,True
CHG_9D2642C9D8,2026-08-08 12:40:06,2026-08-08 12:40:06,2026-08-08 13:59:52,JNY_575062904,USR_28433,STN_DEL_01,Delhi,MALL,32.4,85.0,63.0,CHAdeMO,75.0,True,33.14,31.45,30.93,79.77,2.579,0.4,9.0,CHARGER_FAULT,True,True,AFTERNOON,True
CHG_D1AA382992,2026-08-08 12:46:56,2026-08-08 12:46:56,2026-08-08 13:18:02,JNY_637181005,USR_58722,STN_GGN_02,Gurugram,MALL,20.8,85.0,90.0,CCS2,120.0,True,57.78,53.81,33.71,31.11,0.923,0.6,0.0,NORMAL,False,False,AFTERNOON,True
CHG_1653890622,2026-08-08 13:01:58,2026-08-08 13:01:58,2026-08-08 13:33:04,JNY_602786670,USR_35977,STN_DEL_01,Delhi,MALL,34.2,85.0,67.6,CHAdeMO,75.0,True,34.34,32.97,32.05,31.11,0.971,0.8,0.0,NORMAL,False,False,AFTERNOON,True
CHG_A3D82A4C78,2026-08-08 13:07:25,2026-08-08 13:07:25,2026-08-08 13:19:50,JNY_784734164,USR_59113,STN_MUM_01,Mumbai,MALL,48.9,85.0,75.0,CCS2,150.0,True,27.07,25.42,12.63,12.42,0.983,0.6,0.0,NORMAL,False,False,AFTERNOON,True
CHG_042BDF2FE1,2026-08-08 13:11:45,2026-08-08 13:11:45,2026-08-08 14:15:58,JNY_191011581,USR_23390,STN_MUM_02,Mumbai,RESIDENTIAL,22.1,85.0,82.5,CCS2,60.0,True,51.89,49.74,60.54,64.22,1.061,0.75,0.0,NORMAL,False,False,AFTERNOON,True
CHG_23ACEDC6AA,2026-08-08 13:19:29,2026-08-08 13:19:29,2026-08-08 18:03:14,JNY_617373645,USR_75925,STN_DEL_01,Delhi,MALL,29.8,85.0,69.4,TYPE2_AC,11.0,False,38.31,37.55,243.78,283.76,1.164,0.6,5.0,NORMAL,False,False,AFTERNOON,True
CHG_284CAEEB58,2026-08-08 13:27:34,2026-08-08 13:27:34,2026-08-08 14:26:42,JNY_554666776,USR_16856,STN_JPR_01,Jaipur,MALL,19.9,85.0,69.8,CCS2,60.0,True,45.44,42.96,53.01,59.15,1.116,0.8,0.0,MINOR_SLOWDOWN,True,False,AFTERNOON,True
CHG_93803DFD2A,2026-08-08 13:28:30,2026-08-08 13:28:30,2026-08-08 14:05:06,JNY_484867189,USR_63323,STN_JPR_02,Jaipur,HIGHWAY,31.5,85.0,84.7,CCS2,90.0,True,45.31,43.06,35.24,36.61,1.039,0.4,0.0,NORMAL,False,False,AFTERNOON,True
CHG_51A1F70674,2026-08-08 13:35:10,2026-08-08 13:35:10,2026-08-08 13:52:37,JNY_757588386,USR_85419,STN_JPR_01,Jaipur,MALL,34.6,85.0,54.5,CCS2,120.0,True,27.47,26.69,16.02,17.46,1.09,0.4,0.0,NORMAL,False,False,AFTERNOON,True
CHG_2D36D7297A,2026-08-08 13:36:24,2026-08-08 13:36:24,2026-08-08 14:06:55,JNY_316894946,USR_29607,STN_MUM_01,Mumbai,MALL,48.2,80.0,70.4,CHAdeMO,50.0,True,22.39,21.72,29.85,30.52,1.022,0.4,0.0,NORMAL,False,False,AFTERNOON,True
CHG_132A8BB1B3,2026-08-08 13:38:50,2026-08-08 13:38:50,2026-08-08 14:16:25,JNY_408553191,USR_13978,STN_BLR_01,Bengaluru,OFFICE,35.5,80.0,58.8,CHAdeMO,75.0,True,26.17,25.31,23.26,37.59,1.616,0.5,0.0,POWER_LIMITATION,True,True,AFTERNOON,True
CHG_44FAA55DF5,2026-08-08 13:42:54,2026-08-08 13:42:54,2026-08-08 14:31:20,JNY_255667400,USR_96655,STN_JPR_01,Jaipur,MALL,11.6,85.0,78.3,CCS2,90.0,True,57.47,56.18,44.7,48.44,1.084,1.0,0.0,NORMAL,False,False,AFTERNOON,True
CHG_83BF422938,2026-08-08 13:44:16,2026-08-08 13:44:16,2026-08-08 15:05:44,JNY_260857340,USR_65458,STN_JPR_01,Jaipur,MALL,19.2,90.0,76.1,CCS2,60.0,True,53.88,51.37,65.85,81.47,1.237,0.2,2.0,NORMAL,False,False,AFTERNOON,True
CHG_3E38C78E1A,2026-08-08 13:52:04,2026-08-08 13:52:04,2026-08-08 14:16:30,JNY_101649560,USR_23565,STN_MUM_01,Mumbai,MALL,23.6,80.0,67.6,CCS2,120.0,True,38.13,36.23,21.18,24.43,1.154,0.4,0.0,NORMAL,False,False,AFTERNOON,True
CHG_97CCD44435,2026-08-08 13:55:56,2026-08-08 13:55:56,2026-08-08 14:17:37,JNY_297200287,USR_29183,STN_MUM_02,Mumbai,RESIDENTIAL,16.2,80.0,63.6,CCS2,120.0,True,40.58,39.12,22.54,21.69,0.962,1.0,0.0,NORMAL,False,False,AFTERNOON,True
CHG_2E4AE43A15,2026-08-08 13:56:25,2026-08-08 13:56:25,2026-08-08 14:23:33,JNY_758172240,USR_57540,STN_MUM_02,Mumbai,RESIDENTIAL,17.1,80.0,77.6,CCS2,120.0,True,48.81,47.99,27.12,27.14,1.001,0.5,0.0,NORMAL,False,False,AFTERNOON,True
CHG_5628C1A96C,2026-08-08 13:56:58,2026-08-08 13:56:58,2026-08-08 19:56:58,JNY_886386401,USR_59866,STN_BLR_01,Bengaluru,OFFICE,20.9,80.0,77.8,TYPE2_AC,7.2,False,45.98,44.14,425.74,360.0,0.846,0.75,3.0,NORMAL,False,False,AFTERNOON,True
CHG_0E8A20B63E,2026-08-08 13:57:06,2026-08-08 13:57:06,2026-08-08 14:41:40,JNY_266961031,USR_61967,STN_JPR_02,Jaipur,HIGHWAY,31.1,80.0,70.1,CHAdeMO,100.0,True,34.28,32.86,22.85,44.57,1.95,0.6,0.0,CHARGER_FAULT,True,True,AFTERNOON,True
CHG_B577EE46E0,2026-08-08 13:57:47,2026-08-08 13:57:47,2026-08-08 14:33:51,JNY_238142904,USR_33811,STN_GGN_02,Gurugram,MALL,38.1,85.0,74.7,CHAdeMO,75.0,True,35.03,32.7,32.7,36.08,1.103,0.4,0.0,NORMAL,False,False,AFTERNOON,True
CHG_68ACAAB487,2026-08-08 14:00:19,2026-08-08 14:00:19,2026-08-08 14:27:45,JNY_951599678,USR_70066,STN_BLR_01,Bengaluru,OFFICE,31.0,90.0,71.7,CCS2,150.0,True,42.3,40.45,20.68,27.44,1.327,0.25,9.0,NORMAL,False,False,AFTERNOON,True
CHG_75FD92D0D7,2026-08-08 14:02:20,2026-08-08 14:02:20,2026-08-08 15:26:34,JNY_720781725,USR_16259,STN_GGN_01,Gurugram,OFFICE,23.3,85.0,83.3,CHAdeMO,50.0,True,51.4,49.21,71.95,84.24,1.171,0.5,8.0,NORMAL,False,False,AFTERNOON,True
CHG_6687FF4796,2026-08-08 14:06:44,2026-08-08 14:06:44,2026-08-08 17:46:48,JNY_811430039,USR_23526,STN_BLR_01,Bengaluru,OFFICE,15.3,85.0,85.4,TYPE2_AC,22.0,False,59.52,55.06,189.39,220.08,1.162,0.5,4.0,NORMAL,False,False,AFTERNOON,True
CHG_BC0D1EDD7D,2026-08-08 14:15:05,2026-08-08 14:15:05,2026-08-08 14:40:18,JNY_136190611,USR_11089,STN_JPR_01,Jaipur,MALL,60.4,85.0,90.0,CCS2,60.0,True,22.14,20.59,25.83,25.22,0.976,0.6,0.0,NORMAL,False,False,AFTERNOON,True
CHG_3F564D95AF,2026-08-08 14:18:29,2026-08-08 14:18:29,2026-08-08 15:19:33,JNY_236881782,USR_14207,STN_JPR_02,Jaipur,HIGHWAY,29.0,90.0,68.8,CHAdeMO,50.0,True,41.97,40.23,61.55,61.08,0.992,0.4,0.0,NORMAL,False,False,AFTERNOON,True
CHG_D98F68E405,2026-08-08 14:25:55,2026-08-08 14:25:55,2026-08-08 20:25:55,JNY_745773625,USR_86865,STN_GGN_01,Gurugram,OFFICE,34.7,80.0,88.5,TYPE2_AC,7.2,False,40.09,38.22,371.21,360.0,0.97,0.25,4.0,NORMAL,False,False,AFTERNOON,True
CHG_35A1E9600D,2026-08-08 14:26:14,2026-08-08 14:26:14,2026-08-08 18:08:37,JNY_577939628,USR_43177,STN_MUM_01,Mumbai,MALL,27.9,80.0,69.6,TYPE2_AC,11.0,False,36.26,34.73,219.77,222.38,1.012,0.8,0.0,NORMAL,False,False,AFTERNOON,True
CHG_45366931AB,2026-08-08 14:29:24,2026-08-08 14:29:24,2026-08-08 14:51:28,JNY_605766887,USR_70909,STN_JPR_01,Jaipur,MALL,35.7,90.0,66.0,CCS2,120.0,True,35.84,34.86,21.9,22.07,1.008,0.4,0.0,NORMAL,False,False,AFTERNOON,True
CHG_A78ECD23ED,2026-08-08 14:30:12,2026-08-08 14:30:12,2026-08-08 15:25:19,JNY_733864967,USR_23112,STN_JPR_01,Jaipur,MALL,39.1,95.0,65.9,CHAdeMO,50.0,True,36.84,35.34,56.49,55.13,0.976,0.6,0.0,NORMAL,False,False,AFTERNOON,True
CHG_F0DD5F33B6,2026-08-08 14:37:36,2026-08-08 14:37:36,2026-08-08 15:29:02,JNY_367051237,USR_53924,STN_GGN_02,Gurugram,MALL,22.0,95.0,60.0,CHAdeMO,75.0,True,43.8,41.34,44.77,51.44,1.149,0.4,0.0,NORMAL,False,False,AFTERNOON,True
CHG_7D7DC0FBA1,2026-08-08 14:41:25,2026-08-08 14:41:25,2026-08-08 15:29:27,JNY_681660316,USR_76563,STN_MUM_01,Mumbai,MALL,38.2,85.0,64.6,CCS2,90.0,True,30.23,28.39,23.51,48.04,2.043,0.4,7.0,CHARGER_FAULT,True,True,AFTERNOON,True
CHG_E22AF7577C,2026-08-08 14:52:17,2026-08-08 14:52:17,2026-08-08 15:11:12,JNY_862908274,USR_49476,STN_DEL_03,Delhi,HIGHWAY,40.3,85.0,84.0,CCS2,150.0,True,37.55,36.69,17.52,18.93,1.08,0.6,0.0,NORMAL,False,False,AFTERNOON,True
CHG_E73417BA90,2026-08-08 14:57:22,2026-08-08 14:57:22,2026-08-08 16:04:07,JNY_751928061,USR_50302,STN_GGN_02,Gurugram,MALL,24.9,80.0,88.8,CHAdeMO,50.0,True,48.93,47.55,65.24,66.76,1.023,0.6,0.0,NORMAL,False,False,AFTERNOON,True
CHG_43E4CFE1EF,2026-08-08 14:57:43,2026-08-08 14:57:43,2026-08-08 15:26:25,JNY_321740795,USR_42397,STN_JPR_02,Jaipur,HIGHWAY,41.2,80.0,90.0,CCS2,90.0,True,34.92,33.9,25.87,28.7,1.11,0.4,0.0,NORMAL,False,False,AFTERNOON,True
CHG_39119E8F12,2026-08-08 15:03:23,2026-08-08 15:03:23,2026-08-08 16:17:32,JNY_856716001,USR_52714,STN_GGN_02,Gurugram,MALL,13.5,90.0,83.0,CHAdeMO,75.0,True,63.49,60.99,62.08,74.16,1.195,0.4,3.0,NORMAL,False,False,AFTERNOON,True
CHG_3AA101A4B1,2026-08-08 15:03:34,2026-08-08 15:03:34,2026-08-08 15:37:52,JNY_342366230,USR_82512,STN_GGN_01,Gurugram,OFFICE,36.8,80.0,75.4,CHAdeMO,75.0,True,32.57,31.22,28.95,34.31,1.185,0.25,3.0,NORMAL,False,False,AFTERNOON,True
CHG_3B2A096675,2026-08-08 15:05:26,2026-08-08 15:05:26,2026-08-08 15:48:23,JNY_243770339,USR_10369,STN_JPR_01,Jaipur,MALL,40.8,85.0,75.1,CCS2,60.0,True,33.19,32.29,38.73,42.96,1.109,0.6,0.0,MINOR_SLOWDOWN,True,False,AFTERNOON,True
CHG_1A7AA3EB21,2026-08-08 15:09:33,2026-08-08 15:09:33,2026-08-08 18:21:24,JNY_147539551,USR_94749,STN_DEL_02,Delhi,OFFICE,39.7,90.0,90.0,TYPE2_AC,22.0,False,45.27,43.29,150.9,191.86,1.271,0.5,9.0,NORMAL,False,False,AFTERNOON,True
CHG_7179903737,2026-08-08 15:11:07,2026-08-08 15:11:07,2026-08-08 15:50:50,JNY_211102157,USR_49936,STN_JPR_01,Jaipur,MALL,27.6,90.0,67.2,CCS2,90.0,True,41.93,41.19,34.17,39.73,1.163,0.6,0.0,MINOR_SLOWDOWN,True,False,AFTERNOON,True
CHG_A7FBDA88A2,2026-08-08 15:12:58,2026-08-08 15:12:58,2026-08-08 19:43:24,JNY_645487048,USR_38776,STN_GGN_02,Gurugram,MALL,26.8,80.0,84.5,TYPE2_AC,11.0,False,44.95,42.76,272.45,270.44,0.993,0.6,0.0,NORMAL,False,False,AFTERNOON,True
CHG_54A48B823D,2026-08-08 15:16:17,2026-08-08 15:16:17,2026-08-08 16:33:59,JNY_351837690,USR_57791,STN_GGN_01,Gurugram,OFFICE,11.9,80.0,64.8,CCS2,60.0,True,44.13,42.23,49.03,77.7,1.585,0.25,30.0,NORMAL,False,True,AFTERNOON,True
CHG_423080D4D8,2026-08-08 15:18:26,2026-08-08 15:18:26,2026-08-08 15:51:16,JNY_816419723,USR_48568,STN_DEL_01,Delhi,MALL,42.2,90.0,71.7,CCS2,90.0,True,34.27,32.66,27.93,32.84,1.176,0.4,10.0,NORMAL,False,False,AFTERNOON,True
CHG_6632545DAA,2026-08-08 15:21:41,2026-08-08 15:21:41,2026-08-08 18:39:30,JNY_947243184,USR_13790,STN_BLR_01,Bengaluru,OFFICE,49.6,80.0,82.0,TYPE2_AC,11.0,False,24.93,24.45,151.08,197.82,1.309,0.25,6.0,NORMAL,False,False,AFTERNOON,True
CHG_E5A626A34B,2026-08-08 15:23:03,2026-08-08 15:23:03,2026-08-08 16:25:52,JNY_846006797,USR_40324,STN_GGN_02,Gurugram,MALL,32.5,80.0,79.4,CCS2,60.0,True,37.72,35.35,41.91,62.83,1.499,0.2,18.0,NORMAL,False,False,AFTERNOON,True
CHG_3C3B0CFCFD,2026-08-08 15:24:21,2026-08-08 15:24:21,2026-08-08 16:32:49,JNY_650100840,USR_30027,STN_GGN_01,Gurugram,OFFICE,23.8,85.0,75.0,CCS2,60.0,True,45.9,44.43,53.55,68.47,1.279,0.25,12.0,NORMAL,False,False,AFTERNOON,True
CHG_4111C6AECB,2026-08-08 15:26:39,2026-08-08 15:26:39,2026-08-08 15:47:15,JNY_664670603,USR_70755,STN_JPR_01,Jaipur,MALL,51.2,90.0,86.0,CCS2,120.0,True,33.37,31.75,20.39,20.6,1.01,0.4,0.0,NORMAL,False,False,AFTERNOON,True
CHG_968BB40A59,2026-08-08 15:27:43,2026-08-08 15:27:43,2026-08-08 15:58:54,JNY_971772750,USR_69965,STN_DEL_03,Delhi,HIGHWAY,26.3,80.0,71.4,CCS2,90.0,True,38.34,36.91,28.4,31.19,1.098,0.8,0.0,NORMAL,False,False,AFTERNOON,True
CHG_E9C11CE617,2026-08-08 15:30:31,2026-08-08 15:30:31,2026-08-08 16:11:38,JNY_939156901,USR_43402,STN_GGN_02,Gurugram,MALL,37.7,95.0,77.1,CCS2,90.0,True,44.18,42.78,37.63,41.13,1.093,0.6,0.0,NORMAL,False,False,AFTERNOON,True
CHG_C968CBDAEF,2026-08-08 15:36:31,2026-08-08 15:36:31,2026-08-08 16:11:29,JNY_755703738,USR_99131,STN_MUM_02,Mumbai,RESIDENTIAL,34.1,90.0,72.4,CCS2,90.0,True,40.47,37.21,32.98,34.97,1.06,0.75,5.0,NORMAL,False,False,AFTERNOON,True
CHG_CDC812CF16,2026-08-08 15:36:43,2026-08-08 15:36:43,2026-08-08 16:17:00,JNY_886061987,USR_32782,STN_DEL_03,Delhi,HIGHWAY,20.1,85.0,69.7,CCS2,90.0,True,45.24,43.41,35.18,40.29,1.145,0.4,0.0,NORMAL,False,False,AFTERNOON,True
CHG_B4A3E6E9B2,2026-08-08 15:41:22,2026-08-08 15:41:22,2026-08-08 16:14:34,JNY_813632228,USR_90326,STN_GGN_02,Gurugram,MALL,31.9,85.0,62.8,CHAdeMO,75.0,True,33.35,31.29,31.12,33.21,1.067,0.4,0.0,NORMAL,False,False,AFTERNOON,True
CHG_E19CB931FF,2026-08-08 15:47:04,2026-08-08 15:47:04,2026-08-08 16:15:27,JNY_648296929,USR_49489,STN_DEL_01,Delhi,MALL,43.2,90.0,84.5,CCS2,120.0,True,39.55,38.55,24.17,28.4,1.175,0.6,0.0,MINOR_SLOWDOWN,True,False,AFTERNOON,True
CHG_F455A744CC,2026-08-08 15:47:59,2026-08-08 15:47:59,2026-08-08 17:37:49,JNY_134475949,USR_46725,STN_BLR_01,Bengaluru,OFFICE,34.1,80.0,78.0,TYPE2_AC,22.0,False,35.8,34.27,108.49,109.84,1.012,0.5,0.0,NORMAL,False,False,AFTERNOON,True
CHG_3DA5BE8695,2026-08-08 15:52:38,2026-08-08 15:52:38,2026-08-08 16:00:28,JNY_327463394,USR_68695,STN_MUM_02,Mumbai,RESIDENTIAL,61.3,80.0,72.9,CCS2,120.0,True,13.63,13.1,7.57,7.85,1.036,0.75,0.0,NORMAL,False,False,AFTERNOON,True
CHG_129A3BFBA6,2026-08-08 15:56:28,2026-08-08 15:56:28,2026-08-08 21:22:40,JNY_132086141,USR_13812,STN_MUM_02,Mumbai,RESIDENTIAL,32.8,80.0,69.3,TYPE2_AC,7.2,False,32.71,31.27,302.87,326.21,1.077,1.0,0.0,NORMAL,False,False,AFTERNOON,True
CHG_CE1E78EB2D,2026-08-08 16:00:26,2026-08-08 16:00:26,2026-08-08 16:33:40,JNY_950272660,USR_55465,STN_GGN_02,Gurugram,MALL,21.0,95.0,69.7,CCS2,120.0,True,51.58,51.04,32.95,33.24,1.009,1.0,1.0,NORMAL,False,False,AFTERNOON,True
CHG_C8E83E0B57,2026-08-08 16:02:07,2026-08-08 16:02:07,2026-08-08 17:01:47,JNY_442412421,USR_62050,STN_JPR_01,Jaipur,MALL,17.3,85.0,79.8,CHAdeMO,75.0,True,54.02,51.29,50.42,59.67,1.183,0.2,5.0,NORMAL,False,False,AFTERNOON,True
CHG_C388588714,2026-08-08 16:03:43,2026-08-08 16:03:43,2026-08-08 16:28:21,JNY_445374330,USR_29953,STN_MUM_02,Mumbai,RESIDENTIAL,36.6,85.0,81.8,CCS2,120.0,True,39.59,37.25,23.09,24.65,1.067,0.75,0.0,NORMAL,False,False,AFTERNOON,True
CHG_E901B9D026,2026-08-08 16:05:16,2026-08-08 16:05:16,2026-08-08 16:28:38,JNY_861138795,USR_60528,STN_BLR_01,Bengaluru,OFFICE,30.7,85.0,78.6,CCS2,150.0,True,42.68,41.35,19.92,23.38,1.174,0.25,7.0,NORMAL,False,False,AFTERNOON,True
CHG_4B424A8344,2026-08-08 16:05:50,2026-08-08 16:05:50,2026-08-08 16:37:16,JNY_315525608,USR_35997,STN_BLR_01,Bengaluru,OFFICE,21.8,90.0,60.3,CCS2,90.0,True,41.12,40.25,33.51,31.44,0.938,0.75,0.0,NORMAL,False,False,AFTERNOON,True
CHG_A5CBE8A2C6,2026-08-08 16:06:24,2026-08-08 16:06:24,2026-08-08 17:20:34,JNY_490292752,USR_79325,STN_BLR_01,Bengaluru,OFFICE,35.2,85.0,86.3,CHAdeMO,50.0,True,42.98,42.28,60.17,74.17,1.233,0.5,5.0,NORMAL,False,False,AFTERNOON,True
CHG_04820867AE,2026-08-08 16:16:25,2026-08-08 16:16:25,2026-08-08 16:34:31,JNY_207221075,USR_61718,STN_DEL_01,Delhi,MALL,38.1,90.0,65.1,CCS2,150.0,True,33.79,32.81,16.52,18.1,1.096,0.6,0.0,NORMAL,False,False,AFTERNOON,True
CHG_A3CDA6A10A,2026-08-08 16:18:02,2026-08-08 16:18:02,2026-08-08 21:54:39,JNY_783087484,USR_54385,STN_DEL_03,Delhi,HIGHWAY,32.5,90.0,86.2,TYPE2_AC,11.0,False,49.56,47.74,330.43,336.62,1.019,0.4,0.0,NORMAL,False,False,AFTERNOON,True
CHG_69158961D6,2026-08-08 16:25:59,2026-08-08 16:25:59,2026-08-08 17:49:24,JNY_396669326,USR_58633,STN_BLR_01,Bengaluru,OFFICE,35.2,95.0,83.5,CCS2,60.0,True,49.93,49.11,63.8,83.42,1.307,0.5,8.0,NORMAL,False,False,AFTERNOON,True
CHG_FFD2FAE594,2026-08-08 16:26:05,2026-08-08 16:26:05,2026-08-08 18:50:41,JNY_622204668,USR_12980,STN_BLR_01,Bengaluru,OFFICE,46.8,80.0,65.0,TYPE2_AC,11.0,False,21.58,20.79,130.79,144.61,1.106,0.5,0.0,NORMAL,False,False,AFTERNOON,True
CHG_E4B47152D0,2026-08-08 16:26:09,2026-08-08 16:26:09,2026-08-08 22:26:09,JNY_975758537,USR_38831,STN_BLR_01,Bengaluru,OFFICE,15.8,90.0,88.0,TYPE2_AC,7.2,False,65.3,63.03,665.05,360.0,0.541,0.5,0.0,NORMAL,False,False,AFTERNOON,True
CHG_0C2CC227F0,2026-08-08 16:31:08,2026-08-08 16:31:08,2026-08-08 16:59:57,JNY_698337578,USR_81889,STN_DEL_03,Delhi,HIGHWAY,53.0,95.0,83.1,CCS2,90.0,True,34.9,33.22,29.73,28.83,0.97,0.6,0.0,NORMAL,False,False,AFTERNOON,True
CHG_08886834A2,2026-08-08 16:33:08,2026-08-08 16:33:08,2026-08-08 18:26:00,JNY_786818780,USR_91898,STN_GGN_01,Gurugram,OFFICE,47.2,95.0,57.9,TYPE2_AC,22.0,False,27.68,26.68,96.45,112.88,1.17,0.5,6.0,NORMAL,False,False,AFTERNOON,True
CHG_549B175AB5,2026-08-08 16:33:18,2026-08-08 16:33:18,2026-08-08 20:18:43,JNY_168641566,USR_56003,STN_GGN_02,Gurugram,MALL,50.9,80.0,86.7,TYPE2_AC,11.0,False,25.23,24.02,152.91,225.43,1.474,0.0,9.0,NORMAL,False,False,AFTERNOON,True
CHG_68BBFE4902,2026-08-08 16:39:29,2026-08-08 16:39:29,2026-08-08 20:26:47,JNY_667559105,USR_38471,STN_DEL_01,Delhi,MALL,44.1,80.0,79.3,TYPE2_AC,11.0,False,28.47,27.29,172.54,227.31,1.317,0.2,8.0,NORMAL,False,False,AFTERNOON,True
CHG_269DF13F60,2026-08-08 16:43:37,2026-08-08 16:43:37,2026-08-08 17:04:17,JNY_719574736,USR_93314,STN_DEL_02,Delhi,OFFICE,39.7,80.0,60.7,CCS2,120.0,True,24.46,23.35,13.59,20.68,1.522,0.25,18.0,NORMAL,False,True,AFTERNOON,True
CHG_C0E1A2E051,2026-08-08 16:44:40,2026-08-08 16:44:40,2026-08-08 19:24:08,JNY_221282949,USR_16519,STN_GGN_02,Gurugram,MALL,32.4,80.0,90.0,TYPE2_AC,22.0,False,42.84,42.63,129.82,159.48,1.228,0.2,2.0,NORMAL,False,False,AFTERNOON,True
CHG_A810419271,2026-08-08 16:53:15,2026-08-08 16:53:15,2026-08-08 19:13:59,JNY_906861388,USR_96560,STN_BLR_01,Bengaluru,OFFICE,30.9,85.0,74.4,TYPE2_AC,22.0,False,40.25,39.15,128.07,140.75,1.099,0.25,2.0,NORMAL,False,False,AFTERNOON,True
CHG_EFCAF1395F,2026-08-08 16:54:40,2026-08-08 16:54:40,2026-08-08 18:09:30,JNY_804081556,USR_11681,STN_DEL_03,Delhi,HIGHWAY,20.2,90.0,81.7,CCS2,60.0,True,57.03,54.89,69.7,74.85,1.074,0.6,0.0,NORMAL,False,False,AFTERNOON,True
CHG_84C5D32072,2026-08-08 16:57:17,2026-08-08 16:57:17,2026-08-08 17:33:50,JNY_975011626,USR_50444,STN_JPR_01,Jaipur,MALL,29.0,85.0,81.3,CCS2,90.0,True,45.53,43.63,35.41,36.55,1.032,0.6,0.0,NORMAL,False,False,AFTERNOON,True
CHG_D90E22ED1B,2026-08-08 17:03:26,2026-08-08 17:03:26,2026-08-08 18:10:29,JNY_288692178,USR_93472,STN_DEL_02,Delhi,OFFICE,12.0,90.0,74.9,CCS2,90.0,True,58.42,56.9,47.6,67.05,1.409,0.25,17.0,NORMAL,False,False,EVENING,True
CHG_1539634279,2026-08-08 17:03:39,2026-08-08 17:03:39,2026-08-08 17:36:40,JNY_602742881,USR_33113,STN_GGN_02,Gurugram,MALL,32.9,85.0,80.4,CCS2,120.0,True,41.89,39.91,24.43,33.02,1.352,0.4,11.0,NORMAL,False,False,EVENING,True
CHG_6BFDA4EAA8,2026-08-08 17:10:52,2026-08-08 17:10:52,2026-08-08 18:05:02,JNY_144391121,USR_19754,STN_MUM_01,Mumbai,MALL,22.3,85.0,71.9,CHAdeMO,75.0,True,45.08,42.74,42.08,54.17,1.287,0.2,4.0,NORMAL,False,False,EVENING,True
CHG_F3599E542F,2026-08-08 17:12:09,2026-08-08 17:12:09,2026-08-08 18:06:54,JNY_843886801,USR_63857,STN_MUM_01,Mumbai,MALL,26.1,85.0,82.0,CHAdeMO,75.0,True,48.3,46.19,45.08,54.75,1.215,0.2,4.0,NORMAL,False,False,EVENING,True
CHG_3BD9A2CCB5,2026-08-08 17:17:42,2026-08-08 17:17:42,2026-08-08 18:15:31,JNY_810479284,USR_46762,STN_DEL_03,Delhi,HIGHWAY,21.3,80.0,90.0,CCS2,90.0,True,52.83,49.9,39.13,57.83,1.478,0.0,13.0,NORMAL,False,False,EVENING,True
CHG_7B306FF230,2026-08-08 17:27:16,2026-08-08 17:27:16,2026-08-08 17:48:12,JNY_553806622,USR_75639,STN_DEL_01,Delhi,MALL,56.7,80.0,80.7,CCS2,60.0,True,18.8,18.31,20.89,20.93,1.002,0.4,0.0,NORMAL,False,False,EVENING,True
CHG_1B30489030,2026-08-08 17:30:11,2026-08-08 17:30:11,2026-08-08 19:40:36,JNY_993244827,USR_12666,STN_MUM_01,Mumbai,MALL,31.4,80.0,90.0,TYPE2_AC,22.0,False,43.74,42.12,132.55,130.43,0.984,0.4,0.0,NORMAL,False,False,EVENING,True
CHG_B0C11EDB6E,2026-08-08 17:38:24,2026-08-08 17:38:24,2026-08-08 17:57:58,JNY_759368553,USR_72093,STN_MUM_01,Mumbai,MALL,37.0,80.0,71.4,CHAdeMO,100.0,True,30.7,29.91,20.47,19.57,0.956,0.6,0.0,NORMAL,False,False,EVENING,True
CHG_6521931555,2026-08-08 17:39:13,2026-08-08 17:39:13,2026-08-08 19:41:40,JNY_109378949,USR_74190,STN_JPR_01,Jaipur,MALL,36.9,85.0,67.1,TYPE2_AC,22.0,False,32.28,29.9,102.69,122.46,1.193,0.2,2.0,NORMAL,False,False,EVENING,True
CHG_5444933621,2026-08-08 17:45:12,2026-08-08 17:45:12,2026-08-08 21:04:04,JNY_858603833,USR_36551,STN_GGN_01,Gurugram,OFFICE,32.9,85.0,76.7,TYPE2_AC,22.0,False,39.96,38.62,127.15,198.88,1.564,0.0,50.0,NORMAL,False,True,EVENING,True
CHG_D8A54C4EFF,2026-08-08 17:48:44,2026-08-08 17:48:44,2026-08-08 18:29:50,JNY_103922178,USR_44894,STN_DEL_01,Delhi,MALL,34.8,85.0,81.5,CCS2,90.0,True,40.91,39.87,31.82,41.11,1.292,0.4,9.0,NORMAL,False,False,EVENING,True
CHG_8F59B79C75,2026-08-08 17:51:43,2026-08-08 17:51:43,2026-08-08 18:18:06,JNY_372073239,USR_38907,STN_MUM_02,Mumbai,RESIDENTIAL,27.7,90.0,67.1,CCS2,120.0,True,41.8,41.59,25.55,26.4,1.033,0.75,0.0,NORMAL,False,False,EVENING,True
CHG_59C54951D3,2026-08-08 17:52:40,2026-08-08 17:52:40,2026-08-08 18:38:26,JNY_611487554,USR_59255,STN_MUM_02,Mumbai,RESIDENTIAL,12.0,90.0,69.8,CCS2,90.0,True,54.44,51.92,44.36,45.77,1.032,1.0,0.0,NORMAL,False,False,EVENING,True
CHG_31EB5AA844,2026-08-08 18:00:24,2026-08-08 18:00:24,2026-08-08 18:17:08,JNY_495106604,USR_31179,STN_MUM_02,Mumbai,RESIDENTIAL,26.8,80.0,66.2,CCS2,150.0,True,35.22,34.03,15.65,16.74,1.069,0.5,4.0,NORMAL,False,False,EVENING,True
CHG_41D1C6B3CC,2026-08-08 18:03:15,2026-08-08 18:03:15,2026-08-08 18:25:19,JNY_764332205,USR_37641,STN_MUM_02,Mumbai,RESIDENTIAL,36.7,80.0,88.3,CCS2,120.0,True,38.23,36.72,21.24,22.07,1.039,0.75,0.0,NORMAL,False,False,EVENING,True
CHG_9915065197,2026-08-08 18:06:46,2026-08-08 18:06:46,2026-08-08 18:39:36,JNY_105007086,USR_30670,STN_GGN_02,Gurugram,MALL,56.0,95.0,78.4,CCS2,120.0,True,30.58,30.35,19.53,32.84,1.681,0.0,75.0,NORMAL,False,True,EVENING,True
CHG_DC5FC40E47,2026-08-08 18:12:56,2026-08-08 18:12:56,2026-08-08 21:47:09,JNY_442263073,USR_87372,STN_DEL_01,Delhi,MALL,41.3,80.0,87.0,TYPE2_AC,11.0,False,33.67,32.37,204.05,214.23,1.05,0.6,0.0,NORMAL,False,False,EVENING,True
CHG_459CA17035,2026-08-08 18:15:37,2026-08-08 18:15:37,2026-08-08 18:47:38,JNY_332539515,USR_89585,STN_JPR_02,Jaipur,HIGHWAY,62.6,85.0,78.6,CCS2,60.0,True,17.61,16.75,20.54,32.02,1.559,0.0,36.0,NORMAL,False,True,EVENING,True
CHG_61AE91ADA8,2026-08-08 18:15:37,2026-08-08 18:15:37,2026-08-08 19:02:54,JNY_758723494,USR_16426,STN_MUM_01,Mumbai,MALL,25.3,80.0,81.8,CCS2,60.0,True,44.74,43.81,49.72,47.28,0.951,0.6,0.0,NORMAL,False,False,EVENING,True
CHG_A1F7A61AA2,2026-08-08 18:26:20,2026-08-08 18:26:20,2026-08-08 18:44:42,JNY_379542281,USR_43185,STN_DEL_01,Delhi,MALL,49.1,80.0,65.9,CCS2,120.0,True,20.36,19.65,11.31,18.37,1.624,0.2,9.0,POWER_LIMITATION,True,True,EVENING,True
CHG_5BD0278D88,2026-08-08 18:26:26,2026-08-08 18:26:26,2026-08-08 19:24:02,JNY_459292132,USR_89627,STN_GGN_02,Gurugram,MALL,15.4,80.0,67.9,CHAdeMO,75.0,True,43.86,42.01,38.99,57.61,1.478,0.0,11.0,NORMAL,False,False,EVENING,True
CHG_CB0C16181F,2026-08-08 18:30:16,2026-08-08 18:30:16,2026-08-08 19:12:03,JNY_216646932,USR_94131,STN_GGN_02,Gurugram,MALL,16.0,90.0,72.5,CCS2,120.0,True,53.65,51.2,32.79,41.79,1.275,0.2,3.0,NORMAL,False,False,EVENING,True
CHG_FDB96AA0F9,2026-08-08 18:35:08,2026-08-08 18:35:08,2026-08-08 19:02:17,JNY_650463273,USR_42134,STN_GGN_02,Gurugram,MALL,22.5,85.0,65.6,CCS2,120.0,True,41.0,40.4,23.92,27.16,1.135,0.2,6.0,NORMAL,False,False,EVENING,True
CHG_5A2B8478EB,2026-08-08 18:36:11,2026-08-08 18:36:11,2026-08-08 19:27:55,JNY_876835407,USR_77229,STN_DEL_01,Delhi,MALL,22.5,90.0,87.3,CCS2,120.0,True,58.93,56.61,36.01,51.75,1.437,0.2,23.0,NORMAL,False,False,EVENING,True
CHG_E2313937E0,2026-08-08 18:36:41,2026-08-08 18:36:41,2026-08-08 21:00:01,JNY_201273975,USR_94924,STN_JPR_02,Jaipur,HIGHWAY,35.2,85.0,66.0,TYPE2_AC,22.0,False,32.87,31.47,104.58,143.35,1.371,0.2,22.0,NORMAL,False,False,EVENING,True
CHG_C50DA18DFF,2026-08-08 18:41:58,2026-08-08 18:41:58,2026-08-08 19:08:45,JNY_925779467,USR_90607,STN_MUM_02,Mumbai,RESIDENTIAL,19.0,80.0,64.6,CCS2,120.0,True,39.41,38.15,21.89,26.8,1.224,0.5,11.0,NORMAL,False,False,EVENING,True
CHG_C4D4698A76,2026-08-08 18:43:20,2026-08-08 18:43:20,2026-08-08 19:01:41,JNY_611853185,USR_81172,STN_MUM_01,Mumbai,MALL,37.4,80.0,78.3,CCS2,150.0,True,33.36,32.4,14.82,18.35,1.238,0.2,2.0,NORMAL,False,False,EVENING,True
CHG_39D0CF1A8F,2026-08-08 18:44:15,2026-08-08 18:44:15,2026-08-08 19:17:18,JNY_745454379,USR_17049,STN_GGN_01,Gurugram,OFFICE,21.2,80.0,79.4,CCS2,120.0,True,46.69,43.67,25.94,33.06,1.275,0.25,3.0,NORMAL,False,False,EVENING,True
CHG_4EDE348297,2026-08-08 18:44:55,2026-08-08 18:44:55,2026-08-09 00:44:55,JNY_839520311,USR_38068,STN_JPR_02,Jaipur,HIGHWAY,34.4,90.0,77.7,TYPE2_AC,11.0,False,43.2,41.17,288.01,360.0,1.25,0.2,10.0,NORMAL,False,False,EVENING,True
CHG_76366CD123,2026-08-08 18:46:15,2026-08-08 18:46:15,2026-08-08 23:58:33,JNY_326530512,USR_50091,STN_JPR_02,Jaipur,HIGHWAY,31.5,80.0,76.4,TYPE2_AC,11.0,False,37.05,34.48,224.57,312.31,1.391,0.0,8.0,NORMAL,False,False,EVENING,True
CHG_22B34C59B2,2026-08-08 18:48:43,2026-08-08 18:48:43,2026-08-08 19:05:08,JNY_812903129,USR_85820,STN_MUM_02,Mumbai,RESIDENTIAL,26.1,80.0,64.9,CCS2,150.0,True,34.98,33.74,15.55,16.43,1.057,0.5,0.0,NORMAL,False,False,EVENING,True
CHG_9BF0EB6EC6,2026-08-08 18:48:52,2026-08-08 18:48:52,2026-08-08 19:12:54,JNY_581950829,USR_37099,STN_MUM_02,Mumbai,RESIDENTIAL,22.7,80.0,68.9,CCS2,120.0,True,39.48,37.62,21.93,24.05,1.096,1.0,3.0,NORMAL,False,False,EVENING,True
CHG_5AC9F1EEF0,2026-08-08 18:50:02,2026-08-08 18:50:02,2026-08-08 19:45:47,JNY_122166238,USR_63882,STN_GGN_02,Gurugram,MALL,11.8,90.0,76.7,CCS2,90.0,True,59.98,56.58,48.87,55.75,1.141,0.2,2.0,NORMAL,False,False,EVENING,True
CHG_01CBBB83B1,2026-08-08 18:53:14,2026-08-08 18:53:14,2026-08-08 21:43:39,JNY_981104873,USR_70380,STN_BLR_01,Bengaluru,OFFICE,33.9,80.0,69.6,TYPE2_AC,22.0,False,32.09,30.43,97.23,170.43,1.753,0.0,14.0,MINOR_SLOWDOWN,True,True,EVENING,True
CHG_135DA5DB9A,2026-08-08 18:53:25,2026-08-08 18:53:25,2026-08-08 19:09:51,JNY_200420749,USR_38676,STN_DEL_01,Delhi,MALL,35.2,85.0,69.9,CCS2,150.0,True,34.81,33.21,16.24,16.45,1.013,0.8,0.0,NORMAL,False,False,EVENING,True
CHG_3767350069,2026-08-08 18:56:35,2026-08-08 18:56:35,2026-08-08 19:26:21,JNY_182838040,USR_13118,STN_MUM_01,Mumbai,MALL,42.7,85.0,68.0,CHAdeMO,75.0,True,28.76,27.57,26.85,29.77,1.109,0.4,3.0,NORMAL,False,False,EVENING,True
CHG_9CAE76D578,2026-08-08 18:56:54,2026-08-08 18:56:54,2026-08-08 19:26:29,JNY_259316105,USR_32546,STN_GGN_02,Gurugram,MALL,17.4,80.0,89.3,CCS2,150.0,True,55.9,52.31,24.85,29.59,1.191,0.2,5.0,NORMAL,False,False,EVENING,True
CHG_48613E6225,2026-08-08 19:04:13,2026-08-08 19:04:13,2026-08-08 20:32:30,JNY_494954781,USR_71458,STN_MUM_01,Mumbai,MALL,25.1,90.0,86.4,CCS2,60.0,True,56.07,53.32,68.53,88.3,1.288,0.2,9.0,NORMAL,False,False,EVENING,True
CHG_092433B5DD,2026-08-08 19:07:14,2026-08-08 19:07:14,2026-08-08 21:31:12,JNY_842836346,USR_16689,STN_JPR_01,Jaipur,MALL,45.9,90.0,82.8,TYPE2_AC,22.0,False,36.51,35.04,121.72,143.97,1.183,0.2,4.0,NORMAL,False,False,EVENING,True
CHG_882C462CEE,2026-08-08 19:21:55,2026-08-08 19:21:55,2026-08-08 20:21:25,JNY_697693462,USR_78038,STN_DEL_01,Delhi,MALL,13.1,80.0,75.5,CHAdeMO,75.0,True,50.51,48.99,44.9,59.51,1.326,0.2,5.0,NORMAL,False,False,EVENING,True
CHG_EA7B3EB8E8,2026-08-08 19:22:09,2026-08-08 19:22:09,2026-08-09 00:59:54,JNY_702936429,USR_58655,STN_BLR_01,Bengaluru,OFFICE,35.0,90.0,63.6,TYPE2_AC,11.0,False,34.98,33.39,233.2,337.75,1.448,0.5,0.0,POWER_LIMITATION,True,False,EVENING,True
CHG_B8310B5D6E,2026-08-08 19:25:37,2026-08-08 19:25:37,2026-08-08 20:00:31,JNY_258362713,USR_49502,STN_DEL_02,Delhi,OFFICE,32.8,90.0,73.1,CHAdeMO,100.0,True,41.81,39.81,30.66,34.91,1.139,0.25,3.0,NORMAL,False,False,EVENING,True
CHG_F26E57AEA7,2026-08-08 19:27:12,2026-08-08 19:27:12,2026-08-08 19:40:27,JNY_289427945,USR_41449,STN_GGN_01,Gurugram,OFFICE,33.1,85.0,57.0,CCS2,150.0,True,29.58,27.84,13.81,13.25,0.96,0.75,0.0,NORMAL,False,False,EVENING,True
CHG_6F5807B994,2026-08-08 19:34:21,2026-08-08 19:34:21,2026-08-08 20:02:20,JNY_361824409,USR_14419,STN_JPR_01,Jaipur,MALL,52.6,85.0,90.0,CCS2,90.0,True,29.16,27.15,22.68,27.99,1.234,0.2,6.0,NORMAL,False,False,EVENING,True
CHG_4D7F5FB224,2026-08-08 19:37:05,2026-08-08 19:37:05,2026-08-08 20:14:17,JNY_625438510,USR_19759,STN_BLR_01,Bengaluru,OFFICE,29.4,85.0,69.1,CCS2,90.0,True,38.42,37.77,29.88,37.21,1.245,1.0,1.0,MINOR_SLOWDOWN,True,False,EVENING,True
CHG_C600DF66BE,2026-08-08 19:37:16,2026-08-08 19:37:16,2026-08-08 20:13:12,JNY_546261438,USR_27631,STN_MUM_01,Mumbai,MALL,20.1,85.0,65.2,CCS2,90.0,True,42.31,40.91,32.91,35.94,1.092,0.6,0.0,NORMAL,False,False,EVENING,True
CHG_8C364D5524,2026-08-08 19:38:53,2026-08-08 19:38:53,2026-08-08 20:01:11,JNY_494764418,USR_87225,STN_GGN_01,Gurugram,OFFICE,20.9,80.0,66.0,CCS2,120.0,True,39.01,37.68,21.67,22.31,1.029,0.75,4.0,NORMAL,False,False,EVENING,True
CHG_A98D01433D,2026-08-08 19:44:45,2026-08-08 19:44:45,2026-08-08 20:16:01,JNY_237684643,USR_88008,STN_GGN_01,Gurugram,OFFICE,31.7,85.0,78.9,CCS2,120.0,True,42.05,40.34,24.53,31.27,1.275,0.5,9.0,NORMAL,False,False,EVENING,True
CHG_44B2EB5A18,2026-08-08 19:54:07,2026-08-08 19:54:07,2026-08-08 23:06:16,JNY_798845531,USR_73089,STN_DEL_01,Delhi,MALL,22.6,85.0,83.1,TYPE2_AC,22.0,False,51.85,51.42,164.99,192.15,1.165,0.2,4.0,NORMAL,False,False,EVENING,True
CHG_32585470D2,2026-08-08 19:55:36,2026-08-08 19:55:36,2026-08-08 20:32:51,JNY_983838281,USR_70557,STN_MUM_02,Mumbai,RESIDENTIAL,24.1,90.0,90.0,CCS2,150.0,True,59.31,58.65,29.0,37.27,1.285,0.25,11.0,NORMAL,False,False,EVENING,True
CHG_68C7A2E62E,2026-08-08 19:59:04,2026-08-08 19:59:04,2026-08-08 20:34:08,JNY_514134540,USR_18622,STN_DEL_02,Delhi,OFFICE,18.0,80.0,76.6,CCS2,120.0,True,47.49,45.75,26.38,35.07,1.329,0.5,11.0,NORMAL,False,False,EVENING,True
CHG_9E29295FAF,2026-08-08 20:01:03,2026-08-08 20:01:03,2026-08-08 21:12:05,JNY_629626910,USR_93890,STN_DEL_01,Delhi,MALL,17.3,85.0,89.5,CCS2,60.0,True,60.59,58.2,70.69,71.04,1.005,0.4,0.0,NORMAL,False,False,EVENING,True
CHG_D80F39E5E2,2026-08-08 20:01:33,2026-08-08 20:01:33,2026-08-08 20:31:20,JNY_157015733,USR_87002,STN_JPR_02,Jaipur,HIGHWAY,35.3,85.0,76.8,CCS2,120.0,True,38.17,36.13,22.27,29.79,1.338,0.2,8.0,NORMAL,False,False,EVENING,True
CHG_A639A7C965,2026-08-08 20:06:40,2026-08-08 20:06:40,2026-08-09 02:06:40,JNY_610278094,USR_99818,STN_DEL_01,Delhi,MALL,16.7,85.0,88.0,TYPE2_AC,11.0,False,60.1,57.29,382.48,360.0,0.941,0.6,0.0,NORMAL,False,False,EVENING,True
CHG_F190E78926,2026-08-08 20:09:57,2026-08-08 20:09:57,2026-08-08 20:56:23,JNY_360094952,USR_74997,STN_DEL_02,Delhi,OFFICE,16.2,85.0,78.5,CHAdeMO,75.0,True,54.01,52.97,50.41,46.45,0.921,1.0,0.0,NORMAL,False,False,EVENING,True
CHG_92D3D52EBC,2026-08-08 20:17:04,2026-08-08 20:17:04,2026-08-08 20:25:40,JNY_508663911,USR_53534,STN_BLR_01,Bengaluru,OFFICE,58.5,85.0,75.2,CCS2,150.0,True,19.93,19.12,9.3,8.61,0.926,0.75,0.0,NORMAL,False,False,EVENING,True
CHG_3BD8D7B5BD,2026-08-08 20:21:37,2026-08-08 20:21:37,2026-08-09 01:13:54,JNY_343472912,USR_61858,STN_DEL_01,Delhi,MALL,43.6,90.0,57.1,TYPE2_AC,7.2,False,26.49,25.63,269.85,292.28,1.083,0.6,0.0,NORMAL,False,False,EVENING,True
CHG_759129A0EC,2026-08-08 20:25:04,2026-08-08 20:25:04,2026-08-08 20:59:38,JNY_503739941,USR_14243,STN_MUM_02,Mumbai,RESIDENTIAL,32.3,90.0,64.0,CCS2,90.0,True,36.93,35.1,30.09,34.58,1.149,0.5,0.0,NORMAL,False,False,EVENING,True
CHG_C064125B90,2026-08-08 20:25:31,2026-08-08 20:25:31,2026-08-08 23:41:29,JNY_926091586,USR_88097,STN_JPR_02,Jaipur,HIGHWAY,39.5,85.0,71.2,TYPE2_AC,22.0,False,32.4,30.97,103.08,195.98,1.901,0.2,10.0,POWER_LIMITATION,True,True,EVENING,True
CHG_E104D53165,2026-08-08 20:29:59,2026-08-08 20:29:59,2026-08-08 20:40:02,JNY_179157242,USR_11863,STN_GGN_02,Gurugram,MALL,58.8,85.0,67.2,CCS2,120.0,True,17.61,16.46,10.27,10.06,0.98,0.6,0.0,NORMAL,False,False,EVENING,True
CHG_39DD9D97B7,2026-08-08 20:30:57,2026-08-08 20:30:57,2026-08-08 20:59:52,JNY_910591779,USR_66281,STN_JPR_01,Jaipur,MALL,28.3,90.0,60.2,CCS2,120.0,True,37.14,36.96,22.7,28.92,1.274,0.2,5.0,NORMAL,False,False,EVENING,True
CHG_AD1EEBE314,2026-08-08 20:36:46,2026-08-08 20:36:46,2026-08-09 01:08:03,JNY_385743338,USR_58452,STN_GGN_02,Gurugram,MALL,28.0,80.0,63.6,TYPE2_AC,11.0,False,33.07,31.4,200.44,271.29,1.353,0.2,10.0,NORMAL,False,False,EVENING,True
CHG_A164012685,2026-08-08 20:39:14,2026-08-08 20:39:14,2026-08-08 21:11:18,JNY_595372935,USR_40179,STN_JPR_01,Jaipur,MALL,47.8,85.0,83.8,CHAdeMO,75.0,True,31.17,30.45,29.1,32.07,1.102,0.4,5.0,NORMAL,False,False,EVENING,True
CHG_CBA530F8F9,2026-08-08 20:40:50,2026-08-08 20:40:50,2026-08-08 22:32:37,JNY_183603992,USR_55665,STN_JPR_01,Jaipur,MALL,41.1,85.0,76.0,TYPE2_AC,22.0,False,33.36,31.72,106.16,111.79,1.053,0.6,0.0,NORMAL,False,False,EVENING,True
CHG_21204789A1,2026-08-08 20:41:30,2026-08-08 20:41:30,2026-08-08 20:55:00,JNY_938640799,USR_67155,STN_BLR_01,Bengaluru,OFFICE,61.8,85.0,70.9,CCS2,90.0,True,16.45,15.59,12.79,13.51,1.056,0.75,0.0,NORMAL,False,False,EVENING,True
CHG_0F823E7218,2026-08-08 20:43:16,2026-08-08 20:43:16,2026-08-08 20:59:27,JNY_550273588,USR_43459,STN_JPR_02,Jaipur,HIGHWAY,39.2,80.0,64.3,CCS2,120.0,True,26.23,25.07,14.57,16.2,1.112,0.4,3.0,NORMAL,False,False,EVENING,True
CHG_F2730B13CD,2026-08-08 20:45:33,2026-08-08 20:45:33,2026-08-08 21:07:38,JNY_126695616,USR_33546,STN_DEL_03,Delhi,HIGHWAY,30.7,80.0,71.3,CCS2,120.0,True,35.15,34.17,19.53,22.09,1.131,0.2,2.0,NORMAL,False,False,EVENING,True
CHG_D4E9C0542C,2026-08-08 20:45:52,2026-08-08 20:45:52,2026-08-09 00:31:21,JNY_479046981,USR_26163,STN_MUM_02,Mumbai,RESIDENTIAL,14.2,85.0,64.7,TYPE2_AC,22.0,False,45.81,44.23,145.75,225.49,1.547,0.25,8.0,MINOR_SLOWDOWN,True,True,EVENING,True
CHG_68F8BE7904,2026-08-08 20:50:59,2026-08-08 20:50:59,2026-08-08 21:19:04,JNY_120452833,USR_43908,STN_DEL_03,Delhi,HIGHWAY,38.0,90.0,64.5,CCS2,90.0,True,33.54,32.36,27.33,28.09,1.028,0.6,0.0,NORMAL,False,False,EVENING,True
CHG_1CF39D31B2,2026-08-08 20:52:11,2026-08-08 20:52:11,2026-08-08 21:07:00,JNY_238736818,USR_94265,STN_DEL_02,Delhi,OFFICE,32.2,80.0,61.6,CCS2,150.0,True,29.44,28.39,13.09,14.83,1.133,0.75,0.0,MINOR_SLOWDOWN,True,False,EVENING,True
CHG_97E1663EE5,2026-08-08 20:53:01,2026-08-08 20:53:01,2026-08-08 23:27:08,JNY_205784330,USR_36452,STN_JPR_01,Jaipur,MALL,49.9,80.0,81.3,TYPE2_AC,11.0,False,24.47,23.98,148.31,154.12,1.039,0.6,0.0,NORMAL,False,False,EVENING,True
CHG_9CEA4A26B8,2026-08-08 20:54:47,2026-08-08 20:54:47,2026-08-08 21:13:31,JNY_600538745,USR_28849,STN_DEL_02,Delhi,OFFICE,37.2,80.0,90.0,CCS2,150.0,True,38.52,37.1,17.12,18.75,1.095,0.75,0.0,NORMAL,False,False,EVENING,True
CHG_DCF3CD719C,2026-08-08 20:55:07,2026-08-08 20:55:07,2026-08-08 21:57:03,JNY_191588383,USR_98208,STN_JPR_01,Jaipur,MALL,36.6,85.0,88.1,CHAdeMO,50.0,True,42.64,41.34,59.7,61.94,1.038,0.4,2.0,NORMAL,False,False,EVENING,True
CHG_F32572FA1F,2026-08-08 20:55:47,2026-08-08 20:55:47,2026-08-09 00:32:42,JNY_948304393,USR_80371,STN_JPR_01,Jaipur,MALL,61.1,85.0,80.1,TYPE2_AC,7.2,False,19.14,18.75,186.12,216.93,1.166,0.4,0.0,MINOR_SLOWDOWN,True,False,EVENING,True
CHG_1477D20E50,2026-08-08 20:57:06,2026-08-08 20:57:06,2026-08-08 22:04:47,JNY_491446842,USR_36113,STN_MUM_02,Mumbai,RESIDENTIAL,32.9,85.0,74.1,CCS2,90.0,True,38.61,38.17,30.03,67.7,2.255,0.25,4.0,CHARGER_FAULT,True,True,EVENING,True
CHG_6FC70BF800,2026-08-08 20:59:38,2026-08-08 20:59:38,2026-08-08 21:31:19,JNY_583465116,USR_71538,STN_MUM_01,Mumbai,MALL,44.4,95.0,90.0,CCS2,120.0,True,45.54,43.07,29.09,31.7,1.089,0.8,1.0,NORMAL,False,False,EVENING,True
CHG_458035B41E,2026-08-08 21:02:35,2026-08-08 21:02:35,2026-08-08 21:40:31,JNY_725265406,USR_46313,STN_BLR_01,Bengaluru,OFFICE,62.2,80.0,65.6,TYPE2_AC,22.0,False,11.68,11.2,35.38,37.93,1.072,0.75,0.0,NORMAL,False,False,NIGHT,True
CHG_11E3E2F9AC,2026-08-08 21:11:45,2026-08-08 21:11:45,2026-08-09 00:10:21,JNY_716395867,USR_83385,STN_BLR_01,Bengaluru,OFFICE,22.1,90.0,72.8,TYPE2_AC,22.0,False,49.43,48.19,164.77,178.61,1.084,0.75,2.0,NORMAL,False,False,NIGHT,True
CHG_B0B36DDB7B,2026-08-08 21:17:50,2026-08-08 21:17:50,2026-08-08 22:03:46,JNY_251171545,USR_16571,STN_JPR_02,Jaipur,HIGHWAY,16.7,85.0,82.7,CCS2,90.0,True,56.48,54.52,43.93,45.94,1.046,0.6,0.0,NORMAL,False,False,NIGHT,True
CHG_2952440639,2026-08-08 21:23:14,2026-08-08 21:23:14,2026-08-08 21:41:05,JNY_306250721,USR_14761,STN_MUM_01,Mumbai,MALL,46.1,80.0,66.0,CCS2,90.0,True,22.37,21.0,16.57,17.86,1.078,0.8,5.0,NORMAL,False,False,NIGHT,True
CHG_8AAA000C48,2026-08-08 21:31:49,2026-08-08 21:31:49,2026-08-09 01:33:00,JNY_814513760,USR_14398,STN_GGN_02,Gurugram,MALL,44.4,90.0,67.0,TYPE2_AC,11.0,False,30.55,29.01,203.68,241.19,1.184,0.6,0.0,MINOR_SLOWDOWN,True,False,NIGHT,True
CHG_6C35881882,2026-08-08 21:34:11,2026-08-08 21:34:11,2026-08-08 22:19:14,JNY_502512163,USR_43590,STN_MUM_01,Mumbai,MALL,16.2,80.0,71.2,CHAdeMO,75.0,True,45.43,43.96,40.38,45.07,1.116,0.8,1.0,NORMAL,False,False,NIGHT,True
CHG_9386DC192A,2026-08-08 21:45:36,2026-08-08 21:45:36,2026-08-08 22:08:38,JNY_706347824,USR_83575,STN_DEL_03,Delhi,HIGHWAY,23.2,80.0,78.1,CCS2,120.0,True,44.36,40.88,24.64,23.05,0.935,0.6,0.0,NORMAL,False,False,NIGHT,True
CHG_855A443574,2026-08-08 21:45:43,2026-08-08 21:45:43,2026-08-08 22:06:29,JNY_501889046,USR_56505,STN_DEL_02,Delhi,OFFICE,43.1,85.0,86.7,CCS2,120.0,True,36.33,35.57,21.19,20.78,0.981,1.0,0.0,NORMAL,False,False,NIGHT,True
CHG_2751A10BAC,2026-08-08 21:49:45,2026-08-08 21:49:45,2026-08-08 22:41:26,JNY_269196476,USR_15821,STN_MUM_01,Mumbai,MALL,25.2,80.0,68.6,CHAdeMO,50.0,True,37.59,35.38,50.12,51.7,1.031,1.0,0.0,NORMAL,False,False,NIGHT,True
CHG_BAAC8CA935,2026-08-08 21:50:15,2026-08-08 21:50:15,2026-08-08 22:11:17,JNY_619287495,USR_64737,STN_BLR_01,Bengaluru,OFFICE,21.1,80.0,64.5,CCS2,120.0,True,37.99,35.9,21.11,21.04,0.997,0.75,0.0,NORMAL,False,False,NIGHT,True
CHG_CC9282F0AF,2026-08-08 21:52:19,2026-08-08 21:52:19,2026-08-08 23:07:42,JNY_212721513,USR_96421,STN_GGN_01,Gurugram,OFFICE,34.4,85.0,86.5,CCS2,90.0,True,43.77,42.72,34.04,75.39,2.215,1.0,0.0,CHARGER_FAULT,True,True,NIGHT,True
CHG_12A3AFBB6B,2026-08-08 21:54:04,2026-08-08 21:54:04,2026-08-09 01:30:00,JNY_707124705,USR_28160,STN_BLR_01,Bengaluru,OFFICE,54.4,90.0,56.2,TYPE2_AC,7.2,False,20.01,19.08,203.78,215.95,1.06,1.0,0.0,NORMAL,False,False,NIGHT,True
CHG_98758247CE,2026-08-08 21:58:02,2026-08-08 21:58:02,2026-08-08 22:20:10,JNY_680810673,USR_36597,STN_DEL_01,Delhi,MALL,41.1,85.0,63.4,CCS2,90.0,True,27.83,26.67,21.65,22.15,1.023,0.6,0.0,NORMAL,False,False,NIGHT,True
CHG_A953B0425E,2026-08-08 22:05:54,2026-08-08 22:05:54,2026-08-09 00:05:24,JNY_689572071,USR_47532,STN_MUM_02,Mumbai,RESIDENTIAL,31.0,90.0,61.9,TYPE2_AC,22.0,False,36.52,34.69,121.74,119.5,0.982,0.75,0.0,NORMAL,False,False,NIGHT,True
CHG_947896C900,2026-08-08 22:17:31,2026-08-08 22:17:31,2026-08-09 00:30:56,JNY_805184923,USR_37428,STN_GGN_01,Gurugram,OFFICE,29.7,85.0,75.2,TYPE2_AC,22.0,False,41.59,39.27,132.32,133.43,1.008,1.0,0.0,NORMAL,False,False,NIGHT,True
CHG_45C43C3289,2026-08-08 22:25:00,2026-08-08 22:25:00,2026-08-08 22:54:10,JNY_961632300,USR_93049,STN_BLR_01,Bengaluru,OFFICE,25.3,80.0,60.4,CHAdeMO,75.0,True,33.04,30.99,29.37,29.17,0.993,1.0,0.0,NORMAL,False,False,NIGHT,True
CHG_F9F2805174,2026-08-08 22:30:40,2026-08-08 22:30:40,2026-08-08 22:41:50,JNY_829060515,USR_43838,STN_MUM_01,Mumbai,MALL,53.1,85.0,78.2,CCS2,150.0,True,24.95,24.09,11.64,11.17,0.959,0.6,0.0,NORMAL,False,False,NIGHT,True
CHG_07BCE4A9D0,2026-08-08 22:47:07,2026-08-08 22:47:07,2026-08-08 23:30:17,JNY_985245053,USR_27992,STN_DEL_02,Delhi,OFFICE,25.3,85.0,88.3,CCS2,90.0,True,52.72,51.16,41.0,43.17,1.053,1.0,0.0,NORMAL,False,False,NIGHT,True
CHG_1E50A810AF,2026-08-08 22:51:36,2026-08-08 22:51:36,2026-08-08 23:13:26,JNY_637594867,USR_72248,STN_GGN_02,Gurugram,MALL,28.1,85.0,71.5,CCS2,120.0,True,40.68,39.78,23.73,21.84,0.92,1.0,0.0,NORMAL,False,False,NIGHT,True
CHG_6676338A48,2026-08-08 22:56:52,2026-08-08 22:56:52,2026-08-09 01:19:58,JNY_399704577,USR_23866,STN_GGN_02,Gurugram,MALL,31.1,85.0,81.7,TYPE2_AC,22.0,False,44.04,42.51,140.12,143.11,1.021,0.8,4.0,NORMAL,False,False,NIGHT,True
CHG_552DF5A4E1,2026-08-08 22:57:36,2026-08-08 22:57:36,2026-08-08 23:32:10,JNY_233390081,USR_73655,STN_BLR_01,Bengaluru,OFFICE,30.2,90.0,75.3,CCS2,90.0,True,45.03,43.05,36.69,34.58,0.942,1.0,0.0,NORMAL,False,False,NIGHT,True
CHG_5F1CC35A82,2026-08-08 22:59:50,2026-08-08 22:59:50,2026-08-08 23:16:52,JNY_550981698,USR_21850,STN_MUM_01,Mumbai,MALL,43.8,85.0,72.9,CCS2,150.0,True,30.03,28.65,14.02,17.04,1.216,1.0,0.0,MINOR_SLOWDOWN,True,False,NIGHT,True
CHG_9C0E30E9C8,2026-08-08 23:00:28,2026-08-08 23:00:28,2026-08-09 01:18:56,JNY_382549624,USR_82965,STN_BLR_01,Bengaluru,OFFICE,33.9,85.0,89.6,TYPE2_AC,22.0,False,45.79,42.77,145.68,138.48,0.951,0.75,0.0,NORMAL,False,False,NIGHT,True
CHG_F796351985,2026-08-08 23:09:34,2026-08-08 23:09:34,2026-08-08 23:37:03,JNY_514389157,USR_49435,STN_BLR_01,Bengaluru,OFFICE,35.1,85.0,87.1,CCS2,120.0,True,43.46,41.88,25.35,27.48,1.084,1.0,0.0,NORMAL,False,False,NIGHT,True
CHG_1B914A7F04,2026-08-08 23:19:48,2026-08-08 23:19:48,2026-08-08 23:31:56,JNY_397927277,USR_52473,STN_DEL_03,Delhi,HIGHWAY,52.0,80.0,59.4,CCS2,90.0,True,16.63,16.11,12.32,12.15,0.986,0.8,0.0,NORMAL,False,False,NIGHT,True
CHG_0EBEA706C1,2026-08-08 23:29:08,2026-08-08 23:29:08,2026-08-08 23:53:32,JNY_868138874,USR_72496,STN_GGN_01,Gurugram,OFFICE,15.2,80.0,70.9,CCS2,120.0,True,45.94,44.38,25.52,24.4,0.956,1.0,0.0,NORMAL,False,False,NIGHT,True
CHG_4B57A767F0,2026-08-08 23:35:06,2026-08-08 23:35:06,2026-08-09 00:06:08,JNY_345753349,USR_82518,STN_DEL_03,Delhi,HIGHWAY,45.7,80.0,76.6,CCS2,60.0,True,26.27,25.44,29.19,31.05,1.063,1.0,0.0,NORMAL,False,False,NIGHT,True
CHG_9AC705138E,2026-08-09 00:05:59,2026-08-09 00:05:59,2026-08-09 00:18:51,JNY_649302295,USR_21307,STN_JPR_02,Jaipur,HIGHWAY,53.0,85.0,71.2,CCS2,120.0,True,22.78,21.88,13.29,12.88,0.969,1.0,0.0,NORMAL,False,False,NIGHT,True
CHG_817BD8ECB8,2026-08-09 00:07:11,2026-08-09 00:07:11,2026-08-09 00:55:08,JNY_265496497,USR_19401,STN_MUM_01,Mumbai,MALL,30.5,90.0,60.0,CCS2,60.0,True,35.7,34.19,43.63,47.96,1.099,1.0,3.0,NORMAL,False,False,NIGHT,True
CHG_A618B38B7E,2026-08-09 00:08:54,2026-08-09 00:08:54,2026-08-09 01:05:18,JNY_280677944,USR_22568,STN_MUM_02,Mumbai,RESIDENTIAL,34.9,85.0,74.2,CHAdeMO,50.0,True,37.17,33.89,52.04,56.41,1.084,0.75,0.0,NORMAL,False,False,NIGHT,True
CHG_D8F040FB35,2026-08-09 01:29:41,2026-08-09 01:29:41,2026-08-09 01:52:42,JNY_423087096,USR_53114,STN_GGN_02,Gurugram,MALL,30.1,90.0,67.5,CCS2,120.0,True,40.43,38.83,24.71,23.03,0.932,0.8,0.0,NORMAL,False,False,NIGHT,True
CHG_B54119F2EB,2026-08-09 02:19:33,2026-08-09 02:19:33,2026-08-09 02:54:55,JNY_548738121,USR_60015,STN_MUM_02,Mumbai,RESIDENTIAL,20.9,95.0,72.6,CCS2,120.0,True,53.8,51.37,34.37,35.38,1.029,1.0,0.0,NORMAL,False,False,NIGHT,True
CHG_B54E2DE4E4,2026-08-09 02:21:56,2026-08-09 02:21:56,2026-08-09 02:36:18,JNY_977972544,USR_38111,STN_DEL_03,Delhi,HIGHWAY,54.8,80.0,70.4,CCS2,90.0,True,17.74,17.04,13.14,14.37,1.094,0.8,0.0,NORMAL,False,False,NIGHT,True
CHG_0E5ACE67ED,2026-08-09 02:46:09,2026-08-09 02:46:09,2026-08-09 03:04:51,JNY_404377365,USR_80091,STN_DEL_03,Delhi,HIGHWAY,45.9,80.0,62.4,CCS2,90.0,True,21.28,20.54,15.76,18.72,1.187,1.0,0.0,MINOR_SLOWDOWN,True,False,NIGHT,True
CHG_92C4CC03D2,2026-08-09 03:18:19,2026-08-09 03:18:19,2026-08-09 03:49:33,JNY_312356216,USR_74194,STN_DEL_03,Delhi,HIGHWAY,33.3,85.0,77.4,CHAdeMO,100.0,True,40.02,39.17,28.01,31.25,1.116,0.8,3.0,NORMAL,False,False,NIGHT,True
CHG_D60F518A00,2026-08-09 03:24:30,2026-08-09 03:24:30,2026-08-09 06:02:15,JNY_730936079,USR_20092,STN_GGN_01,Gurugram,OFFICE,42.7,80.0,62.7,TYPE2_AC,11.0,False,23.39,22.62,141.74,157.76,1.113,1.0,0.0,MINOR_SLOWDOWN,True,False,NIGHT,True
CHG_D77BF3B8E2,2026-08-09 04:05:33,2026-08-09 04:05:33,2026-08-09 04:30:12,JNY_494955281,USR_89991,STN_MUM_01,Mumbai,MALL,39.4,85.0,62.6,CHAdeMO,75.0,True,28.55,26.83,26.64,24.66,0.926,1.0,0.0,NORMAL,False,False,NIGHT,True
CHG_E4A218ECF2,2026-08-09 04:28:04,2026-08-09 04:28:04,2026-08-09 05:52:05,JNY_892316718,USR_19914,STN_BLR_01,Bengaluru,OFFICE,47.6,85.0,65.0,TYPE2_AC,22.0,False,24.31,23.25,77.35,84.03,1.086,1.0,2.0,NORMAL,False,False,NIGHT,True
CHG_C8F4EB7DDF,2026-08-09 05:04:46,2026-08-09 05:04:46,2026-08-09 05:17:16,JNY_152064788,USR_81792,STN_DEL_01,Delhi,MALL,51.4,80.0,68.1,CHAdeMO,100.0,True,19.48,19.1,12.98,12.51,0.963,1.0,0.0,NORMAL,False,False,NIGHT,True
CHG_9C597934AB,2026-08-09 05:15:20,2026-08-09 05:15:20,2026-08-09 05:40:18,JNY_846808677,USR_45252,STN_DEL_01,Delhi,MALL,55.0,85.0,67.3,CCS2,60.0,True,20.19,19.13,23.56,24.97,1.06,1.0,0.0,NORMAL,False,False,NIGHT,True
CHG_AB94795393,2026-08-09 05:24:13,2026-08-09 05:24:13,2026-08-09 09:02:26,JNY_717519101,USR_53822,STN_BLR_01,Bengaluru,OFFICE,17.7,90.0,87.4,TYPE2_AC,22.0,False,63.19,60.05,210.63,218.22,1.036,0.75,0.0,NORMAL,False,False,NIGHT,True
CHG_54C966081D,2026-08-09 05:26:01,2026-08-09 05:26:01,2026-08-09 06:12:42,JNY_769381617,USR_80380,STN_JPR_02,Jaipur,HIGHWAY,35.2,90.0,57.9,CHAdeMO,50.0,True,31.73,30.66,46.54,46.7,1.003,0.4,0.0,NORMAL,False,False,NIGHT,True
CHG_FF4E36FF23,2026-08-09 05:26:55,2026-08-09 05:26:55,2026-08-09 05:42:07,JNY_110348583,USR_17434,STN_DEL_01,Delhi,MALL,49.5,85.0,64.8,CCS2,120.0,True,23.0,21.59,13.42,15.21,1.134,0.6,3.0,NORMAL,False,False,NIGHT,True
CHG_180CCBCB71,2026-08-09 05:36:04,2026-08-09 05:36:04,2026-08-09 06:35:17,JNY_628201222,USR_71753,STN_MUM_02,Mumbai,RESIDENTIAL,31.3,85.0,88.9,CCS2,60.0,True,47.74,46.02,55.7,59.23,1.063,0.75,5.0,NORMAL,False,False,NIGHT,True
CHG_29B0718564,2026-08-09 05:42:10,2026-08-09 05:42:10,2026-08-09 06:10:44,JNY_500633996,USR_43119,STN_DEL_02,Delhi,OFFICE,37.3,85.0,71.2,CCS2,90.0,True,33.96,32.46,26.42,28.57,1.081,1.0,3.0,NORMAL,False,False,NIGHT,True
CHG_A0B2851195,2026-08-09 05:43:33,2026-08-09 05:43:33,2026-08-09 06:15:26,JNY_883819303,USR_80152,STN_GGN_02,Gurugram,MALL,20.0,95.0,63.5,CCS2,120.0,True,47.62,45.15,30.43,31.9,1.048,0.8,0.0,NORMAL,False,False,NIGHT,True
CHG_D41590E84D,2026-08-09 05:44:11,2026-08-09 05:44:11,2026-08-09 06:07:01,JNY_410652921,USR_27273,STN_DEL_01,Delhi,MALL,51.2,90.0,77.5,CHAdeMO,100.0,True,30.07,29.79,22.05,22.85,1.036,0.8,0.0,NORMAL,False,False,NIGHT,True
CHG_137EDCB05F,2026-08-09 05:48:06,2026-08-09 05:48:06,2026-08-09 08:31:16,JNY_459014077,USR_63359,STN_DEL_03,Delhi,HIGHWAY,34.1,90.0,78.2,TYPE2_AC,22.0,False,43.71,42.06,145.71,163.17,1.12,1.0,4.0,NORMAL,False,False,NIGHT,True
CHG_4987B7BEC2,2026-08-09 05:48:19,2026-08-09 05:48:19,2026-08-09 06:20:34,JNY_833757100,USR_21459,STN_GGN_01,Gurugram,OFFICE,30.5,90.0,57.1,CHAdeMO,75.0,True,33.97,33.02,33.22,32.25,0.971,1.0,2.0,NORMAL,False,False,NIGHT,True
CHG_940588A7C7,2026-08-09 05:51:20,2026-08-09 05:51:20,2026-08-09 06:39:10,JNY_684321088,USR_95922,STN_MUM_02,Mumbai,RESIDENTIAL,34.7,80.0,79.4,CHAdeMO,50.0,True,35.97,34.42,47.96,47.84,0.997,0.75,2.0,NORMAL,False,False,NIGHT,True
CHG_A001F74F3C,2026-08-09 05:51:37,2026-08-09 05:51:37,2026-08-09 06:22:26,JNY_185384247,USR_44183,STN_GGN_01,Gurugram,OFFICE,33.0,85.0,83.0,CCS2,120.0,True,43.16,40.41,25.18,30.82,1.224,0.75,0.0,MINOR_SLOWDOWN,True,False,NIGHT,True
CHG_FFC6B1F3E5,2026-08-09 06:05:35,2026-08-09 06:05:35,2026-08-09 11:22:49,JNY_395986367,USR_14568,STN_MUM_01,Mumbai,MALL,17.3,80.0,89.2,TYPE2_AC,11.0,False,55.93,53.09,338.96,317.24,0.936,0.8,0.0,NORMAL,False,False,MORNING,True
CHG_7127BB78DD,2026-08-09 06:06:04,2026-08-09 06:06:04,2026-08-09 08:12:11,JNY_364950760,USR_27333,STN_JPR_01,Jaipur,MALL,39.3,85.0,78.7,TYPE2_AC,22.0,False,35.97,34.49,114.44,126.13,1.102,0.4,0.0,NORMAL,False,False,MORNING,True
CHG_166C3DB40A,2026-08-09 06:07:04,2026-08-09 06:07:04,2026-08-09 06:20:18,JNY_888406517,USR_51398,STN_BLR_01,Bengaluru,OFFICE,31.1,85.0,56.3,CCS2,150.0,True,30.35,29.53,14.16,13.25,0.935,0.75,0.0,NORMAL,False,False,MORNING,True
CHG_FAC2B667A6,2026-08-09 06:08:44,2026-08-09 06:08:44,2026-08-09 06:23:45,JNY_417300772,USR_61343,STN_JPR_01,Jaipur,MALL,46.9,85.0,66.4,CCS2,120.0,True,25.3,24.57,14.76,15.02,1.018,0.6,0.0,NORMAL,False,False,MORNING,True
CHG_27958DBEF1,2026-08-09 06:09:52,2026-08-09 06:09:52,2026-08-09 06:36:02,JNY_891904392,USR_30101,STN_MUM_02,Mumbai,RESIDENTIAL,54.9,80.0,76.4,CCS2,60.0,True,19.18,18.52,21.31,26.17,1.228,0.25,7.0,NORMAL,False,False,MORNING,True
CHG_8283252C15,2026-08-09 06:09:55,2026-08-09 06:09:55,2026-08-09 07:06:56,JNY_707954793,USR_18802,STN_BLR_01,Bengaluru,OFFICE,31.2,85.0,75.3,CHAdeMO,50.0,True,40.51,38.61,56.72,57.03,1.006,1.0,5.0,NORMAL,False,False,MORNING,True
CHG_C6977307B2,2026-08-09 06:11:47,2026-08-09 06:11:47,2026-08-09 10:54:51,JNY_706476289,USR_29049,STN_MUM_02,Mumbai,RESIDENTIAL,29.4,80.0,75.0,TYPE2_AC,11.0,False,37.95,36.62,230.0,283.07,1.231,0.25,4.0,NORMAL,False,False,MORNING,True
CHG_8058338229,2026-08-09 06:16:32,2026-08-09 06:16:32,2026-08-09 06:44:33,JNY_788998595,USR_76840,STN_DEL_03,Delhi,HIGHWAY,37.7,80.0,70.5,CHAdeMO,75.0,True,29.82,28.54,26.51,28.03,1.058,0.4,3.0,NORMAL,False,False,MORNING,True
CHG_1DA9066C2C,2026-08-09 06:23:15,2026-08-09 06:23:15,2026-08-09 06:50:43,JNY_450968777,USR_42342,STN_DEL_03,Delhi,HIGHWAY,23.4,80.0,82.3,CCS2,120.0,True,46.58,43.75,25.88,27.47,1.062,0.8,0.0,NORMAL,False,False,MORNING,True
CHG_F14458256C,2026-08-09 06:42:28,2026-08-09 06:42:28,2026-08-09 09:10:53,JNY_959287590,USR_61058,STN_MUM_02,Mumbai,RESIDENTIAL,39.5,85.0,68.1,TYPE2_AC,22.0,False,30.99,29.32,98.59,148.43,1.506,0.0,15.0,NORMAL,False,True,MORNING,True
CHG_CDDDDCB540,2026-08-09 06:43:01,2026-08-09 06:43:01,2026-08-09 07:07:29,JNY_866651797,USR_67566,STN_BLR_01,Bengaluru,OFFICE,18.4,80.0,80.0,CCS2,150.0,True,49.28,47.18,21.9,24.48,1.118,0.75,3.0,NORMAL,False,False,MORNING,True
CHG_ECEDA7B22F,2026-08-09 06:43:29,2026-08-09 06:43:29,2026-08-09 08:58:52,JNY_428470689,USR_25943,STN_GGN_01,Gurugram,OFFICE,58.7,85.0,81.5,TYPE2_AC,11.0,False,21.43,20.96,136.4,135.39,0.993,1.0,2.0,NORMAL,False,False,MORNING,True
CHG_1C796725B0,2026-08-09 06:47:05,2026-08-09 06:47:05,2026-08-09 06:57:44,JNY_695125121,USR_79810,STN_BLR_01,Bengaluru,OFFICE,59.7,80.0,70.7,CCS2,90.0,True,14.35,13.57,10.63,10.65,1.002,1.0,0.0,NORMAL,False,False,MORNING,True
CHG_3B3D085C41,2026-08-09 06:53:24,2026-08-09 06:53:24,2026-08-09 11:42:22,JNY_946260990,USR_11743,STN_BLR_01,Bengaluru,OFFICE,13.9,90.0,57.9,TYPE2_AC,22.0,False,44.06,40.89,146.87,288.97,1.967,0.75,0.0,CHARGER_FAULT,True,True,MORNING,True
CHG_948088D1DE,2026-08-09 07:10:05,2026-08-09 07:10:05,2026-08-09 07:28:35,JNY_933634807,USR_85265,STN_DEL_02,Delhi,OFFICE,17.7,80.0,66.2,CCS2,150.0,True,41.24,39.11,18.33,18.51,1.01,0.75,0.0,NORMAL,False,False,MORNING,True
CHG_4C6156D0BF,2026-08-09 07:25:20,2026-08-09 07:25:20,2026-08-09 07:45:15,JNY_691118531,USR_91718,STN_DEL_02,Delhi,OFFICE,36.7,90.0,65.0,CCS2,120.0,True,34.65,33.83,21.17,19.93,0.941,0.75,0.0,NORMAL,False,False,MORNING,True
CHG_1862633AB0,2026-08-09 07:28:54,2026-08-09 07:28:54,2026-08-09 13:28:54,JNY_768592641,USR_83980,STN_JPR_02,Jaipur,HIGHWAY,34.1,85.0,82.3,TYPE2_AC,7.2,False,41.89,40.14,407.27,360.0,0.884,0.8,0.0,NORMAL,False,False,MORNING,True
CHG_37ED04CC19,2026-08-09 07:29:34,2026-08-09 07:29:34,2026-08-09 08:01:30,JNY_961563785,USR_38280,STN_MUM_02,Mumbai,RESIDENTIAL,44.5,80.0,69.7,CHAdeMO,50.0,True,24.74,23.36,32.99,31.95,0.968,0.5,0.0,NORMAL,False,False,MORNING,True
CHG_54C4F3614F,2026-08-09 07:40:09,2026-08-09 07:40:09,2026-08-09 11:12:31,JNY_858101867,USR_82559,STN_DEL_03,Delhi,HIGHWAY,49.6,90.0,66.4,TYPE2_AC,11.0,False,26.83,25.77,178.84,212.38,1.188,0.8,0.0,MINOR_SLOWDOWN,True,False,MORNING,True
CHG_2F3F4A5BA0,2026-08-09 07:56:35,2026-08-09 07:56:35,2026-08-09 08:47:14,JNY_462202126,USR_48855,STN_BLR_01,Bengaluru,OFFICE,36.3,90.0,69.1,CCS2,60.0,True,37.11,35.81,45.35,50.65,1.117,1.0,2.0,NORMAL,False,False,MORNING,True
CHG_F808259907,2026-08-09 07:57:17,2026-08-09 07:57:17,2026-08-09 08:18:44,JNY_507570283,USR_31685,STN_BLR_01,Bengaluru,OFFICE,37.9,80.0,70.3,CCS2,90.0,True,29.6,28.15,21.92,21.46,0.979,0.75,0.0,NORMAL,False,False,MORNING,True
CHG_2AFD68F128,2026-08-09 08:00:46,2026-08-09 08:00:46,2026-08-09 08:31:08,JNY_715577917,USR_56866,STN_DEL_03,Delhi,HIGHWAY,27.4,85.0,67.5,CCS2,120.0,True,38.88,38.24,22.68,30.37,1.339,0.4,8.0,MINOR_SLOWDOWN,True,False,MORNING,True
CHG_8EBF295E47,2026-08-09 08:09:19,2026-08-09 08:09:19,2026-08-09 10:50:09,JNY_645876152,USR_69315,STN_DEL_02,Delhi,OFFICE,30.5,80.0,89.0,TYPE2_AC,22.0,False,44.05,41.66,133.5,160.85,1.205,0.5,11.0,NORMAL,False,False,MORNING,True
CHG_1107086103,2026-08-09 08:11:04,2026-08-09 08:11:04,2026-08-09 11:20:27,JNY_413662505,USR_76887,STN_JPR_02,Jaipur,HIGHWAY,34.6,80.0,62.8,TYPE2_AC,11.0,False,28.51,27.8,172.8,189.39,1.096,0.4,0.0,NORMAL,False,False,MORNING,True
CHG_1208047E5D,2026-08-09 08:14:38,2026-08-09 08:14:38,2026-08-09 09:17:06,JNY_403358658,USR_39545,STN_MUM_01,Mumbai,MALL,17.5,80.0,88.0,CCS2,60.0,True,55.0,52.3,61.11,62.48,1.022,0.4,0.0,NORMAL,False,False,MORNING,True
CHG_1C656EC0D8,2026-08-09 08:20:18,2026-08-09 08:20:18,2026-08-09 08:39:56,JNY_252141001,USR_89814,STN_GGN_01,Gurugram,OFFICE,27.6,85.0,58.2,CCS2,120.0,True,33.41,31.56,19.49,19.65,1.008,1.0,0.0,NORMAL,False,False,MORNING,True
CHG_996FE5329A,2026-08-09 08:24:02,2026-08-09 08:24:02,2026-08-09 09:36:41,JNY_450286004,USR_62668,STN_DEL_01,Delhi,MALL,31.0,90.0,81.1,CCS2,60.0,True,47.85,46.36,58.48,72.66,1.242,0.4,8.0,NORMAL,False,False,MORNING,True
CHG_03952EAD7E,2026-08-09 08:25:45,2026-08-09 08:25:45,2026-08-09 14:25:45,JNY_306225124,USR_79199,STN_GGN_02,Gurugram,MALL,16.3,85.0,83.8,TYPE2_AC,11.0,False,57.57,55.88,366.36,360.0,0.983,0.6,0.0,NORMAL,False,False,MORNING,True
CHG_95EF51AB2D,2026-08-09 08:30:04,2026-08-09 08:30:04,2026-08-09 08:55:02,JNY_960929040,USR_48325,STN_MUM_01,Mumbai,MALL,30.0,80.0,78.3,CCS2,120.0,True,39.15,37.87,21.75,24.98,1.149,0.2,2.0,NORMAL,False,False,MORNING,True
CHG_C1234D1B0B,2026-08-09 08:31:17,2026-08-09 08:31:17,2026-08-09 14:31:17,JNY_501035796,USR_94412,STN_GGN_02,Gurugram,MALL,34.0,85.0,88.1,TYPE2_AC,7.2,False,44.93,43.2,436.83,360.0,0.824,0.4,0.0,NORMAL,False,False,MORNING,True
CHG_F14611BC8D,2026-08-09 08:31:32,2026-08-09 08:31:32,2026-08-09 08:44:00,JNY_860706758,USR_36854,STN_DEL_01,Delhi,MALL,60.6,85.0,68.1,CCS2,90.0,True,16.62,15.77,12.92,12.47,0.965,0.6,0.0,NORMAL,False,False,MORNING,True
CHG_75F55C2118,2026-08-09 08:36:34,2026-08-09 08:36:34,2026-08-09 09:06:16,JNY_522027748,USR_63060,STN_DEL_01,Delhi,MALL,33.7,90.0,62.2,CCS2,90.0,True,35.02,33.15,28.53,29.7,1.041,0.6,0.0,NORMAL,False,False,MORNING,True
CHG_C6279A7B5B,2026-08-09 08:39:40,2026-08-09 08:39:40,2026-08-09 14:39:40,JNY_827738115,USR_59272,STN_DEL_01,Delhi,MALL,19.9,85.0,66.2,TYPE2_AC,7.2,False,43.1,41.58,418.99,360.0,0.859,0.4,0.0,NORMAL,False,False,MORNING,True
CHG_D53F87D700,2026-08-09 08:39:55,2026-08-09 08:39:55,2026-08-09 09:24:28,JNY_275734421,USR_32507,STN_MUM_02,Mumbai,RESIDENTIAL,17.0,80.0,88.0,CCS2,90.0,True,55.44,53.53,41.07,44.56,1.085,1.0,0.0,NORMAL,False,False,MORNING,True
CHG_D03F0213CC,2026-08-09 08:39:59,2026-08-09 08:39:59,2026-08-09 09:06:36,JNY_638661133,USR_73048,STN_GGN_02,Gurugram,MALL,17.4,85.0,67.7,CCS2,120.0,True,45.77,44.02,26.7,26.63,0.997,0.8,0.0,NORMAL,False,False,MORNING,True
CHG_BD8E68B971,2026-08-09 08:41:04,2026-08-09 08:41:04,2026-08-09 09:14:32,JNY_408389187,USR_83121,STN_DEL_01,Delhi,MALL,22.5,80.0,67.0,CHAdeMO,75.0,True,38.52,36.98,34.24,33.48,0.978,0.6,0.0,NORMAL,False,False,MORNING,True
CHG_E4FB94443B,2026-08-09 08:45:12,2026-08-09 08:45:12,2026-08-09 09:00:12,JNY_151251614,USR_29586,STN_GGN_01,Gurugram,OFFICE,42.7,80.0,83.3,CCS2,150.0,True,31.07,29.98,13.81,15.0,1.086,0.75,2.0,NORMAL,False,False,MORNING,True
CHG_6E4267717A,2026-08-09 08:53:21,2026-08-09 08:53:21,2026-08-09 12:07:51,JNY_295229604,USR_92018,STN_BLR_01,Bengaluru,OFFICE,31.8,95.0,78.5,TYPE2_AC,22.0,False,49.61,46.55,172.89,194.5,1.125,0.5,0.0,NORMAL,False,False,MORNING,True
CHG_A507EB0DC1,2026-08-09 08:56:43,2026-08-09 08:56:43,2026-08-09 09:26:14,JNY_552201975,USR_35012,STN_DEL_03,Delhi,HIGHWAY,54.8,85.0,68.0,CHAdeMO,75.0,True,20.54,19.93,19.17,29.52,1.54,0.6,3.0,POWER_LIMITATION,True,True,MORNING,True
CHG_4B5F1F6538,2026-08-09 08:57:57,2026-08-09 08:57:57,2026-08-09 11:27:17,JNY_532752439,USR_69742,STN_JPR_02,Jaipur,HIGHWAY,61.3,90.0,69.3,TYPE2_AC,11.0,False,19.89,19.23,132.59,149.34,1.126,0.4,0.0,NORMAL,False,False,MORNING,True
CHG_34CF4CE024,2026-08-09 08:59:17,2026-08-09 08:59:17,2026-08-09 10:49:22,JNY_267284325,USR_57320,STN_DEL_03,Delhi,HIGHWAY,43.5,80.0,90.0,TYPE2_AC,22.0,False,32.85,31.94,99.55,110.09,1.106,0.2,3.0,NORMAL,False,False,MORNING,True
CHG_A8F9D4D2B3,2026-08-09 09:01:32,2026-08-09 09:01:32,2026-08-09 09:23:10,JNY_510299702,USR_97692,STN_BLR_01,Bengaluru,OFFICE,29.3,80.0,80.8,CCS2,120.0,True,40.97,39.53,22.76,21.64,0.951,0.75,0.0,NORMAL,False,False,MORNING,True
CHG_FCB1CE9386,2026-08-09 09:02:50,2026-08-09 09:02:50,2026-08-09 09:23:43,JNY_655911554,USR_63861,STN_GGN_01,Gurugram,OFFICE,40.9,85.0,57.4,CCS2,90.0,True,25.31,24.01,19.69,20.9,1.062,1.0,0.0,NORMAL,False,False,MORNING,True
CHG_85FA7E63E1,2026-08-09 09:03:41,2026-08-09 09:03:41,2026-08-09 09:38:47,JNY_642264648,USR_77907,STN_DEL_01,Delhi,MALL,35.6,90.0,60.6,CCS2,90.0,True,32.97,31.58,26.86,35.1,1.307,0.4,9.0,NORMAL,False,False,MORNING,True
CHG_64099F467A,2026-08-09 09:09:36,2026-08-09 09:09:36,2026-08-09 09:50:21,JNY_283817536,USR_29922,STN_GGN_01,Gurugram,OFFICE,16.4,85.0,80.6,CCS2,120.0,True,55.29,53.21,32.25,40.76,1.264,0.25,6.0,NORMAL,False,False,MORNING,True
CHG_C92F73233C,2026-08-09 09:11:56,2026-08-09 09:11:56,2026-08-09 10:16:04,JNY_801232136,USR_25988,STN_GGN_02,Gurugram,MALL,12.4,80.0,64.3,CHAdeMO,50.0,True,43.47,41.82,57.96,64.14,1.107,0.4,8.0,NORMAL,False,False,MORNING,True
CHG_0DF1F0548F,2026-08-09 09:14:54,2026-08-09 09:14:54,2026-08-09 09:40:03,JNY_666412091,USR_27583,STN_MUM_02,Mumbai,RESIDENTIAL,21.7,90.0,55.8,CCS2,120.0,True,38.11,36.77,23.29,25.16,1.08,0.75,0.0,NORMAL,False,False,MORNING,True
CHG_A69C0ECB7B,2026-08-09 09:18:53,2026-08-09 09:18:53,2026-08-09 09:52:31,JNY_170317207,USR_47906,STN_MUM_01,Mumbai,MALL,46.3,95.0,88.2,CHAdeMO,100.0,True,42.95,42.45,32.93,33.64,1.022,0.8,0.0,NORMAL,False,False,MORNING,True
CHG_33F48DA632,2026-08-09 09:25:21,2026-08-09 09:25:21,2026-08-09 10:47:23,JNY_262707427,USR_92071,STN_JPR_01,Jaipur,MALL,31.6,90.0,80.7,CHAdeMO,50.0,True,47.13,45.63,69.12,82.05,1.187,0.8,5.0,NORMAL,False,False,MORNING,True
CHG_6DEFCB56A8,2026-08-09 09:28:09,2026-08-09 09:28:09,2026-08-09 10:08:32,JNY_886568733,USR_30987,STN_MUM_01,Mumbai,MALL,24.6,85.0,81.8,CHAdeMO,100.0,True,49.41,47.19,34.59,40.4,1.168,0.6,0.0,MINOR_SLOWDOWN,True,False,MORNING,True
CHG_90A368A0E3,2026-08-09 09:29:44,2026-08-09 09:29:44,2026-08-09 11:28:46,JNY_501870185,USR_78832,STN_JPR_01,Jaipur,MALL,35.8,85.0,72.5,TYPE2_AC,22.0,False,35.67,34.25,113.5,119.03,1.049,0.8,0.0,NORMAL,False,False,MORNING,True
CHG_52A6FA3607,2026-08-09 09:32:23,2026-08-09 09:32:23,2026-08-09 10:03:12,JNY_239786204,USR_50112,STN_MUM_01,Mumbai,MALL,26.5,85.0,84.5,CCS2,120.0,True,49.43,47.6,28.84,30.83,1.069,0.6,0.0,NORMAL,False,False,MORNING,True
CHG_E5A9C81849,2026-08-09 09:32:50,2026-08-09 09:32:50,2026-08-09 10:00:41,JNY_411170717,USR_89492,STN_DEL_03,Delhi,HIGHWAY,26.7,85.0,63.5,CCS2,120.0,True,37.02,35.75,21.6,27.86,1.29,0.2,5.0,NORMAL,False,False,MORNING,True
CHG_3A49CA7235,2026-08-09 09:35:47,2026-08-09 09:35:47,2026-08-09 10:28:05,JNY_812779186,USR_37258,STN_DEL_01,Delhi,MALL,18.7,85.0,56.9,CHAdeMO,50.0,True,37.72,34.99,52.81,52.3,0.99,0.6,0.0,NORMAL,False,False,MORNING,True
CHG_EC4E299F0B,2026-08-09 09:41:33,2026-08-09 09:41:33,2026-08-09 10:37:13,JNY_367752021,USR_52409,STN_DEL_03,Delhi,HIGHWAY,14.4,85.0,67.5,CCS2,90.0,True,47.66,45.02,37.07,55.68,1.502,0.2,15.0,NORMAL,False,True,MORNING,True
CHG_EC3FF1284E,2026-08-09 09:45:14,2026-08-09 09:45:14,2026-08-09 10:14:09,JNY_787934023,USR_14084,STN_JPR_01,Jaipur,MALL,41.4,90.0,74.9,CCS2,120.0,True,36.4,34.26,22.25,28.93,1.301,0.4,0.0,MINOR_SLOWDOWN,True,False,MORNING,True
CHG_C226B2906E,2026-08-09 09:46:50,2026-08-09 09:46:50,2026-08-09 10:06:48,JNY_684210156,USR_91171,STN_BLR_01,Bengaluru,OFFICE,42.5,85.0,75.1,CCS2,120.0,True,31.92,30.98,18.62,19.98,1.073,0.5,0.0,NORMAL,False,False,MORNING,True
CHG_4656FCDDA1,2026-08-09 09:51:23,2026-08-09 09:51:23,2026-08-09 11:09:41,JNY_825865931,USR_40745,STN_DEL_03,Delhi,HIGHWAY,35.8,85.0,77.3,CHAdeMO,50.0,True,38.03,36.21,53.24,78.31,1.471,0.2,19.0,NORMAL,False,False,MORNING,True
CHG_93EE922C51,2026-08-09 09:51:59,2026-08-09 09:51:59,2026-08-09 12:46:55,JNY_624934489,USR_76554,STN_MUM_01,Mumbai,MALL,42.6,80.0,70.8,TYPE2_AC,11.0,False,26.48,25.8,160.48,174.94,1.09,1.0,0.0,NORMAL,False,False,MORNING,True
CHG_866E35481F,2026-08-09 09:59:40,2026-08-09 09:59:40,2026-08-09 11:58:43,JNY_671338567,USR_39941,STN_MUM_01,Mumbai,MALL,31.6,80.0,70.9,TYPE2_AC,22.0,False,34.32,33.44,103.99,119.06,1.145,0.4,0.0,NORMAL,False,False,MORNING,True
CHG_3B42275DA1,2026-08-09 10:00:49,2026-08-09 10:00:49,2026-08-09 10:13:05,JNY_421081016,USR_16543,STN_GGN_01,Gurugram,OFFICE,49.8,80.0,70.8,CCS2,120.0,True,21.38,20.51,11.88,12.27,1.033,0.5,0.0,NORMAL,False,False,MORNING,True
CHG_E2731C24AA,2026-08-09 10:01:53,2026-08-09 10:01:53,2026-08-09 10:31:48,JNY_367734701,USR_44455,STN_BLR_01,Bengaluru,OFFICE,40.0,85.0,73.6,CCS2,90.0,True,33.12,31.07,25.76,29.92,1.162,0.5,4.0,NORMAL,False,False,MORNING,True
CHG_15DBD67997,2026-08-09 10:01:54,2026-08-09 10:01:54,2026-08-09 10:19:33,JNY_179157607,USR_40661,STN_DEL_02,Delhi,OFFICE,57.3,85.0,79.1,CCS2,120.0,True,21.91,21.12,12.78,17.66,1.382,0.5,4.0,MINOR_SLOWDOWN,True,False,MORNING,True
CHG_5B1CFC31C8,2026-08-09 10:04:35,2026-08-09 10:04:35,2026-08-09 10:32:22,JNY_522458886,USR_94442,STN_BLR_01,Bengaluru,OFFICE,27.7,80.0,88.6,CCS2,120.0,True,46.34,45.36,25.74,27.79,1.079,0.5,0.0,NORMAL,False,False,MORNING,True
CHG_5858EC42F4,2026-08-09 10:04:43,2026-08-09 10:04:43,2026-08-09 10:49:30,JNY_833291614,USR_89565,STN_MUM_02,Mumbai,RESIDENTIAL,13.7,90.0,59.7,CCS2,90.0,True,45.55,43.32,37.12,44.79,1.207,0.5,0.0,MINOR_SLOWDOWN,True,False,MORNING,True
CHG_EFF88F93CA,2026-08-09 10:13:14,2026-08-09 10:13:14,2026-08-09 16:13:14,JNY_236426342,USR_35727,STN_JPR_01,Jaipur,MALL,38.9,90.0,88.2,TYPE2_AC,7.2,False,45.07,42.47,459.05,360.0,0.784,0.6,0.0,NORMAL,False,False,MORNING,True
CHG_32B7112F84,2026-08-09 10:15:06,2026-08-09 10:15:06,2026-08-09 10:43:31,JNY_294128406,USR_29850,STN_JPR_02,Jaipur,HIGHWAY,21.3,85.0,86.3,CCS2,150.0,True,54.97,52.79,25.65,28.42,1.108,0.4,0.0,NORMAL,False,False,MORNING,True
CHG_A9428786CC,2026-08-09 10:19:05,2026-08-09 10:19:05,2026-08-09 10:46:53,JNY_231251196,USR_40921,STN_DEL_02,Delhi,OFFICE,35.0,85.0,90.0,CCS2,120.0,True,45.0,43.2,26.25,27.8,1.059,1.0,0.0,NORMAL,False,False,MORNING,True
CHG_80314BAFD4,2026-08-09 10:22:17,2026-08-09 10:22:17,2026-08-09 11:06:04,JNY_412455601,USR_10767,STN_GGN_01,Gurugram,OFFICE,34.4,85.0,77.5,CHAdeMO,75.0,True,39.22,38.24,36.6,43.79,1.196,0.5,10.0,NORMAL,False,False,MORNING,True
CHG_625EF8D0D1,2026-08-09 10:24:53,2026-08-09 10:24:53,2026-08-09 10:55:09,JNY_522326442,USR_67327,STN_MUM_01,Mumbai,MALL,20.9,90.0,73.4,CCS2,150.0,True,50.72,48.27,24.8,30.27,1.221,0.4,9.0,NORMAL,False,False,MORNING,True
CHG_8262BEC70B,2026-08-09 10:26:58,2026-08-09 10:26:58,2026-08-09 10:48:06,JNY_587327076,USR_23177,STN_GGN_01,Gurugram,OFFICE,55.8,85.0,75.6,CCS2,90.0,True,22.08,20.71,17.17,21.15,1.232,0.25,2.0,NORMAL,False,False,MORNING,True
CHG_00D50D1308,2026-08-09 10:27:00,2026-08-09 10:27:00,2026-08-09 11:32:33,JNY_977953210,USR_82439,STN_MUM_02,Mumbai,RESIDENTIAL,24.5,95.0,64.4,CHAdeMO,50.0,True,45.4,43.55,69.62,65.55,0.942,1.0,0.0,NORMAL,False,False,MORNING,True
CHG_4EFD6EBF77,2026-08-09 10:29:13,2026-08-09 10:29:13,2026-08-09 11:04:19,JNY_784120026,USR_80450,STN_MUM_02,Mumbai,RESIDENTIAL,17.9,80.0,74.1,CCS2,90.0,True,46.02,43.53,34.09,35.1,1.03,0.75,5.0,NORMAL,False,False,MORNING,True
CHG_3ECDB8EE47,2026-08-09 10:30:29,2026-08-09 10:30:29,2026-08-09 11:22:13,JNY_252526881,USR_65884,STN_MUM_01,Mumbai,MALL,20.8,80.0,83.7,CCS2,60.0,True,49.55,47.8,55.06,51.74,0.94,0.6,0.0,NORMAL,False,False,MORNING,True
CHG_E3E57981FE,2026-08-09 10:30:43,2026-08-09 10:30:43,2026-08-09 11:32:45,JNY_695624866,USR_24194,STN_BLR_01,Bengaluru,OFFICE,14.9,90.0,74.6,CHAdeMO,75.0,True,56.02,53.0,54.78,62.05,1.133,0.5,0.0,NORMAL,False,False,MORNING,True
CHG_FE71D9B37D,2026-08-09 10:31:22,2026-08-09 10:31:22,2026-08-09 12:02:44,JNY_953694311,USR_59506,STN_MUM_02,Mumbai,RESIDENTIAL,18.2,95.0,68.2,CHAdeMO,50.0,True,52.38,51.04,80.31,91.38,1.138,1.0,4.0,NORMAL,False,False,MORNING,True
CHG_54493AA981,2026-08-09 10:31:45,2026-08-09 10:31:45,2026-08-09 10:54:53,JNY_119231640,USR_77912,STN_BLR_01,Bengaluru,OFFICE,44.7,80.0,90.0,CCS2,90.0,True,31.77,31.31,23.53,23.14,0.983,0.5,0.0,NORMAL,False,False,MORNING,True
CHG_1A6A605EC9,2026-08-09 10:34:13,2026-08-09 10:34:13,2026-08-09 11:15:27,JNY_178395038,USR_87615,STN_DEL_01,Delhi,MALL,26.6,80.0,83.6,CCS2,90.0,True,44.64,43.19,33.07,41.24,1.247,0.6,0.0,MINOR_SLOWDOWN,True,False,MORNING,True
CHG_154D9BB4C4,2026-08-09 10:35:08,2026-08-09 10:35:08,2026-08-09 12:17:13,JNY_901481030,USR_72463,STN_JPR_01,Jaipur,MALL,59.5,80.0,69.8,TYPE2_AC,11.0,False,14.31,13.69,86.72,102.09,1.177,0.4,5.0,NORMAL,False,False,MORNING,True
CHG_C803ACBA11,2026-08-09 10:40:41,2026-08-09 10:40:41,2026-08-09 11:20:20,JNY_534795464,USR_95024,STN_MUM_01,Mumbai,MALL,20.3,85.0,74.9,CCS2,90.0,True,48.46,46.88,37.69,39.65,1.052,0.6,0.0,NORMAL,False,False,MORNING,True
CHG_9502DA8C15,2026-08-09 10:42:52,2026-08-09 10:42:52,2026-08-09 15:49:46,JNY_717819653,USR_93709,STN_DEL_01,Delhi,MALL,28.5,85.0,68.9,TYPE2_AC,11.0,False,38.93,36.79,247.73,306.9,1.239,0.8,0.0,MINOR_SLOWDOWN,True,False,MORNING,True
CHG_E1A49CAF8D,2026-08-09 10:43:56,2026-08-09 10:43:56,2026-08-09 11:10:19,JNY_446504126,USR_55717,STN_JPR_02,Jaipur,HIGHWAY,30.9,85.0,75.7,CHAdeMO,100.0,True,40.95,38.96,28.67,26.39,0.921,0.8,0.0,NORMAL,False,False,MORNING,True
CHG_9D81FF499A,2026-08-09 10:50:07,2026-08-09 10:50:07,2026-08-09 12:58:37,JNY_372913310,USR_80411,STN_JPR_02,Jaipur,HIGHWAY,19.1,85.0,64.0,TYPE2_AC,22.0,False,42.18,39.99,134.2,128.51,0.958,0.8,0.0,NORMAL,False,False,MORNING,True
CHG_B18D6EE544,2026-08-09 10:54:11,2026-08-09 10:54:11,2026-08-09 11:57:59,JNY_843336278,USR_23930,STN_BLR_01,Bengaluru,OFFICE,20.5,85.0,87.1,CHAdeMO,75.0,True,56.18,53.63,52.43,63.81,1.217,0.25,5.0,NORMAL,False,False,MORNING,True
CHG_BE00AC874B,2026-08-09 10:54:42,2026-08-09 10:54:42,2026-08-09 16:54:42,JNY_487996658,USR_79626,STN_BLR_01,Bengaluru,OFFICE,27.7,90.0,88.2,TYPE2_AC,7.2,False,54.95,53.68,559.66,360.0,0.643,0.25,9.0,NORMAL,False,False,MORNING,True
CHG_738360B16C,2026-08-09 10:56:03,2026-08-09 10:56:03,2026-08-09 11:31:58,JNY_314033096,USR_86889,STN_DEL_03,Delhi,HIGHWAY,26.1,90.0,72.0,CCS2,120.0,True,46.01,44.11,28.12,35.92,1.278,0.4,10.0,NORMAL,False,False,MORNING,True
CHG_F32C079F5B,2026-08-09 10:59:50,2026-08-09 10:59:50,2026-08-09 11:18:53,JNY_249270583,USR_50593,STN_BLR_01,Bengaluru,OFFICE,28.9,80.0,64.4,CCS2,150.0,True,32.91,31.27,14.63,19.06,1.303,0.5,0.0,MINOR_SLOWDOWN,True,False,MORNING,True
CHG_1D51E385BF,2026-08-09 11:00:18,2026-08-09 11:00:18,2026-08-09 11:39:32,JNY_842924188,USR_39321,STN_GGN_02,Gurugram,MALL,36.1,95.0,80.7,CCS2,90.0,True,47.53,45.83,40.49,39.25,0.969,0.6,0.0,NORMAL,False,False,MORNING,True
CHG_086395977E,2026-08-09 11:00:35,2026-08-09 11:00:35,2026-08-09 11:22:17,JNY_892090531,USR_76950,STN_MUM_02,Mumbai,RESIDENTIAL,43.3,80.0,71.5,CCS2,90.0,True,26.24,24.34,19.44,21.71,1.117,1.0,5.0,NORMAL,False,False,MORNING,True
CHG_8F56C2BCC1,2026-08-09 11:01:51,2026-08-09 11:01:51,2026-08-09 11:35:57,JNY_688102791,USR_63191,STN_MUM_02,Mumbai,RESIDENTIAL,41.2,90.0,80.3,CCS2,90.0,True,39.19,37.56,31.93,34.1,1.068,1.0,0.0,NORMAL,False,False,MORNING,True
CHG_0425D15941,2026-08-09 11:02:38,2026-08-09 11:02:38,2026-08-09 15:41:25,JNY_249328828,USR_27968,STN_DEL_01,Delhi,MALL,37.6,80.0,69.6,TYPE2_AC,7.2,False,29.51,28.42,273.24,278.8,1.02,0.8,0.0,NORMAL,False,False,MORNING,True
CHG_0261975B63,2026-08-09 11:10:56,2026-08-09 11:10:56,2026-08-09 11:41:05,JNY_528823643,USR_38547,STN_JPR_01,Jaipur,MALL,16.1,85.0,88.2,CCS2,150.0,True,60.77,60.47,28.36,30.15,1.063,1.0,0.0,NORMAL,False,False,MORNING,True
CHG_4316D6A4EB,2026-08-09 11:15:20,2026-08-09 11:15:20,2026-08-09 17:15:20,JNY_870070114,USR_11601,STN_GGN_02,Gurugram,MALL,18.4,85.0,77.2,TYPE2_AC,11.0,False,51.42,50.2,327.19,360.0,1.1,0.2,7.0,CHARGER_FAULT,True,False,MORNING,True
CHG_3BC7F04F75,2026-08-09 11:21:15,2026-08-09 11:21:15,2026-08-09 12:00:06,JNY_831539480,USR_57197,STN_DEL_03,Delhi,HIGHWAY,39.8,85.0,68.1,CHAdeMO,75.0,True,30.78,29.68,28.73,38.85,1.352,0.2,9.0,NORMAL,False,False,MORNING,True
CHG_EA70073167,2026-08-09 11:23:47,2026-08-09 11:23:47,2026-08-09 11:55:31,JNY_620842862,USR_39995,STN_JPR_01,Jaipur,MALL,24.9,85.0,76.3,CHAdeMO,100.0,True,45.86,43.4,32.1,31.74,0.989,1.0,0.0,NORMAL,False,False,MORNING,True
CHG_F00BD369D2,2026-08-09 11:25:21,2026-08-09 11:25:21,2026-08-09 11:42:36,JNY_424049439,USR_25916,STN_GGN_01,Gurugram,OFFICE,37.2,85.0,68.0,CCS2,150.0,True,32.5,31.0,15.17,17.27,1.138,0.25,3.0,NORMAL,False,False,MORNING,True
CHG_A8B500B15D,2026-08-09 11:29:34,2026-08-09 11:29:34,2026-08-09 12:17:31,JNY_912667883,USR_10086,STN_JPR_02,Jaipur,HIGHWAY,38.3,85.0,70.6,CHAdeMO,50.0,True,32.97,31.64,46.16,47.95,1.039,0.6,0.0,NORMAL,False,False,MORNING,True
CHG_29354A14AA,2026-08-09 11:38:03,2026-08-09 11:38:03,2026-08-09 12:38:22,JNY_970313835,USR_30801,STN_GGN_01,Gurugram,OFFICE,21.2,90.0,86.5,CCS2,90.0,True,59.51,57.94,48.49,60.32,1.244,0.25,4.0,NORMAL,False,False,MORNING,True
CHG_EE42427DE9,2026-08-09 11:43:05,2026-08-09 11:43:05,2026-08-09 12:05:28,JNY_350246981,USR_25578,STN_MUM_02,Mumbai,RESIDENTIAL,34.4,90.0,73.6,CCS2,150.0,True,40.92,38.85,20.01,22.39,1.119,1.0,0.0,MINOR_SLOWDOWN,True,False,MORNING,True
CHG_AD9B9DC42A,2026-08-09 11:46:44,2026-08-09 11:46:44,2026-08-09 12:23:33,JNY_167645189,USR_26455,STN_DEL_02,Delhi,OFFICE,48.4,85.0,70.7,CHAdeMO,75.0,True,25.88,25.06,24.15,36.83,1.525,0.0,56.0,NORMAL,False,True,MORNING,True
CHG_2D43960552,2026-08-09 11:48:43,2026-08-09 11:48:43,2026-08-09 13:34:42,JNY_820008419,USR_82985,STN_GGN_02,Gurugram,MALL,42.1,80.0,73.2,TYPE2_AC,22.0,False,27.74,26.92,84.07,106.0,1.261,0.2,12.0,NORMAL,False,False,MORNING,True
CHG_7005BA3210,2026-08-09 11:52:47,2026-08-09 11:52:47,2026-08-09 13:45:36,JNY_572317582,USR_48388,STN_MUM_02,Mumbai,RESIDENTIAL,39.9,85.0,63.7,TYPE2_AC,22.0,False,28.73,27.74,91.41,112.83,1.234,1.0,0.0,MINOR_SLOWDOWN,True,False,MORNING,True
CHG_6AAF956666,2026-08-09 11:53:25,2026-08-09 11:53:25,2026-08-09 12:31:16,JNY_230760916,USR_46664,STN_DEL_03,Delhi,HIGHWAY,40.7,85.0,88.2,CCS2,90.0,True,39.07,36.78,30.39,37.86,1.246,0.2,5.0,NORMAL,False,False,MORNING,True
CHG_30C0B5E92F,2026-08-09 11:58:37,2026-08-09 11:58:37,2026-08-09 13:59:23,JNY_201698942,USR_51305,STN_JPR_02,Jaipur,HIGHWAY,24.6,80.0,63.1,TYPE2_AC,22.0,False,34.96,34.14,105.93,120.78,1.14,0.2,5.0,NORMAL,False,False,MORNING,True
CHG_BA599DC26B,2026-08-09 12:03:21,2026-08-09 12:03:21,2026-08-09 13:08:02,JNY_955320617,USR_82274,STN_MUM_02,Mumbai,RESIDENTIAL,12.5,95.0,90.0,CCS2,90.0,True,74.25,70.18,63.25,64.69,1.023,0.75,0.0,NORMAL,False,False,AFTERNOON,True
CHG_8040F054CE,2026-08-09 12:08:33,2026-08-09 12:08:33,2026-08-09 12:22:46,JNY_324549315,USR_44055,STN_DEL_02,Delhi,OFFICE,54.6,80.0,68.5,CCS2,90.0,True,17.4,16.54,12.89,14.22,1.103,0.75,4.0,NORMAL,False,False,AFTERNOON,True
CHG_B857179891,2026-08-09 12:10:00,2026-08-09 12:10:00,2026-08-09 12:31:41,JNY_529112542,USR_68930,STN_MUM_01,Mumbai,MALL,30.6,85.0,78.8,CCS2,150.0,True,42.87,41.73,20.0,21.7,1.085,0.2,2.0,NORMAL,False,False,AFTERNOON,True
CHG_E446D1A51C,2026-08-09 12:16:48,2026-08-09 12:16:48,2026-08-09 12:54:28,JNY_794725495,USR_84035,STN_MUM_02,Mumbai,RESIDENTIAL,11.8,85.0,55.9,CHAdeMO,75.0,True,40.92,39.3,38.19,37.67,0.986,0.75,0.0,NORMAL,False,False,AFTERNOON,True
CHG_0AF0F5A40C,2026-08-09 12:17:44,2026-08-09 12:17:44,2026-08-09 15:09:06,JNY_983026165,USR_73899,STN_MUM_02,Mumbai,RESIDENTIAL,35.1,90.0,88.8,TYPE2_AC,22.0,False,48.75,46.11,162.5,171.38,1.055,1.0,0.0,NORMAL,False,False,AFTERNOON,True
CHG_CF6BB71003,2026-08-09 12:18:42,2026-08-09 12:18:42,2026-08-09 14:23:57,JNY_774808465,USR_57847,STN_BLR_01,Bengaluru,OFFICE,30.4,85.0,57.9,TYPE2_AC,22.0,False,31.61,29.81,100.59,125.26,1.245,0.25,2.0,NORMAL,False,False,AFTERNOON,True
CHG_E05D78966B,2026-08-09 12:22:45,2026-08-09 12:22:45,2026-08-09 12:58:57,JNY_308017514,USR_86033,STN_GGN_02,Gurugram,MALL,35.7,80.0,90.0,CHAdeMO,75.0,True,39.87,39.25,35.44,36.21,1.022,0.6,0.0,NORMAL,False,False,AFTERNOON,True
CHG_AB394ED0BB,2026-08-09 12:25:03,2026-08-09 12:25:03,2026-08-09 12:50:23,JNY_660860619,USR_87960,STN_MUM_02,Mumbai,RESIDENTIAL,37.1,85.0,66.8,CCS2,90.0,True,32.0,30.73,24.89,25.34,1.018,0.5,0.0,NORMAL,False,False,AFTERNOON,True
CHG_8065EA32B6,2026-08-09 12:27:11,2026-08-09 12:27:11,2026-08-09 13:03:51,JNY_642725777,USR_54471,STN_GGN_01,Gurugram,OFFICE,22.4,95.0,69.8,CCS2,120.0,True,50.67,49.89,32.38,36.68,1.133,0.25,5.0,NORMAL,False,False,AFTERNOON,True
CHG_EE99EA516D,2026-08-09 12:27:56,2026-08-09 12:27:56,2026-08-09 18:27:56,JNY_447707163,USR_66438,STN_DEL_02,Delhi,OFFICE,26.6,90.0,82.0,TYPE2_AC,7.2,False,51.99,49.74,529.51,360.0,0.68,0.25,2.0,NORMAL,False,False,AFTERNOON,True
CHG_04D3E4B65A,2026-08-09 12:29:40,2026-08-09 12:29:40,2026-08-09 15:09:50,JNY_575599390,USR_68365,STN_BLR_01,Bengaluru,OFFICE,28.6,85.0,70.8,TYPE2_AC,22.0,False,39.93,39.4,127.05,160.17,1.261,0.75,0.0,POWER_LIMITATION,True,False,AFTERNOON,True
CHG_0D9118941C,2026-08-09 12:39:44,2026-08-09 12:39:44,2026-08-09 13:19:18,JNY_475822369,USR_43151,STN_BLR_01,Bengaluru,OFFICE,13.0,80.0,63.8,CCS2,120.0,True,42.75,41.2,23.75,39.57,1.666,0.25,3.0,POWER_LIMITATION,True,True,AFTERNOON,True
CHG_A519DCBC84,2026-08-09 12:44:28,2026-08-09 12:44:28,2026-08-09 13:47:02,JNY_345630998,USR_38199,STN_DEL_02,Delhi,OFFICE,21.1,80.0,90.0,CCS2,60.0,True,53.01,51.14,58.9,62.58,1.062,0.5,0.0,NORMAL,False,False,AFTERNOON,True
CHG_64EF2E7551,2026-08-09 12:47:34,2026-08-09 12:47:34,2026-08-09 13:31:05,JNY_200353411,USR_47713,STN_JPR_02,Jaipur,HIGHWAY,50.2,95.0,80.8,CCS2,90.0,True,36.2,35.09,30.84,43.53,1.412,0.2,10.0,NORMAL,False,False,AFTERNOON,True
CHG_DC28D5E4A0,2026-08-09 12:49:45,2026-08-09 12:49:45,2026-08-09 13:15:08,JNY_970487303,USR_35536,STN_BLR_01,Bengaluru,OFFICE,20.5,80.0,60.2,CCS2,120.0,True,35.82,33.99,19.9,25.39,1.276,0.25,5.0,NORMAL,False,False,AFTERNOON,True
CHG_7E5D227075,2026-08-09 12:53:02,2026-08-09 12:53:02,2026-08-09 13:21:14,JNY_536191996,USR_39325,STN_JPR_02,Jaipur,HIGHWAY,43.5,80.0,78.9,CHAdeMO,75.0,True,28.8,28.17,25.6,28.21,1.102,0.4,0.0,NORMAL,False,False,AFTERNOON,True
CHG_9D074FE08B,2026-08-09 12:53:11,2026-08-09 12:53:11,2026-08-09 14:27:05,JNY_655124582,USR_99228,STN_BLR_01,Bengaluru,OFFICE,19.7,80.0,74.7,CCS2,90.0,True,45.04,43.14,33.37,93.92,2.815,0.25,9.0,CHARGER_FAULT,True,True,AFTERNOON,True
CHG_8CE21F474B,2026-08-09 12:56:01,2026-08-09 12:56:01,2026-08-09 16:00:19,JNY_787258952,USR_55954,STN_GGN_02,Gurugram,MALL,26.9,85.0,85.7,TYPE2_AC,22.0,False,49.79,46.93,158.43,184.31,1.163,0.8,5.0,NORMAL,False,False,AFTERNOON,True
CHG_B72C2A47DD,2026-08-09 12:56:38,2026-08-09 12:56:38,2026-08-09 13:51:02,JNY_558653355,USR_98794,STN_DEL_02,Delhi,OFFICE,15.4,80.0,83.8,CHAdeMO,75.0,True,54.13,51.49,48.12,54.41,1.131,0.75,2.0,NORMAL,False,False,AFTERNOON,True
CHG_61C47B3BBB,2026-08-09 12:59:37,2026-08-09 12:59:37,2026-08-09 13:43:15,JNY_229608889,USR_73790,STN_MUM_02,Mumbai,RESIDENTIAL,12.0,80.0,74.9,CHAdeMO,75.0,True,50.93,49.82,45.27,43.63,0.964,1.0,0.0,NORMAL,False,False,AFTERNOON,True
CHG_73E7D5F056,2026-08-09 12:59:40,2026-08-09 12:59:40,2026-08-09 18:18:27,JNY_754959402,USR_54004,STN_MUM_02,Mumbai,RESIDENTIAL,41.3,85.0,70.4,TYPE2_AC,7.2,False,30.76,29.39,299.1,318.79,1.066,1.0,0.0,NORMAL,False,False,AFTERNOON,True
CHG_78EFFD9C89,2026-08-09 13:07:17,2026-08-09 13:07:17,2026-08-09 13:49:44,JNY_448643657,USR_27146,STN_MUM_02,Mumbai,RESIDENTIAL,35.5,85.0,78.0,CCS2,60.0,True,38.61,37.29,45.05,42.46,0.943,0.75,0.0,NORMAL,False,False,AFTERNOON,True
CHG_698DBE4E7B,2026-08-09 13:12:53,2026-08-09 13:12:53,2026-08-09 13:43:35,JNY_518700537,USR_50924,STN_DEL_02,Delhi,OFFICE,39.4,80.0,55.3,CCS2,60.0,True,22.45,21.46,24.95,30.7,1.231,0.25,6.0,NORMAL,False,False,AFTERNOON,True
CHG_A79FA5547F,2026-08-09 13:17:17,2026-08-09 13:17:17,2026-08-09 14:46:36,JNY_222571327,USR_30338,STN_JPR_02,Jaipur,HIGHWAY,19.2,95.0,56.1,CHAdeMO,50.0,True,42.52,40.58,65.2,89.33,1.37,0.2,23.0,NORMAL,False,False,AFTERNOON,True
CHG_D66045B238,2026-08-09 13:17:47,2026-08-09 13:17:47,2026-08-09 14:18:12,JNY_503273564,USR_22318,STN_BLR_01,Bengaluru,OFFICE,30.3,90.0,65.3,CCS2,60.0,True,38.98,36.72,47.65,60.42,1.268,0.25,2.0,NORMAL,False,False,AFTERNOON,True
CHG_33C5788D6D,2026-08-09 13:20:09,2026-08-09 13:20:09,2026-08-09 14:26:59,JNY_673196689,USR_88478,STN_BLR_01,Bengaluru,OFFICE,21.6,85.0,90.0,CHAdeMO,75.0,True,57.06,53.07,53.26,66.83,1.255,0.25,9.0,NORMAL,False,False,AFTERNOON,True
CHG_A51A6F011A,2026-08-09 13:20:58,2026-08-09 13:20:58,2026-08-09 14:01:17,JNY_811422961,USR_33029,STN_BLR_01,Bengaluru,OFFICE,28.7,85.0,55.4,CCS2,60.0,True,31.19,29.52,36.39,40.32,1.108,0.5,0.0,NORMAL,False,False,AFTERNOON,True
CHG_8118DA22D8,2026-08-09 13:20:59,2026-08-09 13:20:59,2026-08-09 13:54:14,JNY_583134408,USR_92086,STN_JPR_02,Jaipur,HIGHWAY,29.1,85.0,79.6,CHAdeMO,100.0,True,44.5,42.52,31.15,33.26,1.068,0.4,0.0,NORMAL,False,False,AFTERNOON,True
CHG_1F9B67083E,2026-08-09 13:23:51,2026-08-09 13:23:51,2026-08-09 13:36:56,JNY_988089069,USR_77975,STN_MUM_02,Mumbai,RESIDENTIAL,54.4,90.0,74.6,CCS2,150.0,True,26.56,25.86,12.98,13.1,1.009,1.0,0.0,NORMAL,False,False,AFTERNOON,True
CHG_D67FFEB8C0,2026-08-09 13:24:29,2026-08-09 13:24:29,2026-08-09 13:39:03,JNY_606950042,USR_76485,STN_MUM_02,Mumbai,RESIDENTIAL,55.2,85.0,60.2,CCS2,90.0,True,17.94,17.12,13.95,14.58,1.045,0.75,0.0,NORMAL,False,False,AFTERNOON,True
CHG_891F73BEF6,2026-08-09 13:24:30,2026-08-09 13:24:30,2026-08-09 19:22:59,JNY_999120859,USR_65571,STN_MUM_01,Mumbai,MALL,14.4,90.0,73.5,TYPE2_AC,11.0,False,55.57,52.95,370.44,358.5,0.968,0.6,0.0,NORMAL,False,False,AFTERNOON,True
CHG_16CF58CB7B,2026-08-09 13:27:31,2026-08-09 13:27:31,2026-08-09 13:47:14,JNY_727595507,USR_98038,STN_MUM_01,Mumbai,MALL,33.6,80.0,90.0,CCS2,150.0,True,41.76,40.16,18.56,19.72,1.063,0.4,0.0,NORMAL,False,False,AFTERNOON,True
CHG_F35511B0D0,2026-08-09 13:30:45,2026-08-09 13:30:45,2026-08-09 14:07:15,JNY_710002206,USR_34490,STN_DEL_03,Delhi,HIGHWAY,26.2,90.0,87.9,CCS2,120.0,True,56.08,54.42,34.27,36.51,1.065,0.2,2.0,NORMAL,False,False,AFTERNOON,True
CHG_DD5A4D4577,2026-08-09 13:35:02,2026-08-09 13:35:02,2026-08-09 15:49:00,JNY_841007381,USR_80605,STN_GGN_01,Gurugram,OFFICE,35.6,90.0,71.0,TYPE2_AC,22.0,False,38.62,36.95,128.75,133.98,1.041,0.5,0.0,NORMAL,False,False,AFTERNOON,True
CHG_62D2F55A14,2026-08-09 13:39:27,2026-08-09 13:39:27,2026-08-09 14:27:46,JNY_581198116,USR_77535,STN_GGN_01,Gurugram,OFFICE,18.4,80.0,59.4,CCS2,60.0,True,36.59,35.47,40.66,48.33,1.189,0.25,5.0,NORMAL,False,False,AFTERNOON,True
CHG_26095DBEAC,2026-08-09 13:41:46,2026-08-09 13:41:46,2026-08-09 14:53:23,JNY_486223992,USR_55149,STN_DEL_01,Delhi,MALL,39.7,90.0,63.9,CHAdeMO,50.0,True,32.14,30.46,47.14,71.63,1.52,0.2,30.0,NORMAL,False,True,AFTERNOON,True
CHG_EC3D7DD66D,2026-08-09 13:43:01,2026-08-09 13:43:01,2026-08-09 14:14:53,JNY_169109504,USR_32062,STN_JPR_01,Jaipur,MALL,33.7,90.0,84.4,CCS2,120.0,True,47.52,47.02,29.04,31.88,1.098,0.8,0.0,NORMAL,False,False,AFTERNOON,True
CHG_D67F5E6EA0,2026-08-09 13:43:19,2026-08-09 13:43:19,2026-08-09 14:24:36,JNY_501777184,USR_84371,STN_GGN_02,Gurugram,MALL,15.3,80.0,64.8,CCS2,90.0,True,41.93,39.43,31.06,41.29,1.33,0.2,9.0,NORMAL,False,False,AFTERNOON,True
CHG_884F97AF12,2026-08-09 13:43:42,2026-08-09 13:43:42,2026-08-09 14:27:21,JNY_501024573,USR_29247,STN_GGN_02,Gurugram,MALL,44.1,90.0,79.5,CCS2,90.0,True,36.49,34.94,29.73,43.66,1.468,0.6,0.0,POWER_LIMITATION,True,False,AFTERNOON,True
CHG_939245229C,2026-08-09 13:49:06,2026-08-09 13:49:06,2026-08-09 14:16:47,JNY_261926668,USR_13048,STN_BLR_01,Bengaluru,OFFICE,33.1,85.0,78.2,CCS2,120.0,True,40.59,38.03,23.68,27.69,1.17,0.5,2.0,NORMAL,False,False,AFTERNOON,True
CHG_CF63E4FC13,2026-08-09 13:49:26,2026-08-09 13:49:26,2026-08-09 14:54:58,JNY_989390637,USR_49446,STN_DEL_01,Delhi,MALL,28.9,80.0,84.8,CHAdeMO,75.0,True,43.33,41.52,38.52,65.54,1.702,0.2,2.0,POWER_LIMITATION,True,True,AFTERNOON,True
CHG_D325C2F216,2026-08-09 13:50:48,2026-08-09 13:50:48,2026-08-09 15:14:46,JNY_211538807,USR_79784,STN_JPR_02,Jaipur,HIGHWAY,55.4,85.0,82.4,TYPE2_AC,22.0,False,24.39,23.19,77.61,83.98,1.082,0.2,2.0,NORMAL,False,False,AFTERNOON,True
CHG_2BD80B5D27,2026-08-09 13:59:01,2026-08-09 13:59:01,2026-08-09 16:32:07,JNY_928496262,USR_17093,STN_DEL_01,Delhi,MALL,24.7,80.0,90.0,TYPE2_AC,22.0,False,49.77,46.85,150.82,153.1,1.015,0.4,0.0,NORMAL,False,False,AFTERNOON,True
CHG_EF7E012750,2026-08-09 14:02:58,2026-08-09 14:02:58,2026-08-09 15:11:16,JNY_707024399,USR_50319,STN_MUM_01,Mumbai,MALL,32.5,90.0,75.3,CCS2,60.0,True,43.3,40.47,52.92,68.31,1.291,0.2,3.0,NORMAL,False,False,AFTERNOON,True
CHG_4DE4BD93D8,2026-08-09 14:03:57,2026-08-09 14:03:57,2026-08-09 14:59:20,JNY_520367793,USR_32855,STN_DEL_01,Delhi,MALL,18.5,95.0,61.0,CCS2,60.0,True,46.66,44.68,59.63,55.39,0.929,0.8,0.0,NORMAL,False,False,AFTERNOON,True
CHG_6A8E88F3E1,2026-08-09 14:08:28,2026-08-09 14:08:28,2026-08-09 14:36:04,JNY_160311285,USR_30106,STN_DEL_02,Delhi,OFFICE,35.5,95.0,60.6,CCS2,120.0,True,36.06,34.79,23.04,27.61,1.199,0.5,6.0,NORMAL,False,False,AFTERNOON,True
CHG_E6EC54B61E,2026-08-09 14:08:55,2026-08-09 14:08:55,2026-08-09 14:57:17,JNY_351114974,USR_51006,STN_DEL_02,Delhi,OFFICE,21.4,90.0,62.9,CCS2,90.0,True,43.15,42.11,35.16,48.38,1.376,0.25,9.0,NORMAL,False,False,AFTERNOON,True
CHG_BDC0E0A7D0,2026-08-09 14:12:50,2026-08-09 14:12:50,2026-08-09 15:08:08,JNY_718581475,USR_88410,STN_GGN_01,Gurugram,OFFICE,31.0,80.0,61.8,CHAdeMO,50.0,True,30.28,28.66,40.38,55.3,1.37,0.25,11.0,NORMAL,False,False,AFTERNOON,True
CHG_934C3E8C2E,2026-08-09 14:16:05,2026-08-09 14:16:05,2026-08-09 15:10:17,JNY_234160146,USR_45888,STN_JPR_01,Jaipur,MALL,24.7,90.0,65.5,CCS2,90.0,True,42.77,40.97,34.85,54.21,1.555,0.2,11.0,MINOR_SLOWDOWN,True,True,AFTERNOON,True
CHG_8109E176DF,2026-08-09 14:20:52,2026-08-09 14:20:52,2026-08-09 15:26:02,JNY_819535706,USR_60431,STN_MUM_02,Mumbai,RESIDENTIAL,35.1,90.0,85.2,CHAdeMO,50.0,True,46.77,44.9,68.6,65.17,0.95,0.75,0.0,NORMAL,False,False,AFTERNOON,True
CHG_0D7771002C,2026-08-09 14:25:50,2026-08-09 14:25:50,2026-08-09 15:12:11,JNY_210163446,USR_16682,STN_JPR_02,Jaipur,HIGHWAY,30.6,85.0,72.0,CHAdeMO,75.0,True,39.17,38.38,36.56,46.36,1.268,0.2,13.0,NORMAL,False,False,AFTERNOON,True
CHG_EE5F96D0D7,2026-08-09 14:28:09,2026-08-09 14:28:09,2026-08-09 14:51:52,JNY_855970031,USR_83352,STN_DEL_02,Delhi,OFFICE,57.6,90.0,84.1,CCS2,120.0,True,27.25,25.85,16.65,23.73,1.425,0.25,4.0,MINOR_SLOWDOWN,True,False,AFTERNOON,True
CHG_D081D4971B,2026-08-09 14:28:47,2026-08-09 14:28:47,2026-08-09 14:52:52,JNY_405139380,USR_97248,STN_MUM_02,Mumbai,RESIDENTIAL,43.8,85.0,74.5,CCS2,90.0,True,30.69,28.72,23.87,24.1,1.009,0.75,0.0,NORMAL,False,False,AFTERNOON,True
CHG_FFF192E7C7,2026-08-09 14:32:38,2026-08-09 14:32:38,2026-08-09 16:26:33,JNY_140400938,USR_83345,STN_BLR_01,Bengaluru,OFFICE,31.2,80.0,72.6,TYPE2_AC,22.0,False,35.43,34.31,107.36,113.93,1.061,0.5,4.0,NORMAL,False,False,AFTERNOON,True
CHG_FF8D654193,2026-08-09 14:35:27,2026-08-09 14:35:27,2026-08-09 15:47:17,JNY_753345171,USR_92078,STN_DEL_03,Delhi,HIGHWAY,21.6,85.0,68.5,CCS2,90.0,True,43.43,40.75,33.78,71.84,2.127,0.4,9.0,CHARGER_FAULT,True,True,AFTERNOON,True
CHG_C16FFC1B6E,2026-08-09 14:48:09,2026-08-09 14:48:09,2026-08-09 15:20:51,JNY_228536934,USR_36091,STN_DEL_02,Delhi,OFFICE,29.2,80.0,62.5,CCS2,90.0,True,31.75,30.87,23.52,32.71,1.391,0.25,9.0,NORMAL,False,False,AFTERNOON,True
CHG_9FF1D44936,2026-08-09 14:50:02,2026-08-09 14:50:02,2026-08-09 15:12:20,JNY_887117643,USR_89081,STN_DEL_03,Delhi,HIGHWAY,32.1,80.0,76.5,CCS2,120.0,True,36.64,36.09,20.36,22.3,1.096,0.6,0.0,NORMAL,False,False,AFTERNOON,True
CHG_44B4C720FA,2026-08-09 14:50:47,2026-08-09 14:50:47,2026-08-09 15:20:19,JNY_880432070,USR_12201,STN_DEL_01,Delhi,MALL,13.4,80.0,76.4,CCS2,120.0,True,50.88,48.12,28.27,29.55,1.045,0.6,0.0,NORMAL,False,False,AFTERNOON,True
CHG_774D39F0C7,2026-08-09 14:52:05,2026-08-09 14:52:05,2026-08-09 15:19:41,JNY_673789868,USR_82416,STN_JPR_01,Jaipur,MALL,21.1,85.0,70.7,CCS2,150.0,True,45.18,43.3,21.08,27.6,1.309,0.4,0.0,MINOR_SLOWDOWN,True,False,AFTERNOON,True
CHG_4688BB6024,2026-08-09 14:54:54,2026-08-09 14:54:54,2026-08-09 15:21:45,JNY_641627490,USR_14674,STN_DEL_01,Delhi,MALL,35.2,80.0,64.5,CCS2,90.0,True,28.9,28.1,21.4,26.86,1.255,0.4,10.0,NORMAL,False,False,AFTERNOON,True
CHG_DCC9151599,2026-08-09 14:55:02,2026-08-09 14:55:02,2026-08-09 15:35:29,JNY_425466324,USR_51247,STN_DEL_03,Delhi,HIGHWAY,22.4,95.0,71.3,CCS2,120.0,True,51.76,48.88,33.07,40.46,1.223,0.2,4.0,NORMAL,False,False,AFTERNOON,True
CHG_755F8ABDEA,2026-08-09 14:57:18,2026-08-09 14:57:18,2026-08-09 15:45:26,JNY_957439144,USR_82278,STN_GGN_01,Gurugram,OFFICE,45.9,85.0,87.6,CCS2,60.0,True,34.25,32.53,39.96,48.14,1.205,0.5,3.0,NORMAL,False,False,AFTERNOON,True
CHG_DBE3DD02BF,2026-08-09 15:12:48,2026-08-09 15:12:48,2026-08-09 15:40:36,JNY_241463431,USR_27747,STN_DEL_02,Delhi,OFFICE,39.2,85.0,78.6,CCS2,90.0,True,36.0,34.69,28.0,27.8,0.993,0.75,2.0,NORMAL,False,False,AFTERNOON,True
CHG_DBD0AF99B0,2026-08-09 15:14:22,2026-08-09 15:14:22,2026-08-09 15:40:15,JNY_395268827,USR_57778,STN_MUM_01,Mumbai,MALL,19.7,85.0,80.7,CCS2,150.0,True,52.7,52.08,24.59,25.9,1.053,0.8,0.0,NORMAL,False,False,AFTERNOON,True
CHG_F9B3869AD8,2026-08-09 15:18:27,2026-08-09 15:18:27,2026-08-09 18:19:21,JNY_586061285,USR_25296,STN_GGN_02,Gurugram,MALL,18.7,95.0,67.4,TYPE2_AC,22.0,False,51.43,48.98,179.21,180.91,1.009,0.6,0.0,NORMAL,False,False,AFTERNOON,True
CHG_785031791E,2026-08-09 15:21:21,2026-08-09 15:21:21,2026-08-09 16:45:56,JNY_991456083,USR_71426,STN_JPR_01,Jaipur,MALL,43.7,80.0,77.6,TYPE2_AC,22.0,False,28.17,26.94,85.36,84.59,0.991,0.6,1.0,NORMAL,False,False,AFTERNOON,True
CHG_F7B735EE7A,2026-08-09 15:21:59,2026-08-09 15:21:59,2026-08-09 15:50:04,JNY_715928936,USR_36385,STN_JPR_01,Jaipur,MALL,47.2,85.0,88.0,CCS2,90.0,True,33.26,31.79,25.87,28.09,1.086,0.4,0.0,NORMAL,False,False,AFTERNOON,True
CHG_77F66A164E,2026-08-09 15:23:01,2026-08-09 15:23:01,2026-08-09 16:02:26,JNY_162980059,USR_41761,STN_JPR_01,Jaipur,MALL,36.3,90.0,86.0,CCS2,90.0,True,46.18,44.52,37.63,39.43,1.048,0.6,0.0,NORMAL,False,False,AFTERNOON,True
CHG_E96F60E2A5,2026-08-09 15:24:12,2026-08-09 15:24:12,2026-08-09 15:44:49,JNY_810129495,USR_35139,STN_MUM_01,Mumbai,MALL,50.5,85.0,76.7,CCS2,90.0,True,26.46,24.92,20.58,20.63,1.002,0.4,0.0,NORMAL,False,False,AFTERNOON,True
CHG_05B772F3E6,2026-08-09 15:25:59,2026-08-09 15:25:59,2026-08-09 15:52:00,JNY_892228564,USR_17726,STN_MUM_02,Mumbai,RESIDENTIAL,19.2,90.0,65.0,CCS2,120.0,True,46.02,44.44,28.12,26.02,0.925,1.0,0.0,NORMAL,False,False,AFTERNOON,True
CHG_70C396B55C,2026-08-09 15:32:35,2026-08-09 15:32:35,2026-08-09 16:08:43,JNY_383583350,USR_16181,STN_GGN_01,Gurugram,OFFICE,20.0,80.0,81.3,CCS2,120.0,True,48.78,45.24,27.1,36.14,1.333,0.25,2.0,MINOR_SLOWDOWN,True,False,AFTERNOON,True
CHG_BB088F7E59,2026-08-09 15:33:20,2026-08-09 15:33:20,2026-08-09 18:52:40,JNY_201994084,USR_72301,STN_DEL_01,Delhi,MALL,28.1,85.0,74.2,TYPE2_AC,22.0,False,42.22,40.34,134.34,199.34,1.484,0.0,13.0,NORMAL,False,False,AFTERNOON,True
CHG_CCC53BDDB4,2026-08-09 15:33:26,2026-08-09 15:33:26,2026-08-09 15:55:01,JNY_149577221,USR_88694,STN_GGN_02,Gurugram,MALL,16.3,80.0,72.4,CCS2,150.0,True,46.12,43.81,20.5,21.59,1.053,0.4,5.0,NORMAL,False,False,AFTERNOON,True
CHG_AC385DA8DD,2026-08-09 15:40:28,2026-08-09 15:40:28,2026-08-09 16:11:18,JNY_606644561,USR_95557,STN_GGN_01,Gurugram,OFFICE,46.9,85.0,84.7,CHAdeMO,75.0,True,32.27,31.87,30.12,30.85,1.024,0.5,0.0,NORMAL,False,False,AFTERNOON,True
CHG_84D06BA7DE,2026-08-09 15:45:27,2026-08-09 15:45:27,2026-08-09 16:12:22,JNY_473356932,USR_92811,STN_BLR_01,Bengaluru,OFFICE,16.8,80.0,85.2,CCS2,150.0,True,53.85,52.06,23.93,26.92,1.125,0.5,0.0,NORMAL,False,False,AFTERNOON,True
CHG_0E1AE7982A,2026-08-09 15:46:58,2026-08-09 15:46:58,2026-08-09 16:15:47,JNY_749186842,USR_93587,STN_BLR_01,Bengaluru,OFFICE,26.2,80.0,61.3,CCS2,90.0,True,32.98,31.53,24.43,28.82,1.18,0.5,2.0,NORMAL,False,False,AFTERNOON,True
CHG_8F7A1AD94F,2026-08-09 15:49:54,2026-08-09 15:49:54,2026-08-09 16:10:10,JNY_496186457,USR_92404,STN_JPR_01,Jaipur,MALL,30.7,80.0,68.6,CCS2,120.0,True,33.82,32.25,18.79,20.27,1.079,0.6,0.0,NORMAL,False,False,AFTERNOON,True
CHG_ABBDC87922,2026-08-09 15:51:55,2026-08-09 15:51:55,2026-08-09 16:27:00,JNY_283942986,USR_94874,STN_GGN_01,Gurugram,OFFICE,38.3,80.0,83.9,CCS2,90.0,True,34.99,34.4,25.92,35.09,1.354,0.25,13.0,NORMAL,False,False,AFTERNOON,True
CHG_8CB017B3C4,2026-08-09 15:52:37,2026-08-09 15:52:37,2026-08-09 16:16:11,JNY_589293865,USR_66939,STN_JPR_01,Jaipur,MALL,38.5,80.0,62.7,CHAdeMO,75.0,True,26.02,24.41,23.13,23.58,1.02,0.8,4.0,NORMAL,False,False,AFTERNOON,True
CHG_735F34A3DD,2026-08-09 15:52:51,2026-08-09 15:52:51,2026-08-09 16:15:55,JNY_831513693,USR_77446,STN_MUM_02,Mumbai,RESIDENTIAL,37.3,80.0,75.9,CCS2,90.0,True,32.41,31.72,24.01,23.08,0.961,0.75,0.0,NORMAL,False,False,AFTERNOON,True
CHG_3DB5A0DC83,2026-08-09 16:01:33,2026-08-09 16:01:33,2026-08-09 16:59:10,JNY_517663900,USR_34063,STN_MUM_01,Mumbai,MALL,20.4,85.0,90.0,CCS2,90.0,True,58.14,54.37,45.22,57.62,1.274,0.2,3.0,NORMAL,False,False,AFTERNOON,True
CHG_B1F30BDCE2,2026-08-09 16:01:37,2026-08-09 16:01:37,2026-08-09 22:01:37,JNY_258312383,USR_66313,STN_GGN_01,Gurugram,OFFICE,16.6,85.0,76.1,TYPE2_AC,7.2,False,52.05,49.31,506.06,360.0,0.711,0.75,0.0,MINOR_SLOWDOWN,True,False,AFTERNOON,True
CHG_BB10A0111D,2026-08-09 16:15:52,2026-08-09 16:15:52,2026-08-09 17:08:32,JNY_136375018,USR_40131,STN_BLR_01,Bengaluru,OFFICE,25.1,90.0,80.5,CCS2,90.0,True,52.24,49.36,42.57,52.67,1.237,0.75,0.0,MINOR_SLOWDOWN,True,False,AFTERNOON,True
CHG_45B9E3BBA1,2026-08-09 16:24:53,2026-08-09 16:24:53,2026-08-09 16:33:10,JNY_467041267,USR_15450,STN_DEL_03,Delhi,HIGHWAY,60.7,80.0,64.1,CHAdeMO,100.0,True,12.37,11.75,8.25,8.28,1.004,0.8,0.0,NORMAL,False,False,AFTERNOON,True
CHG_E6B194AAF5,2026-08-09 16:31:52,2026-08-09 16:31:52,2026-08-09 17:16:28,JNY_104091084,USR_28040,STN_MUM_01,Mumbai,MALL,21.9,85.0,90.0,CHAdeMO,100.0,True,56.79,54.0,39.75,44.61,1.122,0.2,2.0,NORMAL,False,False,AFTERNOON,True
CHG_C141E8ACCA,2026-08-09 16:34:31,2026-08-09 16:34:31,2026-08-09 16:47:34,JNY_701154441,USR_49595,STN_DEL_03,Delhi,HIGHWAY,46.8,85.0,61.5,CCS2,120.0,True,23.49,22.24,13.7,13.07,0.953,0.6,0.0,NORMAL,False,False,AFTERNOON,True
CHG_29098AEACE,2026-08-09 16:37:21,2026-08-09 16:37:21,2026-08-09 17:14:11,JNY_378579168,USR_38937,STN_BLR_01,Bengaluru,OFFICE,21.2,80.0,89.3,CCS2,120.0,True,52.51,49.41,29.17,36.84,1.263,0.25,2.0,NORMAL,False,False,AFTERNOON,True
CHG_ACBA835850,2026-08-09 16:40:02,2026-08-09 16:40:02,2026-08-09 17:55:22,JNY_626697686,USR_66071,STN_DEL_01,Delhi,MALL,19.4,85.0,67.6,CCS2,90.0,True,44.35,42.88,34.49,75.34,2.184,0.4,0.0,CHARGER_FAULT,True,True,AFTERNOON,True
CHG_7CA5AA88B0,2026-08-09 16:42:10,2026-08-09 16:42:10,2026-08-09 17:27:39,JNY_189415294,USR_10401,STN_DEL_03,Delhi,HIGHWAY,19.5,85.0,61.7,CHAdeMO,75.0,True,40.41,38.93,37.72,45.49,1.206,0.4,8.0,NORMAL,False,False,AFTERNOON,True
CHG_57A45B31EC,2026-08-09 16:47:39,2026-08-09 16:47:39,2026-08-09 17:11:04,JNY_443587166,USR_85873,STN_MUM_02,Mumbai,RESIDENTIAL,49.4,85.0,70.8,CHAdeMO,100.0,True,25.2,24.11,17.64,23.43,1.328,0.5,10.0,NORMAL,False,False,AFTERNOON,True
CHG_BC12A302DC,2026-08-09 16:50:37,2026-08-09 16:50:37,2026-08-09 18:12:53,JNY_943842099,USR_85887,STN_GGN_01,Gurugram,OFFICE,29.9,85.0,75.5,CHAdeMO,50.0,True,41.6,38.15,58.24,82.28,1.413,0.25,15.0,NORMAL,False,False,AFTERNOON,True
CHG_62C281EFAB,2026-08-09 16:52:18,2026-08-09 16:52:18,2026-08-09 17:29:14,JNY_244730780,USR_62135,STN_DEL_03,Delhi,HIGHWAY,56.6,90.0,76.9,CHAdeMO,50.0,True,25.68,24.76,37.67,36.94,0.981,0.6,0.0,NORMAL,False,False,AFTERNOON,True
CHG_B6998CCD99,2026-08-09 16:56:54,2026-08-09 16:56:54,2026-08-09 17:41:07,JNY_576898373,USR_29396,STN_DEL_03,Delhi,HIGHWAY,30.6,90.0,89.7,CCS2,120.0,True,53.28,51.52,32.56,44.22,1.358,0.2,19.0,NORMAL,False,False,AFTERNOON,True
CHG_A52E6F72F0,2026-08-09 16:59:59,2026-08-09 16:59:59,2026-08-09 17:47:50,JNY_106095889,USR_26086,STN_DEL_01,Delhi,MALL,35.0,80.0,90.0,CHAdeMO,100.0,True,40.5,38.12,27.0,47.86,1.773,0.2,17.0,MINOR_SLOWDOWN,True,True,AFTERNOON,True
CHG_AFAC32E46B,2026-08-09 17:04:59,2026-08-09 17:04:59,2026-08-09 21:10:28,JNY_799684012,USR_71869,STN_JPR_01,Jaipur,MALL,53.7,80.0,84.0,TYPE2_AC,7.2,False,22.09,20.5,204.56,245.49,1.2,0.4,4.0,NORMAL,False,False,EVENING,True
CHG_6C76E75175,2026-08-09 17:05:55,2026-08-09 17:05:55,2026-08-09 21:42:52,JNY_843089791,USR_42843,STN_BLR_01,Bengaluru,OFFICE,48.4,85.0,60.8,TYPE2_AC,7.2,False,22.25,21.09,216.35,276.96,1.28,0.25,3.0,NORMAL,False,False,EVENING,True
CHG_27CE9F158E,2026-08-09 17:06:33,2026-08-09 17:06:33,2026-08-09 23:06:33,JNY_993684568,USR_20133,STN_DEL_03,Delhi,HIGHWAY,18.9,90.0,86.5,TYPE2_AC,11.0,False,61.5,58.0,410.01,360.0,0.878,0.4,0.0,NORMAL,False,False,EVENING,True
CHG_C98D4AA69D,2026-08-09 17:11:26,2026-08-09 17:11:26,2026-08-09 17:42:04,JNY_413377584,USR_52304,STN_JPR_02,Jaipur,HIGHWAY,37.9,85.0,68.6,CCS2,90.0,True,32.31,30.68,25.13,30.64,1.219,0.2,3.0,NORMAL,False,False,EVENING,True
CHG_217DBF5997,2026-08-09 17:13:11,2026-08-09 17:13:11,2026-08-09 17:59:10,JNY_865519247,USR_77467,STN_JPR_01,Jaipur,MALL,33.2,95.0,62.1,CCS2,90.0,True,38.38,37.58,32.69,45.98,1.407,0.2,12.0,NORMAL,False,False,EVENING,True
CHG_97586BB07E,2026-08-09 17:14:31,2026-08-09 17:14:31,2026-08-09 18:08:04,JNY_840991323,USR_95294,STN_DEL_02,Delhi,OFFICE,28.7,90.0,89.9,CCS2,120.0,True,55.11,53.59,33.68,53.55,1.59,0.25,21.0,NORMAL,False,True,EVENING,True
CHG_DC0DBC12CC,2026-08-09 17:17:02,2026-08-09 17:17:02,2026-08-09 17:41:58,JNY_863872341,USR_77486,STN_MUM_01,Mumbai,MALL,33.9,95.0,67.2,CCS2,150.0,True,41.06,38.94,20.99,24.94,1.188,0.2,2.0,NORMAL,False,False,EVENING,True
CHG_131AE7EC6F,2026-08-09 17:20:17,2026-08-09 17:20:17,2026-08-09 17:49:37,JNY_609666942,USR_42453,STN_JPR_01,Jaipur,MALL,14.1,85.0,70.3,CCS2,120.0,True,49.84,47.35,29.07,29.35,1.009,0.6,0.0,NORMAL,False,False,EVENING,True
CHG_D60CC72DA0,2026-08-09 17:25:27,2026-08-09 17:25:27,2026-08-09 17:37:14,JNY_421464091,USR_74747,STN_MUM_02,Mumbai,RESIDENTIAL,55.9,80.0,79.1,CCS2,120.0,True,19.06,18.59,10.59,11.79,1.113,0.5,0.0,NORMAL,False,False,EVENING,True
CHG_0609D4FCE2,2026-08-09 17:33:10,2026-08-09 17:33:10,2026-08-09 18:42:13,JNY_474486796,USR_84885,STN_MUM_02,Mumbai,RESIDENTIAL,22.7,90.0,80.6,CCS2,60.0,True,54.24,52.8,66.3,69.05,1.042,1.0,0.0,NORMAL,False,False,EVENING,True
CHG_6F13EF04BA,2026-08-09 17:34:03,2026-08-09 17:34:03,2026-08-09 17:47:42,JNY_128569512,USR_45921,STN_GGN_02,Gurugram,MALL,52.3,80.0,90.0,CCS2,120.0,True,24.93,24.04,13.85,13.67,0.987,0.6,0.0,NORMAL,False,False,EVENING,True
CHG_4B3385DD4A,2026-08-09 17:46:03,2026-08-09 17:46:03,2026-08-09 18:32:11,JNY_716712259,USR_76449,STN_MUM_02,Mumbai,RESIDENTIAL,17.4,90.0,75.7,CCS2,90.0,True,54.96,52.67,44.78,46.15,1.03,0.5,0.0,NORMAL,False,False,EVENING,True
CHG_6B53540BDC,2026-08-09 17:46:21,2026-08-09 17:46:21,2026-08-09 18:36:17,JNY_732427560,USR_36838,STN_MUM_02,Mumbai,RESIDENTIAL,17.5,80.0,82.5,CHAdeMO,75.0,True,51.56,49.34,45.83,49.95,1.09,0.25,3.0,NORMAL,False,False,EVENING,True
CHG_2B24642332,2026-08-09 17:50:13,2026-08-09 17:50:13,2026-08-09 18:06:26,JNY_309056375,USR_36081,STN_JPR_02,Jaipur,HIGHWAY,49.2,80.0,62.8,CCS2,120.0,True,19.34,18.63,10.75,16.22,1.51,0.2,18.0,NORMAL,False,True,EVENING,True
CHG_6403E20785,2026-08-09 17:53:25,2026-08-09 17:53:25,2026-08-09 18:17:14,JNY_643004697,USR_38660,STN_MUM_02,Mumbai,RESIDENTIAL,28.0,80.0,58.3,CCS2,90.0,True,30.32,29.9,22.46,23.82,1.061,1.0,5.0,NORMAL,False,False,EVENING,True
CHG_BAB10E11AA,2026-08-09 17:56:22,2026-08-09 17:56:22,2026-08-09 18:55:22,JNY_765172073,USR_91363,STN_JPR_02,Jaipur,HIGHWAY,13.9,85.0,90.0,CCS2,90.0,True,63.99,62.11,49.77,59.01,1.186,0.2,3.0,NORMAL,False,False,EVENING,True
CHG_80359019A8,2026-08-09 17:56:49,2026-08-09 17:56:49,2026-08-09 18:36:07,JNY_373530817,USR_50167,STN_GGN_02,Gurugram,MALL,30.6,95.0,63.4,CCS2,90.0,True,40.83,39.37,34.78,39.3,1.13,0.4,3.0,NORMAL,False,False,EVENING,True
CHG_10B8765C43,2026-08-09 17:57:15,2026-08-09 17:57:15,2026-08-09 18:10:53,JNY_976333463,USR_96558,STN_MUM_02,Mumbai,RESIDENTIAL,40.5,80.0,63.8,CCS2,120.0,True,25.2,24.44,14.0,13.64,0.974,0.75,0.0,NORMAL,False,False,EVENING,True
CHG_8974DF2813,2026-08-09 18:07:07,2026-08-09 18:07:07,2026-08-09 19:10:24,JNY_180493520,USR_56630,STN_MUM_01,Mumbai,MALL,31.5,85.0,67.0,CHAdeMO,50.0,True,35.84,34.93,50.18,63.29,1.261,0.2,5.0,NORMAL,False,False,EVENING,True
CHG_339DFBEB8F,2026-08-09 18:08:01,2026-08-09 18:08:01,2026-08-09 18:30:47,JNY_287510770,USR_98852,STN_MUM_01,Mumbai,MALL,54.3,85.0,86.9,CCS2,90.0,True,26.68,25.93,20.75,22.78,1.098,0.6,0.0,NORMAL,False,False,EVENING,True
CHG_64D0EA19C1,2026-08-09 18:09:11,2026-08-09 18:09:11,2026-08-09 18:57:36,JNY_335479421,USR_15978,STN_MUM_01,Mumbai,MALL,16.7,85.0,78.5,CCS2,90.0,True,53.62,51.25,41.7,48.43,1.161,0.2,6.0,NORMAL,False,False,EVENING,True
CHG_2576140C23,2026-08-09 18:11:18,2026-08-09 18:11:18,2026-08-09 23:13:18,JNY_429019051,USR_47654,STN_MUM_02,Mumbai,RESIDENTIAL,43.8,90.0,64.0,TYPE2_AC,7.2,False,29.57,28.1,301.16,302.02,1.003,1.0,0.0,NORMAL,False,False,EVENING,True
CHG_C231614F6A,2026-08-09 18:14:32,2026-08-09 18:14:32,2026-08-09 19:16:46,JNY_524928747,USR_89236,STN_JPR_01,Jaipur,MALL,32.1,80.0,70.1,CHAdeMO,50.0,True,33.58,32.1,44.77,62.25,1.39,0.2,19.0,NORMAL,False,False,EVENING,True
CHG_E6F593551C,2026-08-09 18:18:48,2026-08-09 18:18:48,2026-08-09 18:40:13,JNY_230271077,USR_70490,STN_GGN_02,Gurugram,MALL,25.0,80.0,69.8,CCS2,120.0,True,38.39,36.64,21.33,21.43,1.005,0.4,0.0,NORMAL,False,False,EVENING,True
CHG_65DDFE147D,2026-08-09 18:23:45,2026-08-09 18:23:45,2026-08-09 18:48:18,JNY_738110849,USR_19845,STN_DEL_03,Delhi,HIGHWAY,44.5,90.0,63.8,CHAdeMO,100.0,True,29.03,28.09,21.29,24.56,1.154,0.2,4.0,NORMAL,False,False,EVENING,True
CHG_A076D4CC9A,2026-08-09 18:26:53,2026-08-09 18:26:53,2026-08-09 20:07:04,JNY_559395948,USR_35982,STN_MUM_01,Mumbai,MALL,45.1,80.0,65.9,TYPE2_AC,22.0,False,23.0,22.18,69.69,100.2,1.438,0.0,13.0,NORMAL,False,False,EVENING,True
CHG_63495C7DC5,2026-08-09 18:28:04,2026-08-09 18:28:04,2026-08-10 00:28:04,JNY_933647795,USR_68917,STN_JPR_02,Jaipur,HIGHWAY,26.1,80.0,84.7,TYPE2_AC,11.0,False,45.65,44.73,276.69,360.0,1.301,0.2,13.0,NORMAL,False,False,EVENING,True
CHG_91CB38EF7E,2026-08-09 18:29:09,2026-08-09 18:29:09,2026-08-09 21:38:51,JNY_344793348,USR_34345,STN_GGN_02,Gurugram,MALL,38.2,90.0,69.7,TYPE2_AC,22.0,False,36.1,35.21,120.35,189.7,1.576,0.0,12.0,NORMAL,False,True,EVENING,True
CHG_9A75560A91,2026-08-09 18:35:45,2026-08-09 18:35:45,2026-08-09 18:57:20,JNY_685086073,USR_79258,STN_MUM_02,Mumbai,RESIDENTIAL,48.3,85.0,85.3,CCS2,120.0,True,31.31,29.85,18.26,21.59,1.182,1.0,0.0,MINOR_SLOWDOWN,True,False,EVENING,True
CHG_48369208FE,2026-08-09 18:36:25,2026-08-09 18:36:25,2026-08-09 19:20:42,JNY_996870362,USR_14975,STN_JPR_01,Jaipur,MALL,28.2,85.0,90.0,CHAdeMO,100.0,True,51.12,49.46,35.78,44.28,1.238,0.4,6.0,NORMAL,False,False,EVENING,True
CHG_E1F0E15577,2026-08-09 18:37:49,2026-08-09 18:37:49,2026-08-09 19:37:31,JNY_134483044,USR_76876,STN_GGN_02,Gurugram,MALL,16.0,85.0,90.0,CCS2,90.0,True,62.1,57.58,48.3,59.7,1.236,0.2,5.0,NORMAL,False,False,EVENING,True
CHG_91A352AB8A,2026-08-09 18:44:39,2026-08-09 18:44:39,2026-08-09 19:43:35,JNY_211668419,USR_77045,STN_JPR_02,Jaipur,HIGHWAY,16.0,80.0,66.0,CCS2,60.0,True,42.24,40.84,46.93,58.95,1.256,0.4,10.0,NORMAL,False,False,EVENING,True
CHG_82568EE35F,2026-08-09 18:47:11,2026-08-09 18:47:11,2026-08-09 19:29:28,JNY_395287698,USR_86696,STN_MUM_02,Mumbai,RESIDENTIAL,30.8,90.0,83.1,CHAdeMO,100.0,True,49.2,47.12,36.08,42.29,1.172,1.0,0.0,MINOR_SLOWDOWN,True,False,EVENING,True
CHG_1574CC8321,2026-08-09 18:49:35,2026-08-09 18:49:35,2026-08-09 19:50:57,JNY_434106227,USR_26386,STN_MUM_01,Mumbai,MALL,55.7,80.0,74.5,TYPE2_AC,22.0,False,18.1,17.52,54.86,61.38,1.119,0.4,0.0,NORMAL,False,False,EVENING,True
CHG_C403A8B636,2026-08-09 18:53:28,2026-08-09 18:53:28,2026-08-09 19:48:39,JNY_237860961,USR_67431,STN_GGN_02,Gurugram,MALL,24.1,85.0,86.2,CCS2,90.0,True,52.5,48.92,40.83,55.19,1.352,0.2,6.0,NORMAL,False,False,EVENING,True
CHG_1EA2D8EFA0,2026-08-09 18:53:45,2026-08-09 18:53:45,2026-08-09 19:24:43,JNY_245824681,USR_24060,STN_MUM_02,Mumbai,RESIDENTIAL,24.8,85.0,80.8,CCS2,120.0,True,48.64,47.89,28.37,30.97,1.092,0.5,2.0,NORMAL,False,False,EVENING,True
CHG_4F5A3A0BC0,2026-08-09 18:56:51,2026-08-09 18:56:51,2026-08-10 00:56:51,JNY_347832604,USR_66033,STN_JPR_01,Jaipur,MALL,43.3,95.0,81.4,TYPE2_AC,7.2,False,42.08,40.45,448.11,360.0,0.803,0.2,5.0,NORMAL,False,False,EVENING,True
CHG_7CA0E5B000,2026-08-09 19:00:37,2026-08-09 19:00:37,2026-08-09 19:43:48,JNY_756919659,USR_20485,STN_JPR_02,Jaipur,HIGHWAY,32.4,85.0,86.6,CCS2,120.0,True,45.55,43.44,26.57,43.2,1.626,0.0,25.0,NORMAL,False,True,EVENING,True
CHG_01348FA028,2026-08-09 19:05:23,2026-08-09 19:05:23,2026-08-09 19:19:40,JNY_316747163,USR_95076,STN_MUM_02,Mumbai,RESIDENTIAL,49.5,80.0,84.8,CCS2,120.0,True,25.86,25.03,14.37,14.29,0.994,0.5,0.0,NORMAL,False,False,EVENING,True
CHG_FFC7B6018D,2026-08-09 19:05:54,2026-08-09 19:05:54,2026-08-09 19:55:51,JNY_943213581,USR_48702,STN_MUM_01,Mumbai,MALL,21.2,80.0,66.8,CHAdeMO,75.0,True,39.28,38.56,34.91,49.97,1.431,0.2,3.0,MINOR_SLOWDOWN,True,False,EVENING,True
CHG_252744D2CC,2026-08-09 19:06:45,2026-08-09 19:06:45,2026-08-09 19:42:48,JNY_854582079,USR_62763,STN_BLR_01,Bengaluru,OFFICE,51.0,95.0,77.3,CCS2,120.0,True,34.01,32.69,21.73,36.05,1.659,0.0,18.0,NORMAL,False,True,EVENING,True
CHG_843CB4A7B4,2026-08-09 19:08:59,2026-08-09 19:08:59,2026-08-09 19:45:11,JNY_990296609,USR_55025,STN_DEL_02,Delhi,OFFICE,31.3,80.0,56.5,CHAdeMO,50.0,True,27.52,26.18,36.69,36.22,0.987,0.75,0.0,NORMAL,False,False,EVENING,True
CHG_EAF6BA1F2C,2026-08-09 19:17:05,2026-08-09 19:17:05,2026-08-09 19:39:11,JNY_850695789,USR_38539,STN_GGN_02,Gurugram,MALL,52.5,85.0,90.0,CCS2,90.0,True,29.25,28.08,22.75,22.1,0.972,0.6,2.0,NORMAL,False,False,EVENING,True
CHG_5F43AE722A,2026-08-09 19:22:20,2026-08-09 19:22:20,2026-08-09 19:48:27,JNY_362859205,USR_93668,STN_MUM_01,Mumbai,MALL,26.8,80.0,90.0,CCS2,150.0,True,47.88,47.1,21.28,26.13,1.228,0.2,7.0,NORMAL,False,False,EVENING,True
CHG_792199639F,2026-08-09 19:25:17,2026-08-09 19:25:17,2026-08-09 19:44:22,JNY_431638189,USR_51763,STN_GGN_01,Gurugram,OFFICE,37.8,90.0,67.2,CCS2,150.0,True,35.08,33.9,17.15,19.09,1.113,0.5,0.0,NORMAL,False,False,EVENING,True
CHG_4BC454B4CF,2026-08-09 19:30:00,2026-08-09 19:30:00,2026-08-09 19:56:09,JNY_594888983,USR_70420,STN_GGN_01,Gurugram,OFFICE,17.7,85.0,65.5,CCS2,120.0,True,44.08,43.86,25.71,26.16,1.018,1.0,0.0,NORMAL,False,False,EVENING,True
CHG_ACD3BE39E6,2026-08-09 19:32:54,2026-08-09 19:32:54,2026-08-09 20:13:37,JNY_140503170,USR_27830,STN_GGN_02,Gurugram,MALL,40.1,80.0,88.2,CCS2,60.0,True,35.19,34.35,39.1,40.73,1.042,0.4,0.0,NORMAL,False,False,EVENING,True
CHG_DBF3E10781,2026-08-09 19:34:44,2026-08-09 19:34:44,2026-08-09 20:05:05,JNY_939034150,USR_41835,STN_BLR_01,Bengaluru,OFFICE,29.8,85.0,63.7,CCS2,90.0,True,35.16,33.57,27.35,30.36,1.11,1.0,4.0,NORMAL,False,False,EVENING,True
CHG_9AB68E2453,2026-08-09 19:35:29,2026-08-09 19:35:29,2026-08-09 20:04:33,JNY_384776985,USR_23309,STN_MUM_01,Mumbai,MALL,27.1,80.0,77.7,CHAdeMO,100.0,True,41.1,40.08,27.4,29.08,1.061,0.6,0.0,NORMAL,False,False,EVENING,True
CHG_D4E2CA4CB0,2026-08-09 19:36:57,2026-08-09 19:36:57,2026-08-09 20:11:19,JNY_289361336,USR_15840,STN_BLR_01,Bengaluru,OFFICE,40.6,90.0,85.5,CCS2,90.0,True,42.24,40.04,34.42,34.37,0.999,0.75,0.0,NORMAL,False,False,EVENING,True
CHG_71BF5F156B,2026-08-09 19:37:43,2026-08-09 19:37:43,2026-08-09 20:02:12,JNY_660050905,USR_94358,STN_DEL_02,Delhi,OFFICE,59.4,85.0,79.1,CCS2,60.0,True,20.25,20.05,23.62,24.49,1.037,0.75,0.0,NORMAL,False,False,EVENING,True
CHG_F22A8126F1,2026-08-09 19:39:42,2026-08-09 19:39:42,2026-08-09 20:03:11,JNY_518706329,USR_43185,STN_DEL_01,Delhi,MALL,43.8,90.0,57.5,CCS2,90.0,True,26.57,24.85,21.65,23.5,1.086,0.6,0.0,NORMAL,False,False,EVENING,True
CHG_16BBBA3B1A,2026-08-09 19:39:56,2026-08-09 19:39:56,2026-08-09 20:06:36,JNY_436846457,USR_48973,STN_DEL_02,Delhi,OFFICE,33.9,85.0,82.6,CCS2,120.0,True,42.21,40.79,24.62,26.68,1.084,0.5,0.0,NORMAL,False,False,EVENING,True
CHG_261BD8B936,2026-08-09 19:40:23,2026-08-09 19:40:23,2026-08-09 19:56:47,JNY_696330275,USR_78860,STN_GGN_02,Gurugram,MALL,36.5,80.0,60.8,CCS2,120.0,True,26.45,25.59,14.69,16.4,1.116,0.4,0.0,NORMAL,False,False,EVENING,True
CHG_B14A265B74,2026-08-09 19:42:47,2026-08-09 19:42:47,2026-08-09 20:14:35,JNY_848373544,USR_12914,STN_BLR_01,Bengaluru,OFFICE,32.3,85.0,71.3,CCS2,90.0,True,37.58,36.05,29.23,31.81,1.088,1.0,0.0,NORMAL,False,False,EVENING,True
CHG_EFF755A378,2026-08-09 19:45:13,2026-08-09 19:45:13,2026-08-09 19:57:55,JNY_115314202,USR_32202,STN_DEL_02,Delhi,OFFICE,61.7,85.0,66.5,CCS2,90.0,True,15.49,14.97,12.05,12.7,1.054,1.0,3.0,NORMAL,False,False,EVENING,True
CHG_26C70463C2,2026-08-09 19:46:50,2026-08-09 19:46:50,2026-08-09 20:07:18,JNY_788693908,USR_76394,STN_GGN_02,Gurugram,MALL,26.9,85.0,60.7,CCS2,120.0,True,35.27,33.66,20.57,20.47,0.995,0.4,0.0,NORMAL,False,False,EVENING,True
CHG_C1BFD14F02,2026-08-09 19:49:40,2026-08-09 19:49:40,2026-08-09 20:08:49,JNY_921054374,USR_61275,STN_MUM_01,Mumbai,MALL,36.3,85.0,71.1,CCS2,120.0,True,34.63,33.5,20.2,19.16,0.948,1.0,0.0,NORMAL,False,False,EVENING,True
CHG_D6A551AA38,2026-08-09 19:49:45,2026-08-09 19:49:45,2026-08-09 20:06:45,JNY_498739928,USR_93030,STN_BLR_01,Bengaluru,OFFICE,47.6,80.0,77.5,CHAdeMO,100.0,True,25.11,24.24,16.74,17.0,1.016,1.0,0.0,NORMAL,False,False,EVENING,True
CHG_339357D914,2026-08-09 19:54:02,2026-08-09 19:54:02,2026-08-09 20:20:32,JNY_249758799,USR_92130,STN_DEL_01,Delhi,MALL,30.5,90.0,69.3,CCS2,150.0,True,41.23,40.27,20.16,26.5,1.315,0.2,6.0,NORMAL,False,False,EVENING,True
CHG_57E399B292,2026-08-09 19:54:17,2026-08-09 19:54:17,2026-08-09 20:22:28,JNY_136646312,USR_11517,STN_GGN_01,Gurugram,OFFICE,39.4,85.0,73.3,CCS2,120.0,True,33.42,32.22,19.5,28.19,1.446,0.25,11.0,NORMAL,False,False,EVENING,True
CHG_6FADEA354A,2026-08-09 19:55:39,2026-08-09 19:55:39,2026-08-09 21:16:23,JNY_773138623,USR_53255,STN_GGN_02,Gurugram,MALL,12.2,85.0,77.0,CHAdeMO,50.0,True,56.06,52.81,78.48,80.74,1.029,0.6,0.0,NORMAL,False,False,EVENING,True
CHG_A126FD4D4A,2026-08-09 19:56:45,2026-08-09 19:56:45,2026-08-09 20:31:00,JNY_284694440,USR_40001,STN_BLR_01,Bengaluru,OFFICE,46.5,90.0,86.9,CHAdeMO,75.0,True,37.8,35.96,36.96,34.26,0.927,0.75,0.0,NORMAL,False,False,EVENING,True
CHG_240D2101A5,2026-08-09 19:58:55,2026-08-09 19:58:55,2026-08-09 20:48:32,JNY_559505452,USR_35579,STN_GGN_02,Gurugram,MALL,45.6,85.0,62.4,CHAdeMO,50.0,True,24.59,23.89,34.42,49.63,1.442,0.2,11.0,NORMAL,False,False,EVENING,True
CHG_82CED4D221,2026-08-09 20:06:51,2026-08-09 20:06:51,2026-08-09 20:51:18,JNY_138507405,USR_86951,STN_MUM_01,Mumbai,MALL,36.1,90.0,90.0,CCS2,90.0,True,48.51,47.55,39.53,44.46,1.125,0.2,5.0,NORMAL,False,False,EVENING,True
CHG_8C9B60A5E9,2026-08-09 20:07:29,2026-08-09 20:07:29,2026-08-09 20:27:25,JNY_943796816,USR_72222,STN_DEL_02,Delhi,OFFICE,32.8,80.0,82.2,CCS2,120.0,True,38.8,37.63,21.55,19.94,0.925,0.75,0.0,NORMAL,False,False,EVENING,True
CHG_9909150FCE,2026-08-09 20:13:40,2026-08-09 20:13:40,2026-08-09 20:47:12,JNY_470711661,USR_66776,STN_DEL_01,Delhi,MALL,35.8,85.0,90.0,CCS2,120.0,True,44.28,41.31,25.83,33.54,1.299,0.2,8.0,NORMAL,False,False,EVENING,True
CHG_B2706D998E,2026-08-09 20:15:08,2026-08-09 20:15:08,2026-08-10 00:46:41,JNY_253984582,USR_14002,STN_BLR_01,Bengaluru,OFFICE,30.4,85.0,74.4,TYPE2_AC,11.0,False,40.62,39.07,258.51,271.55,1.05,1.0,0.0,NORMAL,False,False,EVENING,True
CHG_3002E5AEAA,2026-08-09 20:17:32,2026-08-09 20:17:32,2026-08-09 22:29:13,JNY_153875763,USR_15772,STN_GGN_02,Gurugram,MALL,44.5,85.0,77.8,TYPE2_AC,22.0,False,31.51,30.61,100.26,131.69,1.314,0.4,10.0,NORMAL,False,False,EVENING,True
CHG_B26EE07E9E,2026-08-09 20:20:25,2026-08-09 20:20:25,2026-08-09 20:50:41,JNY_241378602,USR_74788,STN_JPR_01,Jaipur,MALL,37.8,90.0,77.3,CHAdeMO,100.0,True,40.35,38.47,29.59,30.28,1.023,0.6,3.0,NORMAL,False,False,EVENING,True
CHG_B48B210EBB,2026-08-09 20:26:01,2026-08-09 20:26:01,2026-08-09 20:44:13,JNY_627585765,USR_82841,STN_MUM_02,Mumbai,RESIDENTIAL,50.1,85.0,87.9,CCS2,120.0,True,30.68,29.22,17.89,18.22,1.018,0.5,0.0,NORMAL,False,False,EVENING,True
CHG_CA31F44319,2026-08-09 20:26:30,2026-08-09 20:26:30,2026-08-09 20:58:32,JNY_401086065,USR_88159,STN_MUM_02,Mumbai,RESIDENTIAL,22.0,90.0,78.5,CCS2,120.0,True,53.38,52.16,32.62,32.04,0.982,0.75,0.0,NORMAL,False,False,EVENING,True
CHG_6BB4DF71FE,2026-08-09 20:29:11,2026-08-09 20:29:11,2026-08-09 22:51:01,JNY_147524774,USR_16775,STN_DEL_01,Delhi,MALL,28.2,80.0,89.1,TYPE2_AC,22.0,False,46.15,43.82,139.86,141.84,1.014,0.4,0.0,NORMAL,False,False,EVENING,True
CHG_F679E7AA6B,2026-08-09 20:30:00,2026-08-09 20:30:00,2026-08-10 02:30:00,JNY_109403600,USR_81849,STN_DEL_02,Delhi,OFFICE,16.7,90.0,67.7,TYPE2_AC,7.2,False,49.62,47.51,505.43,360.0,0.712,0.75,0.0,NORMAL,False,False,EVENING,True
CHG_209AB4D082,2026-08-09 20:34:18,2026-08-09 20:34:18,2026-08-09 22:01:37,JNY_878854736,USR_90984,STN_DEL_02,Delhi,OFFICE,38.4,80.0,74.0,TYPE2_AC,22.0,False,30.78,29.22,93.28,87.32,0.936,0.75,0.0,NORMAL,False,False,EVENING,True
CHG_01A53B953D,2026-08-09 20:34:26,2026-08-09 20:34:26,2026-08-09 21:41:39,JNY_448026531,USR_74469,STN_JPR_01,Jaipur,MALL,20.2,85.0,60.7,CCS2,60.0,True,39.33,38.1,45.89,67.23,1.465,0.2,12.0,NORMAL,False,False,EVENING,True
CHG_84E7525CDD,2026-08-09 20:35:33,2026-08-09 20:35:33,2026-08-09 23:52:18,JNY_211782079,USR_69742,STN_MUM_02,Mumbai,RESIDENTIAL,33.6,85.0,82.7,TYPE2_AC,22.0,False,42.51,41.93,135.25,196.76,1.455,0.25,8.0,MINOR_SLOWDOWN,True,False,EVENING,True
CHG_CB0EB80832,2026-08-09 20:36:34,2026-08-09 20:36:34,2026-08-09 21:03:12,JNY_730204661,USR_72680,STN_BLR_01,Bengaluru,OFFICE,23.0,85.0,70.6,CCS2,120.0,True,43.77,42.07,25.53,26.65,1.044,1.0,0.0,NORMAL,False,False,EVENING,True
CHG_957400165A,2026-08-09 20:40:13,2026-08-09 20:40:13,2026-08-09 21:02:07,JNY_113512102,USR_62145,STN_MUM_01,Mumbai,MALL,43.3,80.0,77.1,CCS2,90.0,True,28.3,27.23,20.96,21.91,1.046,0.4,4.0,NORMAL,False,False,EVENING,True
CHG_EB65F9CACF,2026-08-09 20:41:22,2026-08-09 20:41:22,2026-08-09 21:53:56,JNY_215942766,USR_82344,STN_JPR_02,Jaipur,HIGHWAY,38.7,90.0,59.4,CCS2,60.0,True,30.47,28.59,37.24,72.57,1.949,0.6,0.0,CHARGER_FAULT,True,True,EVENING,True
CHG_9E3373CCE6,2026-08-09 20:45:57,2026-08-09 20:45:57,2026-08-09 21:44:01,JNY_128769229,USR_64310,STN_JPR_02,Jaipur,HIGHWAY,29.9,85.0,90.0,CHAdeMO,75.0,True,49.59,48.99,46.28,58.07,1.255,0.2,7.0,NORMAL,False,False,EVENING,True
CHG_8D2AAF0544,2026-08-09 20:51:02,2026-08-09 20:51:02,2026-08-10 00:43:41,JNY_421786700,USR_38750,STN_GGN_02,Gurugram,MALL,26.9,90.0,60.1,TYPE2_AC,11.0,False,37.92,35.75,252.82,232.66,0.92,0.6,0.0,NORMAL,False,False,EVENING,True
CHG_EAA2D2DC09,2026-08-09 20:53:31,2026-08-09 20:53:31,2026-08-09 21:25:08,JNY_974044384,USR_56178,STN_BLR_01,Bengaluru,OFFICE,18.7,90.0,66.4,CCS2,120.0,True,47.34,45.26,28.93,31.63,1.093,0.75,0.0,NORMAL,False,False,EVENING,True
CHG_863B578BD4,2026-08-09 20:57:25,2026-08-09 20:57:25,2026-08-10 02:39:55,JNY_178984639,USR_62213,STN_BLR_01,Bengaluru,OFFICE,34.6,90.0,90.0,TYPE2_AC,11.0,False,49.86,47.23,332.4,342.51,1.03,1.0,0.0,NORMAL,False,False,EVENING,True
CHG_8FC5D7C731,2026-08-09 20:58:16,2026-08-09 20:58:16,2026-08-10 00:09:54,JNY_458304072,USR_15455,STN_JPR_02,Jaipur,HIGHWAY,22.9,90.0,74.7,TYPE2_AC,22.0,False,50.12,47.02,167.08,191.65,1.147,0.2,4.0,NORMAL,False,False,EVENING,True
CHG_5B63B4F622,2026-08-09 20:58:21,2026-08-09 20:58:21,2026-08-10 02:58:21,JNY_436726702,USR_39288,STN_MUM_01,Mumbai,MALL,14.0,90.0,68.8,TYPE2_AC,11.0,False,52.29,49.5,348.59,360.0,1.033,0.2,5.0,NORMAL,False,False,EVENING,True
CHG_1EEB13BB4F,2026-08-09 20:58:25,2026-08-09 20:58:25,2026-08-09 21:32:32,JNY_886327538,USR_45119,STN_GGN_01,Gurugram,OFFICE,22.0,85.0,65.8,CCS2,90.0,True,41.45,40.13,32.24,34.12,1.058,0.75,0.0,NORMAL,False,False,EVENING,True
CHG_E5A6861D2B,2026-08-09 20:58:33,2026-08-09 20:58:33,2026-08-09 21:32:54,JNY_648405445,USR_96077,STN_DEL_02,Delhi,OFFICE,14.9,80.0,60.0,CHAdeMO,75.0,True,39.06,37.66,34.72,34.35,0.989,0.75,0.0,NORMAL,False,False,EVENING,True
CHG_C9CE463FF2,2026-08-09 21:02:22,2026-08-09 21:02:22,2026-08-09 21:28:30,JNY_509674719,USR_13349,STN_GGN_01,Gurugram,OFFICE,36.1,90.0,74.6,CCS2,150.0,True,40.21,38.45,19.66,26.15,1.33,1.0,4.0,MINOR_SLOWDOWN,True,False,NIGHT,True
CHG_65F17CF80E,2026-08-09 21:02:47,2026-08-09 21:02:47,2026-08-09 22:05:27,JNY_410446650,USR_64240,STN_JPR_02,Jaipur,HIGHWAY,15.2,90.0,86.6,CCS2,90.0,True,64.78,63.82,52.78,62.67,1.187,1.0,0.0,MINOR_SLOWDOWN,True,False,NIGHT,True
CHG_D4B7E9524D,2026-08-09 21:07:35,2026-08-09 21:07:35,2026-08-09 21:28:14,JNY_737471385,USR_18339,STN_JPR_02,Jaipur,HIGHWAY,56.7,85.0,84.6,CCS2,90.0,True,23.94,22.79,18.62,20.65,1.109,0.8,4.0,NORMAL,False,False,NIGHT,True
CHG_3417CA7754,2026-08-09 21:08:42,2026-08-09 21:08:42,2026-08-09 21:59:42,JNY_203837933,USR_47577,STN_DEL_01,Delhi,MALL,23.5,90.0,79.2,CCS2,90.0,True,52.67,50.54,42.91,51.01,1.189,0.2,2.0,NORMAL,False,False,NIGHT,True
CHG_AC2B4473DF,2026-08-09 21:08:55,2026-08-09 21:08:55,2026-08-09 21:36:49,JNY_187246781,USR_18228,STN_DEL_01,Delhi,MALL,32.6,85.0,88.2,CCS2,120.0,True,46.22,43.95,26.96,27.9,1.035,0.6,0.0,NORMAL,False,False,NIGHT,True
CHG_282D2AF343,2026-08-09 21:10:01,2026-08-09 21:10:01,2026-08-10 00:59:23,JNY_327747754,USR_59778,STN_BLR_01,Bengaluru,OFFICE,27.6,95.0,66.0,TYPE2_AC,22.0,False,44.48,41.13,155.02,229.37,1.48,0.75,0.0,POWER_LIMITATION,True,False,NIGHT,True
CHG_66CF48D796,2026-08-09 21:15:15,2026-08-09 21:15:15,2026-08-10 03:15:15,JNY_241949354,USR_16247,STN_MUM_01,Mumbai,MALL,16.4,85.0,59.0,TYPE2_AC,7.2,False,40.47,38.77,393.5,360.0,0.915,0.6,0.0,NORMAL,False,False,NIGHT,True
CHG_CBE63482CA,2026-08-09 21:15:59,2026-08-09 21:15:59,2026-08-09 22:01:57,JNY_816490094,USR_61927,STN_GGN_01,Gurugram,OFFICE,31.6,85.0,77.9,CHAdeMO,75.0,True,41.6,39.59,38.83,45.97,1.184,0.75,0.0,MINOR_SLOWDOWN,True,False,NIGHT,True
CHG_EA37464C44,2026-08-09 21:17:36,2026-08-09 21:17:36,2026-08-09 22:32:44,JNY_308201335,USR_22643,STN_DEL_02,Delhi,OFFICE,26.9,95.0,86.2,CCS2,60.0,True,58.7,55.91,75.01,75.14,1.002,1.0,0.0,NORMAL,False,False,NIGHT,True
CHG_DB6CFF2496,2026-08-09 21:20:13,2026-08-09 21:20:13,2026-08-09 22:13:47,JNY_637110640,USR_87373,STN_BLR_01,Bengaluru,OFFICE,26.3,85.0,65.9,CHAdeMO,50.0,True,38.68,36.96,54.16,53.58,0.989,1.0,0.0,NORMAL,False,False,NIGHT,True
CHG_C02C549708,2026-08-09 21:32:51,2026-08-09 21:32:51,2026-08-09 21:55:19,JNY_184025952,USR_38706,STN_GGN_01,Gurugram,OFFICE,26.6,85.0,61.7,CCS2,120.0,True,36.03,34.08,21.02,22.47,1.069,0.75,0.0,NORMAL,False,False,NIGHT,True
CHG_FC2C756F8A,2026-08-09 21:45:16,2026-08-09 21:45:16,2026-08-09 22:26:39,JNY_692315635,USR_97633,STN_JPR_02,Jaipur,HIGHWAY,26.2,95.0,87.3,CCS2,120.0,True,60.06,57.36,38.37,41.39,1.079,0.6,0.0,NORMAL,False,False,NIGHT,True
CHG_33337BD2F1,2026-08-09 21:46:21,2026-08-09 21:46:21,2026-08-09 22:05:29,JNY_331786076,USR_97011,STN_MUM_02,Mumbai,RESIDENTIAL,26.7,80.0,74.4,CCS2,150.0,True,39.66,38.34,17.62,19.14,1.086,0.25,3.0,NORMAL,False,False,NIGHT,True
CHG_FE0BBDA9E6,2026-08-09 21:50:44,2026-08-09 21:50:44,2026-08-09 21:59:02,JNY_842882053,USR_49911,STN_MUM_01,Mumbai,MALL,60.6,80.0,72.5,CCS2,120.0,True,14.06,12.82,7.81,8.31,1.064,0.8,0.0,NORMAL,False,False,NIGHT,True
CHG_93408B3D86,2026-08-09 21:51:13,2026-08-09 21:51:13,2026-08-09 22:16:43,JNY_414974590,USR_32274,STN_BLR_01,Bengaluru,OFFICE,35.5,90.0,75.6,CCS2,120.0,True,41.2,39.86,25.18,25.5,1.013,1.0,0.0,NORMAL,False,False,NIGHT,True
CHG_97611D0C58,2026-08-09 21:52:13,2026-08-09 21:52:13,2026-08-09 22:06:27,JNY_166535123,USR_77496,STN_JPR_02,Jaipur,HIGHWAY,42.8,85.0,74.1,CCS2,150.0,True,31.27,30.12,14.59,14.25,0.976,0.6,0.0,NORMAL,False,False,NIGHT,True
CHG_7F33A9E965,2026-08-09 21:57:07,2026-08-09 21:57:07,2026-08-09 23:57:38,JNY_376778002,USR_13203,STN_GGN_02,Gurugram,MALL,26.7,80.0,80.0,TYPE2_AC,22.0,False,42.64,40.98,129.21,120.52,0.933,1.0,0.0,NORMAL,False,False,NIGHT,True
CHG_98E7632F69,2026-08-09 22:01:50,2026-08-09 22:01:50,2026-08-09 22:19:14,JNY_941147712,USR_66204,STN_MUM_01,Mumbai,MALL,29.5,85.0,57.7,CCS2,120.0,True,32.02,30.61,18.68,17.41,0.932,0.8,0.0,NORMAL,False,False,NIGHT,True
CHG_23F7AD130E,2026-08-09 22:02:49,2026-08-09 22:02:49,2026-08-09 22:17:56,JNY_380275236,USR_46373,STN_DEL_02,Delhi,OFFICE,39.4,85.0,72.3,CCS2,150.0,True,32.97,31.84,15.39,15.12,0.983,1.0,0.0,NORMAL,False,False,NIGHT,True
CHG_2AC272A8F7,2026-08-09 22:19:05,2026-08-09 22:19:05,2026-08-09 22:43:09,JNY_519203064,USR_76045,STN_MUM_02,Mumbai,RESIDENTIAL,50.4,80.0,61.7,CHAdeMO,50.0,True,18.26,17.65,24.35,24.08,0.989,0.75,0.0,NORMAL,False,False,NIGHT,True
CHG_A2BBCBD0BE,2026-08-09 22:20:16,2026-08-09 22:20:16,2026-08-10 01:06:50,JNY_210149858,USR_62769,STN_MUM_01,Mumbai,MALL,59.7,90.0,78.1,TYPE2_AC,11.0,False,23.66,23.13,157.76,166.57,1.056,0.8,1.0,NORMAL,False,False,NIGHT,True
CHG_F42E09B746,2026-08-09 22:27:33,2026-08-09 22:27:33,2026-08-09 22:59:53,JNY_777148316,USR_32239,STN_GGN_02,Gurugram,MALL,18.9,90.0,61.8,CCS2,120.0,True,43.94,42.81,26.85,32.34,1.204,0.8,0.0,MINOR_SLOWDOWN,True,False,NIGHT,True
CHG_1406AC048B,2026-08-09 22:34:59,2026-08-09 22:34:59,2026-08-09 22:59:55,JNY_916074257,USR_77553,STN_JPR_01,Jaipur,MALL,11.6,80.0,68.7,CCS2,150.0,True,46.99,44.2,20.88,24.94,1.194,0.8,0.0,MINOR_SLOWDOWN,True,False,NIGHT,True
CHG_9AE95274CD,2026-08-09 22:41:53,2026-08-09 22:41:53,2026-08-09 23:11:34,JNY_520875243,USR_25540,STN_DEL_01,Delhi,MALL,35.9,85.0,73.7,CHAdeMO,100.0,True,36.19,34.69,25.33,29.7,1.172,0.4,3.0,NORMAL,False,False,NIGHT,True
CHG_68BE25DD7F,2026-08-09 23:05:46,2026-08-09 23:05:46,2026-08-10 05:05:46,JNY_142199818,USR_72322,STN_DEL_02,Delhi,OFFICE,27.1,85.0,80.2,TYPE2_AC,7.2,False,46.44,44.26,451.46,360.0,0.797,1.0,0.0,NORMAL,False,False,NIGHT,True
CHG_49252B3E4F,2026-08-09 23:10:08,2026-08-09 23:10:08,2026-08-09 23:57:09,JNY_874220755,USR_63033,STN_DEL_02,Delhi,OFFICE,12.9,85.0,77.6,CCS2,90.0,True,55.95,54.01,43.52,47.03,1.081,1.0,3.0,NORMAL,False,False,NIGHT,True
CHG_18DDE43BBC,2026-08-09 23:26:22,2026-08-09 23:26:22,2026-08-09 23:59:35,JNY_998885654,USR_69950,STN_BLR_01,Bengaluru,OFFICE,23.7,90.0,83.8,CCS2,120.0,True,55.56,53.63,33.95,33.23,0.979,1.0,0.0,NORMAL,False,False,NIGHT,True
CHG_70ADBAA483,2026-08-09 23:31:58,2026-08-09 23:31:58,2026-08-10 04:24:27,JNY_973743016,USR_76019,STN_JPR_01,Jaipur,MALL,24.5,85.0,76.3,TYPE2_AC,11.0,False,46.16,44.76,293.75,292.49,0.996,0.8,3.0,NORMAL,False,False,NIGHT,True
CHG_04C4556BB0,2026-08-09 23:49:42,2026-08-09 23:49:42,2026-08-10 00:13:52,JNY_525956255,USR_82386,STN_DEL_02,Delhi,OFFICE,29.2,85.0,73.8,CCS2,150.0,True,41.18,39.7,19.22,24.18,1.258,1.0,3.0,MINOR_SLOWDOWN,True,False,NIGHT,True
CHG_F9EA104FF0,2026-08-10 00:02:42,2026-08-10 00:02:42,2026-08-10 00:30:08,JNY_407058068,USR_97710,STN_GGN_02,Gurugram,MALL,29.1,90.0,87.0,CCS2,150.0,True,52.98,50.16,25.9,27.45,1.06,1.0,0.0,NORMAL,False,False,NIGHT,True
CHG_7508B70F6B,2026-08-10 02:08:15,2026-08-10 02:08:15,2026-08-10 02:30:36,JNY_658615608,USR_80161,STN_MUM_02,Mumbai,RESIDENTIAL,39.8,80.0,80.3,CCS2,90.0,True,32.28,31.77,23.91,22.35,0.935,0.75,0.0,NORMAL,False,False,NIGHT,False
CHG_FDB4E60DA3,2026-08-10 02:25:46,2026-08-10 02:25:46,2026-08-10 02:47:35,JNY_819241362,USR_54178,STN_JPR_02,Jaipur,HIGHWAY,29.4,80.0,78.2,CCS2,120.0,True,39.57,38.43,21.98,21.82,0.992,1.0,0.0,NORMAL,False,False,NIGHT,False
CHG_A2B593A613,2026-08-10 02:43:22,2026-08-10 02:43:22,2026-08-10 03:18:27,JNY_102720499,USR_19896,STN_JPR_02,Jaipur,HIGHWAY,19.8,80.0,80.9,CHAdeMO,100.0,True,48.7,47.55,32.47,35.08,1.081,1.0,4.0,NORMAL,False,False,NIGHT,False
CHG_F2112D9EB6,2026-08-10 03:28:37,2026-08-10 03:28:37,2026-08-10 04:03:04,JNY_664289660,USR_45034,STN_BLR_01,Bengaluru,OFFICE,19.6,80.0,81.9,CCS2,90.0,True,49.47,47.67,36.64,34.45,0.94,0.75,0.0,NORMAL,False,False,NIGHT,False
CHG_1169BB4FBC,2026-08-10 04:34:10,2026-08-10 04:34:10,2026-08-10 04:46:15,JNY_525716105,USR_71979,STN_GGN_02,Gurugram,MALL,60.5,80.0,62.3,CHAdeMO,75.0,True,12.15,12.01,10.8,12.1,1.12,1.0,5.0,NORMAL,False,False,NIGHT,False
CHG_F3B5A6428E,2026-08-10 04:45:02,2026-08-10 04:45:02,2026-08-10 04:56:43,JNY_979771896,USR_15870,STN_DEL_03,Delhi,HIGHWAY,57.8,85.0,75.1,CCS2,120.0,True,20.43,19.88,11.92,11.7,0.982,0.8,0.0,NORMAL,False,False,NIGHT,False
CHG_6358CF5379,2026-08-10 05:23:04,2026-08-10 05:23:04,2026-08-10 06:26:43,JNY_445989078,USR_66448,STN_BLR_01,Bengaluru,OFFICE,46.2,80.0,67.5,TYPE2_AC,22.0,False,22.82,22.05,69.14,63.65,0.921,1.0,0.0,NORMAL,False,False,NIGHT,False
CHG_180CF2627D,2026-08-10 05:27:57,2026-08-10 05:27:57,2026-08-10 05:51:38,JNY_243697800,USR_16847,STN_BLR_01,Bengaluru,OFFICE,25.8,85.0,63.3,CCS2,120.0,True,37.47,35.64,21.86,23.68,1.083,0.5,0.0,NORMAL,False,False,NIGHT,False
CHG_A1CDAE6BA5,2026-08-10 05:40:25,2026-08-10 05:40:25,2026-08-10 05:55:26,JNY_235251959,USR_69576,STN_BLR_01,Bengaluru,OFFICE,23.6,80.0,65.1,CCS2,150.0,True,36.72,34.95,16.32,15.03,0.921,1.0,0.0,NORMAL,False,False,NIGHT,False
CHG_122922DDCC,2026-08-10 05:41:52,2026-08-10 05:41:52,2026-08-10 06:08:40,JNY_635718676,USR_15191,STN_GGN_01,Gurugram,OFFICE,20.5,85.0,74.6,CCS2,120.0,True,48.12,46.47,28.07,26.8,0.955,0.75,0.0,NORMAL,False,False,NIGHT,False
CHG_433FFE9E4F,2026-08-10 05:55:59,2026-08-10 05:55:59,2026-08-10 06:57:25,JNY_499148277,USR_99296,STN_GGN_01,Gurugram,OFFICE,21.1,85.0,90.0,CCS2,90.0,True,57.51,55.42,44.73,61.44,1.374,1.0,2.0,POWER_LIMITATION,True,False,NIGHT,False
CHG_A4A08EC81E,2026-08-10 06:02:25,2026-08-10 06:02:25,2026-08-10 07:35:27,JNY_806608829,USR_86892,STN_DEL_03,Delhi,HIGHWAY,17.1,90.0,80.9,CHAdeMO,50.0,True,58.98,55.69,86.5,93.05,1.076,0.8,0.0,NORMAL,False,False,MORNING,False
CHG_B95E83DA0D,2026-08-10 06:04:53,2026-08-10 06:04:53,2026-08-10 08:32:04,JNY_340510453,USR_39723,STN_DEL_03,Delhi,HIGHWAY,48.0,80.0,72.3,TYPE2_AC,11.0,False,23.14,22.6,140.22,147.19,1.05,0.6,0.0,NORMAL,False,False,MORNING,False
CHG_FAB805871B,2026-08-10 06:06:42,2026-08-10 06:06:42,2026-08-10 06:23:09,JNY_869371103,USR_20864,STN_MUM_01,Mumbai,MALL,24.7,80.0,69.1,CCS2,150.0,True,38.21,36.55,16.98,16.46,0.969,0.8,0.0,NORMAL,False,False,MORNING,False
CHG_5F255C8CE2,2026-08-10 06:08:45,2026-08-10 06:08:45,2026-08-10 06:23:48,JNY_733321666,USR_85036,STN_GGN_01,Gurugram,OFFICE,46.7,80.0,63.6,CCS2,90.0,True,21.18,19.85,15.69,15.05,0.96,1.0,0.0,NORMAL,False,False,MORNING,False
CHG_1751AE2628,2026-08-10 06:17:35,2026-08-10 06:17:35,2026-08-10 09:17:34,JNY_814812499,USR_33467,STN_GGN_02,Gurugram,MALL,22.8,90.0,78.6,TYPE2_AC,22.0,False,52.82,50.71,176.06,179.99,1.022,0.6,0.0,NORMAL,False,False,MORNING,False
CHG_3E461BD720,2026-08-10 06:31:58,2026-08-10 06:31:58,2026-08-10 06:45:54,JNY_428380077,USR_53599,STN_GGN_02,Gurugram,MALL,50.4,80.0,89.6,CCS2,120.0,True,26.52,25.46,14.73,13.94,0.946,0.6,0.0,NORMAL,False,False,MORNING,False
CHG_0C63C81A2E,2026-08-10 06:40:58,2026-08-10 06:40:58,2026-08-10 06:58:40,JNY_184978360,USR_78039,STN_GGN_02,Gurugram,MALL,52.1,85.0,90.0,CCS2,120.0,True,29.61,28.61,17.27,17.71,1.025,0.6,0.0,NORMAL,False,False,MORNING,False
CHG_938EA22B57,2026-08-10 06:47:14,2026-08-10 06:47:14,2026-08-10 07:08:05,JNY_203666060,USR_97708,STN_MUM_02,Mumbai,RESIDENTIAL,56.7,90.0,60.1,CCS2,90.0,True,20.01,19.13,16.31,20.85,1.279,0.5,9.0,NORMAL,False,False,MORNING,False
CHG_3F8A3B55DF,2026-08-10 06:49:07,2026-08-10 06:49:07,2026-08-10 07:02:29,JNY_744729591,USR_65710,STN_DEL_01,Delhi,MALL,57.2,85.0,78.2,CCS2,120.0,True,21.74,21.23,12.68,13.38,1.055,0.8,0.0,NORMAL,False,False,MORNING,False
CHG_4F6CFC611F,2026-08-10 06:51:13,2026-08-10 06:51:13,2026-08-10 07:45:19,JNY_492231268,USR_98532,STN_DEL_01,Delhi,MALL,20.6,90.0,63.8,CHAdeMO,75.0,True,44.28,43.34,43.29,54.11,1.25,0.4,6.0,NORMAL,False,False,MORNING,False
CHG_D89404BB8A,2026-08-10 06:57:44,2026-08-10 06:57:44,2026-08-10 07:21:37,JNY_189482019,USR_25901,STN_GGN_01,Gurugram,OFFICE,26.3,80.0,77.9,CCS2,120.0,True,41.83,40.97,23.24,23.9,1.028,1.0,0.0,NORMAL,False,False,MORNING,False
CHG_F6B0F99598,2026-08-10 06:58:13,2026-08-10 06:58:13,2026-08-10 09:17:27,JNY_135220751,USR_64985,STN_DEL_01,Delhi,MALL,31.6,85.0,89.0,TYPE2_AC,22.0,False,47.53,46.47,151.22,139.24,0.921,0.6,0.0,NORMAL,False,False,MORNING,False
CHG_A13B156B62,2026-08-10 07:01:14,2026-08-10 07:01:14,2026-08-10 09:47:42,JNY_315249943,USR_64519,STN_DEL_03,Delhi,HIGHWAY,50.1,90.0,64.4,TYPE2_AC,11.0,False,25.7,24.18,171.3,166.48,0.972,0.6,0.0,NORMAL,False,False,MORNING,False
CHG_FA3ACB8946,2026-08-10 07:05:33,2026-08-10 07:05:33,2026-08-10 08:27:03,JNY_162917047,USR_34570,STN_DEL_01,Delhi,MALL,57.1,90.0,80.7,TYPE2_AC,22.0,False,26.55,25.89,88.5,81.51,0.921,0.8,0.0,NORMAL,False,False,MORNING,False
CHG_75FD5535D6,2026-08-10 07:08:49,2026-08-10 07:08:49,2026-08-10 08:19:02,JNY_853713853,USR_52957,STN_MUM_01,Mumbai,MALL,16.8,80.0,81.6,CHAdeMO,50.0,True,51.57,49.59,68.76,70.22,1.021,0.6,0.0,NORMAL,False,False,MORNING,False
CHG_0B35E50569,2026-08-10 07:15:02,2026-08-10 07:15:02,2026-08-10 13:15:02,JNY_449198537,USR_38051,STN_DEL_02,Delhi,OFFICE,37.8,90.0,85.6,TYPE2_AC,11.0,False,44.68,43.14,297.89,360.0,1.209,1.0,0.0,POWER_LIMITATION,True,False,MORNING,False
CHG_1FE2520C85,2026-08-10 07:15:32,2026-08-10 07:15:32,2026-08-10 13:13:58,JNY_293490430,USR_75974,STN_JPR_01,Jaipur,MALL,28.7,80.0,90.0,TYPE2_AC,11.0,False,46.17,45.21,279.82,358.43,1.281,0.2,8.0,NORMAL,False,False,MORNING,False
CHG_557EF57834,2026-08-10 07:15:46,2026-08-10 07:15:46,2026-08-10 08:14:04,JNY_832261267,USR_74556,STN_JPR_02,Jaipur,HIGHWAY,55.3,80.0,73.2,TYPE2_AC,22.0,False,18.08,17.15,54.79,58.31,1.064,0.8,0.0,NORMAL,False,False,MORNING,False
CHG_9D91C2230C,2026-08-10 07:24:57,2026-08-10 07:24:57,2026-08-10 07:46:49,JNY_856977423,USR_72691,STN_BLR_01,Bengaluru,OFFICE,56.0,85.0,63.2,CCS2,90.0,True,18.33,17.37,14.26,21.87,1.534,1.0,0.0,POWER_LIMITATION,True,True,MORNING,False
CHG_346BE16C7C,2026-08-10 07:28:33,2026-08-10 07:28:33,2026-08-10 08:05:13,JNY_790708001,USR_24057,STN_BLR_01,Bengaluru,OFFICE,15.9,85.0,74.5,CCS2,120.0,True,51.48,49.42,30.03,36.68,1.221,1.0,0.0,MINOR_SLOWDOWN,True,False,MORNING,False
CHG_B778BFB3EB,2026-08-10 07:31:24,2026-08-10 07:31:24,2026-08-10 08:30:25,JNY_656079458,USR_13989,STN_GGN_01,Gurugram,OFFICE,31.3,85.0,79.3,CCS2,60.0,True,42.58,41.22,49.68,59.02,1.188,0.5,4.0,NORMAL,False,False,MORNING,False
CHG_2CC74AEB9F,2026-08-10 07:31:55,2026-08-10 07:31:55,2026-08-10 11:02:56,JNY_335254508,USR_37983,STN_DEL_02,Delhi,OFFICE,39.2,85.0,56.9,TYPE2_AC,11.0,False,26.06,23.94,165.84,211.03,1.273,0.5,9.0,NORMAL,False,False,MORNING,False
CHG_43649901A7,2026-08-10 07:32:08,2026-08-10 07:32:08,2026-08-10 08:00:05,JNY_480473269,USR_90413,STN_BLR_01,Bengaluru,OFFICE,37.2,85.0,69.2,CCS2,90.0,True,33.08,31.95,25.73,27.96,1.087,1.0,0.0,NORMAL,False,False,MORNING,False
CHG_6600F38D1A,2026-08-10 07:41:51,2026-08-10 07:41:51,2026-08-10 08:05:33,JNY_970546015,USR_60282,STN_BLR_01,Bengaluru,OFFICE,29.7,85.0,67.1,CCS2,120.0,True,37.11,35.79,21.65,23.71,1.096,1.0,2.0,NORMAL,False,False,MORNING,False
CHG_3CF3168717,2026-08-10 07:49:49,2026-08-10 07:49:49,2026-08-10 08:47:45,JNY_372071894,USR_15971,STN_DEL_01,Delhi,MALL,26.8,90.0,71.3,CCS2,60.0,True,45.06,42.73,55.08,57.94,1.052,0.4,0.0,NORMAL,False,False,MORNING,False
CHG_651F120FD5,2026-08-10 07:53:21,2026-08-10 07:53:21,2026-08-10 08:18:49,JNY_103732292,USR_55337,STN_GGN_01,Gurugram,OFFICE,35.1,80.0,88.8,CCS2,120.0,True,39.87,38.99,22.15,25.47,1.15,1.0,5.0,NORMAL,False,False,MORNING,False
CHG_3297AE6037,2026-08-10 07:54:46,2026-08-10 07:54:46,2026-08-10 08:33:25,JNY_443313677,USR_14127,STN_JPR_01,Jaipur,MALL,30.1,85.0,81.1,CCS2,120.0,True,44.52,42.77,25.97,38.66,1.489,0.2,29.0,NORMAL,False,False,MORNING,False
CHG_A2C61646E4,2026-08-10 07:56:15,2026-08-10 07:56:15,2026-08-10 10:36:20,JNY_290526604,USR_40940,STN_GGN_01,Gurugram,OFFICE,28.0,85.0,76.9,TYPE2_AC,22.0,False,43.83,42.2,139.47,160.08,1.148,0.75,4.0,NORMAL,False,False,MORNING,False
CHG_D4913E1418,2026-08-10 07:57:46,2026-08-10 07:57:46,2026-08-10 08:07:25,JNY_970505940,USR_44794,STN_MUM_02,Mumbai,RESIDENTIAL,58.3,85.0,61.9,CCS2,120.0,True,16.53,16.25,9.64,9.65,1.001,0.5,0.0,NORMAL,False,False,MORNING,False
CHG_A58888E888,2026-08-10 08:01:21,2026-08-10 08:01:21,2026-08-10 08:24:00,JNY_170974074,USR_55229,STN_BLR_01,Bengaluru,OFFICE,33.6,85.0,69.3,CCS2,120.0,True,35.62,34.36,20.78,22.66,1.09,0.75,0.0,NORMAL,False,False,MORNING,False
CHG_D7B46E80DC,2026-08-10 08:02:23,2026-08-10 08:02:23,2026-08-10 08:30:11,JNY_666839768,USR_32153,STN_DEL_01,Delhi,MALL,37.0,85.0,69.7,CCS2,90.0,True,33.46,32.24,26.02,27.8,1.068,0.4,0.0,NORMAL,False,False,MORNING,False
CHG_CA1434B66F,2026-08-10 08:03:00,2026-08-10 08:03:00,2026-08-10 14:03:00,JNY_762201939,USR_60445,STN_MUM_01,Mumbai,MALL,19.8,85.0,85.7,TYPE2_AC,7.2,False,55.88,53.87,543.24,360.0,0.663,0.4,0.0,MINOR_SLOWDOWN,True,False,MORNING,False
CHG_87195A7D7C,2026-08-10 08:03:26,2026-08-10 08:03:26,2026-08-10 08:32:07,JNY_917680809,USR_77089,STN_GGN_01,Gurugram,OFFICE,33.3,80.0,77.3,CHAdeMO,100.0,True,36.1,35.83,24.07,28.7,1.192,0.25,2.0,NORMAL,False,False,MORNING,False
CHG_32D3B36AFD,2026-08-10 08:09:20,2026-08-10 08:09:20,2026-08-10 10:54:47,JNY_301859586,USR_97632,STN_GGN_02,Gurugram,MALL,44.8,80.0,75.6,TYPE2_AC,11.0,False,26.61,25.38,161.28,165.46,1.026,0.8,0.0,NORMAL,False,False,MORNING,False
CHG_29EE686256,2026-08-10 08:12:33,2026-08-10 08:12:33,2026-08-10 08:41:59,JNY_395910235,USR_75955,STN_MUM_02,Mumbai,RESIDENTIAL,32.0,90.0,80.3,CCS2,120.0,True,46.57,45.15,28.46,29.44,1.034,0.75,5.0,NORMAL,False,False,MORNING,False
CHG_40774AC7A3,2026-08-10 08:13:46,2026-08-10 08:13:46,2026-08-10 08:35:40,JNY_203249654,USR_77137,STN_DEL_03,Delhi,HIGHWAY,48.8,80.0,73.6,CHAdeMO,100.0,True,22.96,22.17,15.31,21.9,1.431,0.4,9.0,MINOR_SLOWDOWN,True,False,MORNING,False
CHG_0A1C19137F,2026-08-10 08:17:36,2026-08-10 08:17:36,2026-08-10 08:37:31,JNY_631953488,USR_86113,STN_MUM_02,Mumbai,RESIDENTIAL,12.8,80.0,71.8,CCS2,150.0,True,48.25,46.76,21.44,19.92,0.929,0.75,0.0,NORMAL,False,False,MORNING,False
CHG_4C31FE9D9D,2026-08-10 08:20:05,2026-08-10 08:20:05,2026-08-10 08:46:31,JNY_567984464,USR_72878,STN_GGN_02,Gurugram,MALL,34.7,85.0,69.0,CCS2,90.0,True,34.71,33.38,26.99,26.43,0.979,0.4,0.0,NORMAL,False,False,MORNING,False
CHG_6EF0FC2A1F,2026-08-10 08:23:03,2026-08-10 08:23:03,2026-08-10 09:09:27,JNY_978022883,USR_32676,STN_DEL_01,Delhi,MALL,23.0,85.0,63.3,CCS2,60.0,True,39.25,36.78,45.79,46.41,1.014,0.4,0.0,NORMAL,False,False,MORNING,False
CHG_B61FB6C170,2026-08-10 08:25:45,2026-08-10 08:25:45,2026-08-10 08:39:42,JNY_658800202,USR_96619,STN_DEL_02,Delhi,OFFICE,45.0,90.0,62.8,CCS2,150.0,True,28.26,26.92,13.82,13.96,1.01,1.0,5.0,NORMAL,False,False,MORNING,False
CHG_4CFFF809C3,2026-08-10 08:29:29,2026-08-10 08:29:29,2026-08-10 09:18:28,JNY_986534561,USR_79390,STN_MUM_02,Mumbai,RESIDENTIAL,38.0,95.0,73.3,CHAdeMO,75.0,True,41.78,39.81,42.71,48.99,1.147,0.75,3.0,NORMAL,False,False,MORNING,False
CHG_4EABD11084,2026-08-10 08:35:33,2026-08-10 08:35:33,2026-08-10 08:45:24,JNY_684064559,USR_86985,STN_GGN_01,Gurugram,OFFICE,46.0,80.0,68.3,CCS2,150.0,True,23.22,22.18,10.32,9.86,0.955,0.75,0.0,NORMAL,False,False,MORNING,False
CHG_46F5F4EDDE,2026-08-10 08:37:02,2026-08-10 08:37:02,2026-08-10 09:27:01,JNY_500147234,USR_34223,STN_BLR_01,Bengaluru,OFFICE,33.1,85.0,56.9,CHAdeMO,50.0,True,29.53,28.03,41.34,50.0,1.209,0.25,4.0,NORMAL,False,False,MORNING,False
CHG_160C5E0861,2026-08-10 08:39:47,2026-08-10 08:39:47,2026-08-10 14:37:00,JNY_958767366,USR_39668,STN_GGN_02,Gurugram,MALL,39.9,80.0,87.1,TYPE2_AC,7.2,False,34.93,32.49,323.4,357.22,1.105,0.4,6.0,NORMAL,False,False,MORNING,False
CHG_A65EFC7AC3,2026-08-10 08:42:53,2026-08-10 08:42:53,2026-08-10 09:12:03,JNY_844108736,USR_18496,STN_MUM_01,Mumbai,MALL,22.6,80.0,69.2,CCS2,90.0,True,39.72,37.31,29.42,29.18,0.992,0.4,0.0,NORMAL,False,False,MORNING,False
CHG_66010C0C74,2026-08-10 08:48:58,2026-08-10 08:48:58,2026-08-10 09:08:56,JNY_830897698,USR_82910,STN_DEL_03,Delhi,HIGHWAY,35.0,80.0,74.2,CCS2,120.0,True,33.39,32.59,18.55,19.98,1.077,0.4,0.0,NORMAL,False,False,MORNING,False
CHG_1972CA1AF2,2026-08-10 08:49:08,2026-08-10 08:49:08,2026-08-10 09:09:50,JNY_465716633,USR_47001,STN_BLR_01,Bengaluru,OFFICE,42.3,85.0,80.4,CCS2,120.0,True,34.33,33.03,20.03,20.71,1.034,0.75,0.0,NORMAL,False,False,MORNING,False
CHG_AA4CEF0050,2026-08-10 08:52:02,2026-08-10 08:52:02,2026-08-10 09:54:15,JNY_939679890,USR_93921,STN_JPR_02,Jaipur,HIGHWAY,15.3,85.0,79.6,CHAdeMO,75.0,True,55.48,53.62,51.78,62.23,1.202,0.4,11.0,NORMAL,False,False,MORNING,False
CHG_7D5A219F29,2026-08-10 08:57:10,2026-08-10 08:57:10,2026-08-10 12:41:27,JNY_990183036,USR_36890,STN_MUM_02,Mumbai,RESIDENTIAL,55.9,95.0,83.7,TYPE2_AC,11.0,False,32.73,31.6,228.1,224.29,0.983,0.75,0.0,NORMAL,False,False,MORNING,False
CHG_7337487F4C,2026-08-10 08:59:05,2026-08-10 08:59:05,2026-08-10 10:07:41,JNY_918864003,USR_10477,STN_JPR_02,Jaipur,HIGHWAY,47.3,90.0,66.4,CHAdeMO,50.0,True,28.35,27.13,41.58,68.61,1.65,0.4,3.0,POWER_LIMITATION,True,True,MORNING,False
CHG_885E741D66,2026-08-10 09:05:37,2026-08-10 09:05:37,2026-08-10 09:31:05,JNY_846000415,USR_64494,STN_DEL_02,Delhi,OFFICE,38.9,90.0,63.9,CCS2,150.0,True,32.65,31.27,15.96,25.47,1.595,0.25,21.0,NORMAL,False,True,MORNING,False
CHG_3529773FB3,2026-08-10 09:10:55,2026-08-10 09:10:55,2026-08-10 09:42:13,JNY_891398428,USR_80032,STN_GGN_02,Gurugram,MALL,36.5,85.0,62.5,CCS2,90.0,True,30.31,29.02,23.58,31.31,1.328,0.2,8.0,NORMAL,False,False,MORNING,False
CHG_B95EE3D104,2026-08-10 09:22:02,2026-08-10 09:22:02,2026-08-10 12:48:20,JNY_860929119,USR_16987,STN_GGN_01,Gurugram,OFFICE,39.8,80.0,77.1,TYPE2_AC,11.0,False,30.99,30.62,187.84,206.31,1.098,0.75,0.0,NORMAL,False,False,MORNING,False
CHG_4F5798115D,2026-08-10 09:22:08,2026-08-10 09:22:08,2026-08-10 09:50:57,JNY_444418232,USR_86227,STN_DEL_03,Delhi,HIGHWAY,13.7,90.0,66.6,CCS2,150.0,True,50.82,47.75,24.84,28.83,1.161,0.2,6.0,NORMAL,False,False,MORNING,False
CHG_D8EA16C7BB,2026-08-10 09:22:56,2026-08-10 09:22:56,2026-08-10 09:50:54,JNY_202639887,USR_38024,STN_JPR_02,Jaipur,HIGHWAY,39.3,80.0,88.2,CCS2,90.0,True,35.9,34.4,26.59,27.97,1.052,0.4,0.0,NORMAL,False,False,MORNING,False
CHG_3D5C885985,2026-08-10 09:24:40,2026-08-10 09:24:40,2026-08-10 09:52:30,JNY_926875512,USR_51337,STN_JPR_02,Jaipur,HIGHWAY,30.7,85.0,80.6,CCS2,120.0,True,43.77,42.03,25.53,27.84,1.09,1.0,0.0,NORMAL,False,False,MORNING,False
CHG_9683507218,2026-08-10 09:29:07,2026-08-10 09:29:07,2026-08-10 11:08:08,JNY_215777508,USR_10712,STN_BLR_01,Bengaluru,OFFICE,26.1,85.0,79.5,CHAdeMO,50.0,True,46.83,44.98,65.56,99.03,1.511,0.5,0.0,POWER_LIMITATION,True,True,MORNING,False
CHG_0141C276D6,2026-08-10 09:34:08,2026-08-10 09:34:08,2026-08-10 10:14:02,JNY_130621166,USR_33172,STN_DEL_01,Delhi,MALL,25.2,80.0,82.8,CCS2,90.0,True,45.37,44.03,33.61,39.91,1.188,0.4,10.0,NORMAL,False,False,MORNING,False
CHG_C31A3F1B5D,2026-08-10 09:34:09,2026-08-10 09:34:09,2026-08-10 09:50:46,JNY_206829700,USR_11034,STN_MUM_02,Mumbai,RESIDENTIAL,50.8,85.0,75.1,CCS2,120.0,True,25.68,24.4,14.98,16.63,1.11,0.75,5.0,NORMAL,False,False,MORNING,False
CHG_7E725B8D74,2026-08-10 09:35:13,2026-08-10 09:35:13,2026-08-10 10:13:14,JNY_185205059,USR_73141,STN_DEL_03,Delhi,HIGHWAY,48.1,80.0,75.6,CHAdeMO,50.0,True,24.12,23.67,32.16,38.03,1.183,0.4,7.0,NORMAL,False,False,MORNING,False
CHG_7A0C0BB1A2,2026-08-10 09:35:19,2026-08-10 09:35:19,2026-08-10 09:52:25,JNY_878064327,USR_21863,STN_BLR_01,Bengaluru,OFFICE,46.1,90.0,66.3,CCS2,150.0,True,29.11,27.88,14.23,17.11,1.202,0.5,0.0,MINOR_SLOWDOWN,True,False,MORNING,False
CHG_C60B634113,2026-08-10 09:38:49,2026-08-10 09:38:49,2026-08-10 10:36:04,JNY_438167823,USR_20203,STN_MUM_01,Mumbai,MALL,13.0,90.0,59.4,CCS2,60.0,True,45.74,44.11,55.9,57.26,1.024,0.6,0.0,NORMAL,False,False,MORNING,False
CHG_0366E22C13,2026-08-10 09:41:25,2026-08-10 09:41:25,2026-08-10 10:28:45,JNY_136858211,USR_14823,STN_DEL_02,Delhi,OFFICE,36.0,80.0,69.4,CHAdeMO,50.0,True,30.54,29.49,40.71,47.34,1.163,0.25,5.0,NORMAL,False,False,MORNING,False
CHG_35BD2F23F4,2026-08-10 09:41:27,2026-08-10 09:41:27,2026-08-10 10:04:13,JNY_453866039,USR_92138,STN_JPR_02,Jaipur,HIGHWAY,35.6,85.0,66.2,CCS2,120.0,True,32.7,32.54,19.08,22.78,1.194,0.2,2.0,NORMAL,False,False,MORNING,False
CHG_976A92DDBD,2026-08-10 09:41:46,2026-08-10 09:41:46,2026-08-10 10:23:15,JNY_837368481,USR_45934,STN_JPR_01,Jaipur,MALL,35.9,85.0,86.6,CCS2,90.0,True,42.52,41.06,33.07,41.49,1.255,0.2,6.0,NORMAL,False,False,MORNING,False
CHG_CEB040ED7B,2026-08-10 09:46:46,2026-08-10 09:46:46,2026-08-10 10:19:09,JNY_557090328,USR_78866,STN_DEL_03,Delhi,HIGHWAY,14.1,85.0,63.7,CCS2,120.0,True,45.16,43.3,26.35,32.4,1.23,0.2,5.0,NORMAL,False,False,MORNING,False
CHG_D0DDA10D5F,2026-08-10 09:57:07,2026-08-10 09:57:07,2026-08-10 10:19:27,JNY_121918239,USR_47578,STN_DEL_01,Delhi,MALL,25.4,80.0,78.9,CCS2,120.0,True,43.08,41.13,23.93,22.34,0.933,0.6,0.0,NORMAL,False,False,MORNING,False
CHG_FF381DB0D2,2026-08-10 09:57:33,2026-08-10 09:57:33,2026-08-10 10:12:12,JNY_997798917,USR_40781,STN_DEL_03,Delhi,HIGHWAY,55.3,85.0,82.1,CCS2,150.0,True,24.38,23.57,11.38,14.67,1.289,0.2,2.0,MINOR_SLOWDOWN,True,False,MORNING,False
CHG_14218DE360,2026-08-10 09:59:39,2026-08-10 09:59:39,2026-08-10 10:19:51,JNY_174609387,USR_13763,STN_MUM_02,Mumbai,RESIDENTIAL,36.5,80.0,79.6,CCS2,120.0,True,34.63,33.41,19.24,20.22,1.051,0.75,0.0,NORMAL,False,False,MORNING,False
CHG_67377644BC,2026-08-10 10:01:24,2026-08-10 10:01:24,2026-08-10 11:02:10,JNY_356466803,USR_46169,STN_BLR_01,Bengaluru,OFFICE,34.8,90.0,64.5,CCS2,60.0,True,35.6,35.15,43.52,60.78,1.397,0.25,9.0,NORMAL,False,False,MORNING,False
CHG_5FC34F6981,2026-08-10 10:05:30,2026-08-10 10:05:30,2026-08-10 10:30:58,JNY_239144582,USR_84677,STN_MUM_02,Mumbai,RESIDENTIAL,15.9,85.0,80.5,CCS2,150.0,True,55.63,52.86,25.96,25.47,0.981,0.75,0.0,NORMAL,False,False,MORNING,False
CHG_260650D620,2026-08-10 10:05:54,2026-08-10 10:05:54,2026-08-10 11:14:51,JNY_815546190,USR_55568,STN_DEL_03,Delhi,HIGHWAY,24.1,80.0,88.3,CHAdeMO,50.0,True,49.36,47.16,65.81,68.96,1.048,0.4,0.0,NORMAL,False,False,MORNING,False
CHG_25333ED66D,2026-08-10 10:12:00,2026-08-10 10:12:00,2026-08-10 10:52:49,JNY_999329756,USR_67079,STN_GGN_01,Gurugram,OFFICE,23.1,85.0,76.3,CCS2,120.0,True,47.23,45.36,27.55,40.83,1.482,0.25,14.0,NORMAL,False,False,MORNING,False
CHG_8B8BD9FD90,2026-08-10 10:18:48,2026-08-10 10:18:48,2026-08-10 10:55:21,JNY_361501281,USR_48121,STN_MUM_02,Mumbai,RESIDENTIAL,45.4,95.0,79.3,CCS2,90.0,True,39.33,37.51,33.51,36.55,1.091,1.0,0.0,NORMAL,False,False,MORNING,False
CHG_76814A0104,2026-08-10 10:25:25,2026-08-10 10:25:25,2026-08-10 10:47:27,JNY_805065854,USR_14144,STN_DEL_03,Delhi,HIGHWAY,21.8,85.0,67.2,CCS2,150.0,True,42.47,40.73,19.82,22.04,1.112,0.4,0.0,NORMAL,False,False,MORNING,False
CHG_93CC0ED315,2026-08-10 10:25:50,2026-08-10 10:25:50,2026-08-10 11:14:04,JNY_123688721,USR_15623,STN_MUM_02,Mumbai,RESIDENTIAL,18.6,90.0,64.9,CHAdeMO,75.0,True,46.34,43.3,45.31,48.24,1.065,0.5,3.0,NORMAL,False,False,MORNING,False
CHG_5DCF7B9282,2026-08-10 10:26:08,2026-08-10 10:26:08,2026-08-10 10:40:56,JNY_900284028,USR_91490,STN_MUM_02,Mumbai,RESIDENTIAL,51.4,85.0,78.4,CCS2,120.0,True,26.34,25.06,15.37,14.8,0.963,1.0,0.0,NORMAL,False,False,MORNING,False
CHG_B56494C84B,2026-08-10 10:26:24,2026-08-10 10:26:24,2026-08-10 11:17:52,JNY_803062622,USR_81897,STN_MUM_02,Mumbai,RESIDENTIAL,17.8,95.0,75.7,CCS2,90.0,True,58.44,56.23,49.78,51.47,1.034,1.0,0.0,NORMAL,False,False,MORNING,False
CHG_E47A22C0B5,2026-08-10 10:38:44,2026-08-10 10:38:44,2026-08-10 11:04:54,JNY_721627744,USR_82914,STN_DEL_03,Delhi,HIGHWAY,38.0,80.0,72.0,CCS2,90.0,True,30.24,28.87,22.4,26.18,1.169,0.4,11.0,NORMAL,False,False,MORNING,False
CHG_8B3EB89177,2026-08-10 10:56:03,2026-08-10 10:56:03,2026-08-10 11:33:48,JNY_967204025,USR_30075,STN_JPR_02,Jaipur,HIGHWAY,43.5,85.0,62.4,CCS2,60.0,True,25.9,25.5,30.21,37.76,1.25,0.4,8.0,NORMAL,False,False,MORNING,False
CHG_AC8B694EB6,2026-08-10 11:03:22,2026-08-10 11:03:22,2026-08-10 11:28:16,JNY_761418282,USR_12637,STN_JPR_01,Jaipur,MALL,27.7,80.0,87.6,CCS2,150.0,True,45.81,44.5,20.36,24.9,1.223,0.2,10.0,NORMAL,False,False,MORNING,False
CHG_23C7CDA40E,2026-08-10 11:09:29,2026-08-10 11:09:29,2026-08-10 11:33:30,JNY_112812797,USR_50500,STN_MUM_02,Mumbai,RESIDENTIAL,30.7,85.0,61.4,CHAdeMO,100.0,True,33.34,32.04,23.34,24.03,1.03,0.75,0.0,NORMAL,False,False,MORNING,False
CHG_5FC720BE6B,2026-08-10 11:10:17,2026-08-10 11:10:17,2026-08-10 11:54:50,JNY_516581170,USR_37118,STN_MUM_01,Mumbai,MALL,14.3,90.0,77.9,CCS2,120.0,True,58.97,56.92,36.04,44.56,1.237,0.2,5.0,NORMAL,False,False,MORNING,False
CHG_BE9B8ED483,2026-08-10 11:10:56,2026-08-10 11:10:56,2026-08-10 11:37:13,JNY_245259025,USR_19163,STN_DEL_02,Delhi,OFFICE,28.6,85.0,88.1,CCS2,150.0,True,49.69,48.38,23.19,26.29,1.134,0.5,0.0,NORMAL,False,False,MORNING,False
CHG_2560C39FF8,2026-08-10 11:12:22,2026-08-10 11:12:22,2026-08-10 11:42:24,JNY_477867060,USR_19172,STN_JPR_02,Jaipur,HIGHWAY,30.4,95.0,83.6,CCS2,150.0,True,54.01,51.4,27.6,30.04,1.088,0.4,0.0,NORMAL,False,False,MORNING,False
CHG_ED45D20FDC,2026-08-10 11:13:58,2026-08-10 11:13:58,2026-08-10 12:25:07,JNY_501673963,USR_72346,STN_DEL_01,Delhi,MALL,18.5,85.0,88.1,CCS2,60.0,True,58.59,56.75,68.35,71.16,1.041,0.6,0.0,NORMAL,False,False,MORNING,False
CHG_1330233EBD,2026-08-10 11:14:02,2026-08-10 11:14:02,2026-08-10 11:33:23,JNY_256271612,USR_40182,STN_MUM_01,Mumbai,MALL,36.2,85.0,90.0,CCS2,150.0,True,43.92,41.49,20.5,19.36,0.945,0.6,0.0,NORMAL,False,False,MORNING,False
CHG_F24F4A16B5,2026-08-10 11:17:09,2026-08-10 11:17:09,2026-08-10 11:30:01,JNY_819993369,USR_47919,STN_MUM_01,Mumbai,MALL,52.7,90.0,75.3,CCS2,150.0,True,28.09,27.51,13.73,12.88,0.938,0.6,0.0,NORMAL,False,False,MORNING,False
CHG_8B61F930C3,2026-08-10 11:21:21,2026-08-10 11:21:21,2026-08-10 12:38:04,JNY_175911024,USR_60940,STN_DEL_02,Delhi,OFFICE,19.5,85.0,88.1,CCS2,60.0,True,57.71,55.04,67.32,76.72,1.14,0.5,0.0,NORMAL,False,False,MORNING,False
CHG_84A4978311,2026-08-10 11:22:17,2026-08-10 11:22:17,2026-08-10 12:38:29,JNY_804609221,USR_26791,STN_BLR_01,Bengaluru,OFFICE,33.0,90.0,68.4,CHAdeMO,50.0,True,38.99,37.61,57.18,76.2,1.333,0.5,11.0,NORMAL,False,False,MORNING,False
CHG_5DB81C36DE,2026-08-10 11:27:43,2026-08-10 11:27:43,2026-08-10 11:47:53,JNY_194208495,USR_81580,STN_BLR_01,Bengaluru,OFFICE,50.7,85.0,74.9,CCS2,90.0,True,25.69,24.56,19.98,20.17,1.009,0.5,0.0,NORMAL,False,False,MORNING,False
CHG_DEB2ACF169,2026-08-10 11:28:35,2026-08-10 11:28:35,2026-08-10 13:00:49,JNY_615268303,USR_77990,STN_JPR_02,Jaipur,HIGHWAY,39.5,85.0,68.0,TYPE2_AC,22.0,False,30.94,29.35,98.45,92.24,0.937,0.6,0.0,NORMAL,False,False,MORNING,False
CHG_0DB6F0C830,2026-08-10 11:35:59,2026-08-10 11:35:59,2026-08-10 12:21:33,JNY_442975514,USR_51516,STN_BLR_01,Bengaluru,OFFICE,36.1,90.0,67.0,CCS2,60.0,True,36.11,34.49,44.14,45.57,1.032,0.75,0.0,NORMAL,False,False,MORNING,False
CHG_7BFD33BB1E,2026-08-10 11:42:12,2026-08-10 11:42:12,2026-08-10 12:48:45,JNY_766183641,USR_88147,STN_DEL_01,Delhi,MALL,34.7,95.0,71.9,CHAdeMO,50.0,True,43.36,42.2,66.48,66.55,1.001,0.6,3.0,NORMAL,False,False,MORNING,False
CHG_B418394DA2,2026-08-10 11:43:21,2026-08-10 11:43:21,2026-08-10 17:43:21,JNY_434822345,USR_63248,STN_MUM_02,Mumbai,RESIDENTIAL,35.7,90.0,68.6,TYPE2_AC,7.2,False,37.25,36.66,379.4,360.0,0.949,1.0,0.0,NORMAL,False,False,MORNING,False
CHG_F41EF12BF4,2026-08-10 11:58:27,2026-08-10 11:58:27,2026-08-10 15:08:58,JNY_530098925,USR_57988,STN_DEL_01,Delhi,MALL,51.9,85.0,82.8,TYPE2_AC,11.0,False,27.41,25.66,174.41,190.53,1.092,0.8,0.0,NORMAL,False,False,MORNING,False
CHG_0487298B02,2026-08-10 11:59:18,2026-08-10 11:59:18,2026-08-10 16:16:51,JNY_249216873,USR_52527,STN_MUM_01,Mumbai,MALL,43.7,90.0,76.0,TYPE2_AC,11.0,False,35.19,33.9,234.59,257.55,1.098,0.6,0.0,NORMAL,False,False,MORNING,False
CHG_0D2EEC43AD,2026-08-10 12:05:41,2026-08-10 12:05:41,2026-08-10 18:05:41,JNY_705626587,USR_33782,STN_BLR_01,Bengaluru,OFFICE,23.2,85.0,66.1,TYPE2_AC,7.2,False,40.85,39.45,397.15,360.0,0.906,0.25,11.0,NORMAL,False,False,AFTERNOON,False
CHG_AD2C3ED8E3,2026-08-10 12:06:58,2026-08-10 12:06:58,2026-08-10 15:07:18,JNY_924128706,USR_93354,STN_BLR_01,Bengaluru,OFFICE,46.1,85.0,73.6,TYPE2_AC,11.0,False,28.63,26.88,182.19,180.35,0.99,0.5,0.0,NORMAL,False,False,AFTERNOON,False
CHG_7C62DEEE72,2026-08-10 12:12:23,2026-08-10 12:12:23,2026-08-10 12:47:25,JNY_554925055,USR_83414,STN_GGN_01,Gurugram,OFFICE,17.1,85.0,66.6,CCS2,120.0,True,45.22,44.07,26.38,35.05,1.329,0.25,12.0,NORMAL,False,False,AFTERNOON,False
CHG_97963A40EE,2026-08-10 12:31:46,2026-08-10 12:31:46,2026-08-10 15:54:53,JNY_254462234,USR_87013,STN_BLR_01,Bengaluru,OFFICE,23.5,85.0,81.0,TYPE2_AC,22.0,False,49.81,48.31,158.5,203.12,1.282,0.25,3.0,NORMAL,False,False,AFTERNOON,False
CHG_6FAB025795,2026-08-10 12:33:09,2026-08-10 12:33:09,2026-08-10 13:12:49,JNY_517763916,USR_52578,STN_MUM_01,Mumbai,MALL,40.0,80.0,85.3,CCS2,60.0,True,34.12,32.36,37.91,39.67,1.046,0.6,0.0,NORMAL,False,False,AFTERNOON,False
CHG_C7FFB5D45C,2026-08-10 12:33:33,2026-08-10 12:33:33,2026-08-10 12:53:04,JNY_595320909,USR_48995,STN_MUM_01,Mumbai,MALL,25.1,80.0,66.2,CCS2,120.0,True,36.34,35.09,20.19,19.52,0.967,0.6,0.0,NORMAL,False,False,AFTERNOON,False
CHG_8528B13A6A,2026-08-10 12:35:22,2026-08-10 12:35:22,2026-08-10 13:03:01,JNY_145084017,USR_33529,STN_BLR_01,Bengaluru,OFFICE,32.5,80.0,78.7,CCS2,90.0,True,37.38,36.09,27.69,27.67,0.999,0.5,0.0,NORMAL,False,False,AFTERNOON,False
CHG_BCC7A0BB31,2026-08-10 12:36:51,2026-08-10 12:36:51,2026-08-10 12:52:47,JNY_966621652,USR_69445,STN_MUM_01,Mumbai,MALL,29.0,80.0,57.3,CCS2,120.0,True,29.22,27.74,16.23,15.94,0.982,0.4,0.0,NORMAL,False,False,AFTERNOON,False
CHG_0AF40BCB15,2026-08-10 12:38:28,2026-08-10 12:38:28,2026-08-10 15:20:11,JNY_595314238,USR_84544,STN_BLR_01,Bengaluru,OFFICE,24.0,90.0,63.1,TYPE2_AC,22.0,False,41.65,40.15,138.82,161.73,1.165,0.25,6.0,NORMAL,False,False,AFTERNOON,False
CHG_7C170BAD26,2026-08-10 12:38:41,2026-08-10 12:38:41,2026-08-10 12:53:11,JNY_368166386,USR_16648,STN_GGN_01,Gurugram,OFFICE,43.3,80.0,68.3,CCS2,120.0,True,25.07,23.84,13.93,14.51,1.042,0.5,0.0,NORMAL,False,False,AFTERNOON,False
CHG_1C36AD434D,2026-08-10 12:39:14,2026-08-10 12:39:14,2026-08-10 18:39:14,JNY_772416653,USR_81592,STN_MUM_02,Mumbai,RESIDENTIAL,24.6,90.0,75.9,TYPE2_AC,7.2,False,49.64,47.06,505.58,360.0,0.712,0.75,0.0,NORMAL,False,False,AFTERNOON,False
CHG_D86D5633D1,2026-08-10 12:41:43,2026-08-10 12:41:43,2026-08-10 13:25:03,JNY_435450597,USR_67588,STN_BLR_01,Bengaluru,OFFICE,22.4,90.0,72.3,CHAdeMO,100.0,True,48.87,47.38,35.84,43.35,1.209,0.25,10.0,NORMAL,False,False,AFTERNOON,False
CHG_375A302513,2026-08-10 12:42:22,2026-08-10 12:42:22,2026-08-10 13:25:45,JNY_452407382,USR_22039,STN_GGN_02,Gurugram,MALL,34.7,90.0,90.0,CCS2,90.0,True,49.77,47.89,40.55,43.39,1.07,0.6,0.0,NORMAL,False,False,AFTERNOON,False
CHG_B2738A8A61,2026-08-10 12:42:26,2026-08-10 12:42:26,2026-08-10 13:08:12,JNY_759728906,USR_31788,STN_GGN_01,Gurugram,OFFICE,23.7,85.0,73.2,CCS2,120.0,True,44.87,42.34,26.18,25.78,0.985,0.5,0.0,NORMAL,False,False,AFTERNOON,False
CHG_94C5FB7397,2026-08-10 12:47:12,2026-08-10 12:47:12,2026-08-10 17:10:27,JNY_475638630,USR_98685,STN_DEL_01,Delhi,MALL,43.0,85.0,68.7,TYPE2_AC,7.2,False,28.85,28.13,280.52,263.26,0.938,0.6,0.0,NORMAL,False,False,AFTERNOON,False
CHG_3299BC8D0A,2026-08-10 12:49:59,2026-08-10 12:49:59,2026-08-10 13:31:31,JNY_624465169,USR_26006,STN_GGN_01,Gurugram,OFFICE,26.4,80.0,66.2,CCS2,90.0,True,35.48,34.39,26.28,41.54,1.581,0.25,19.0,NORMAL,False,True,AFTERNOON,False
CHG_946644ABD0,2026-08-10 12:55:02,2026-08-10 12:55:02,2026-08-10 13:37:44,JNY_710622082,USR_48002,STN_JPR_02,Jaipur,HIGHWAY,35.4,90.0,89.1,CCS2,90.0,True,48.65,47.37,39.64,42.71,1.077,0.6,0.0,NORMAL,False,False,AFTERNOON,False
CHG_715BB3E1C0,2026-08-10 13:02:09,2026-08-10 13:02:09,2026-08-10 13:27:46,JNY_168690587,USR_87036,STN_BLR_01,Bengaluru,OFFICE,39.7,80.0,90.0,CCS2,120.0,True,36.27,33.78,20.15,25.63,1.272,0.25,3.0,NORMAL,False,False,AFTERNOON,False
CHG_6336845219,2026-08-10 13:04:44,2026-08-10 13:04:44,2026-08-10 13:30:42,JNY_764136949,USR_18998,STN_MUM_01,Mumbai,MALL,25.0,85.0,64.5,CCS2,120.0,True,38.7,37.39,22.57,25.98,1.151,0.8,0.0,MINOR_SLOWDOWN,True,False,AFTERNOON,False
CHG_1F5ADEC7E5,2026-08-10 13:07:31,2026-08-10 13:07:31,2026-08-10 13:23:31,JNY_305674041,USR_89148,STN_GGN_02,Gurugram,MALL,38.0,85.0,63.1,CCS2,120.0,True,29.66,28.86,17.3,16.0,0.925,0.6,0.0,NORMAL,False,False,AFTERNOON,False
CHG_FFD7D7BA9C,2026-08-10 13:10:26,2026-08-10 13:10:26,2026-08-10 15:29:37,JNY_369525191,USR_85912,STN_DEL_01,Delhi,MALL,34.7,85.0,85.2,TYPE2_AC,22.0,False,42.86,41.51,136.36,139.18,1.021,0.6,0.0,NORMAL,False,False,AFTERNOON,False
CHG_0D91B41719,2026-08-10 13:11:26,2026-08-10 13:11:26,2026-08-10 15:40:34,JNY_882974170,USR_18541,STN_MUM_02,Mumbai,RESIDENTIAL,43.9,80.0,66.6,TYPE2_AC,11.0,False,24.04,22.34,145.71,149.14,1.024,1.0,3.0,NORMAL,False,False,AFTERNOON,False
CHG_CA4B5F8575,2026-08-10 13:12:48,2026-08-10 13:12:48,2026-08-10 13:32:20,JNY_969305834,USR_82912,STN_GGN_02,Gurugram,MALL,37.1,85.0,65.4,CCS2,120.0,True,31.33,29.62,18.27,19.55,1.07,0.8,4.0,NORMAL,False,False,AFTERNOON,False
CHG_2BDA6F8C81,2026-08-10 13:21:18,2026-08-10 13:21:18,2026-08-10 15:33:26,JNY_969656285,USR_82529,STN_GGN_01,Gurugram,OFFICE,38.8,85.0,61.4,TYPE2_AC,22.0,False,28.37,27.37,90.26,132.13,1.464,0.5,7.0,MINOR_SLOWDOWN,True,False,AFTERNOON,False
CHG_28398FCAC4,2026-08-10 13:26:56,2026-08-10 13:26:56,2026-08-10 16:13:23,JNY_685562408,USR_44981,STN_BLR_01,Bengaluru,OFFICE,30.3,80.0,90.0,TYPE2_AC,22.0,False,44.73,41.89,135.55,166.46,1.228,0.25,8.0,NORMAL,False,False,AFTERNOON,False
CHG_3483879CD1,2026-08-10 13:34:11,2026-08-10 13:34:11,2026-08-10 14:01:52,JNY_781863147,USR_79203,STN_MUM_01,Mumbai,MALL,36.9,85.0,82.5,CCS2,120.0,True,39.68,38.24,23.15,27.7,1.197,0.4,4.0,NORMAL,False,False,AFTERNOON,False
CHG_948F4CD18E,2026-08-10 13:34:32,2026-08-10 13:34:32,2026-08-10 14:04:38,JNY_218904871,USR_11059,STN_JPR_02,Jaipur,HIGHWAY,26.4,85.0,56.9,CCS2,90.0,True,33.34,31.92,25.93,30.11,1.161,0.6,4.0,NORMAL,False,False,AFTERNOON,False
CHG_7D0E246F35,2026-08-10 13:36:36,2026-08-10 13:36:36,2026-08-10 14:34:38,JNY_729233633,USR_76859,STN_DEL_02,Delhi,OFFICE,20.0,80.0,82.1,CCS2,60.0,True,49.26,48.31,54.73,58.05,1.061,0.5,0.0,NORMAL,False,False,AFTERNOON,False
CHG_9F5EA18CA0,2026-08-10 13:37:11,2026-08-10 13:37:11,2026-08-10 14:18:16,JNY_171800804,USR_29419,STN_JPR_01,Jaipur,MALL,30.0,80.0,63.0,CHAdeMO,50.0,True,31.5,31.12,42.0,41.08,0.978,0.6,0.0,NORMAL,False,False,AFTERNOON,False
CHG_4C6C5E36FE,2026-08-10 13:37:45,2026-08-10 13:37:45,2026-08-10 14:52:56,JNY_460909429,USR_34305,STN_DEL_02,Delhi,OFFICE,47.7,85.0,65.5,TYPE2_AC,22.0,False,24.43,23.49,77.74,75.19,0.967,0.5,0.0,NORMAL,False,False,AFTERNOON,False
CHG_B07C77D24D,2026-08-10 13:37:49,2026-08-10 13:37:49,2026-08-10 14:03:56,JNY_324735110,USR_52333,STN_JPR_01,Jaipur,MALL,30.2,85.0,61.3,CCS2,120.0,True,33.59,32.42,19.6,26.12,1.333,0.2,10.0,NORMAL,False,False,AFTERNOON,False
CHG_A8042166E2,2026-08-10 13:38:53,2026-08-10 13:38:53,2026-08-10 14:08:31,JNY_699371181,USR_72217,STN_DEL_02,Delhi,OFFICE,36.5,90.0,87.5,CCS2,150.0,True,46.81,45.79,22.89,29.64,1.295,0.25,9.0,NORMAL,False,False,AFTERNOON,False
CHG_75FAA3E62F,2026-08-10 13:43:28,2026-08-10 13:43:28,2026-08-10 14:25:17,JNY_688706151,USR_99616,STN_JPR_01,Jaipur,MALL,21.8,85.0,74.3,CHAdeMO,75.0,True,46.96,45.35,43.83,41.83,0.954,0.6,0.0,NORMAL,False,False,AFTERNOON,False
CHG_8BC52F43A9,2026-08-10 13:45:15,2026-08-10 13:45:15,2026-08-10 19:45:15,JNY_575943143,USR_15945,STN_DEL_02,Delhi,OFFICE,26.7,85.0,80.0,TYPE2_AC,7.2,False,46.64,44.34,453.44,360.0,0.794,0.5,0.0,NORMAL,False,False,AFTERNOON,False
CHG_88CEAAA740,2026-08-10 13:46:19,2026-08-10 13:46:19,2026-08-10 14:41:35,JNY_865552568,USR_10609,STN_GGN_02,Gurugram,MALL,18.6,80.0,86.1,CCS2,60.0,True,52.87,49.56,58.74,55.27,0.941,0.6,0.0,NORMAL,False,False,AFTERNOON,False
CHG_3992CC9F3D,2026-08-10 13:46:29,2026-08-10 13:46:29,2026-08-10 14:08:30,JNY_701355197,USR_14566,STN_MUM_01,Mumbai,MALL,55.4,80.0,72.2,CCS2,60.0,True,17.76,17.21,19.73,22.03,1.116,0.6,1.0,NORMAL,False,False,AFTERNOON,False
CHG_1DEB1AE737,2026-08-10 13:50:49,2026-08-10 13:50:49,2026-08-10 14:15:01,JNY_780763397,USR_32561,STN_BLR_01,Bengaluru,OFFICE,35.1,85.0,90.0,CCS2,150.0,True,44.91,42.82,20.96,24.21,1.155,0.25,7.0,NORMAL,False,False,AFTERNOON,False
CHG_9B5B95F30C,2026-08-10 13:52:08,2026-08-10 13:52:08,2026-08-10 15:12:29,JNY_112303104,USR_55727,STN_BLR_01,Bengaluru,OFFICE,18.7,90.0,57.9,CHAdeMO,50.0,True,41.28,38.98,60.55,80.36,1.327,0.25,2.0,MINOR_SLOWDOWN,True,False,AFTERNOON,False
CHG_35712DF063,2026-08-10 13:53:39,2026-08-10 13:53:39,2026-08-10 16:12:19,JNY_357925741,USR_95914,STN_MUM_02,Mumbai,RESIDENTIAL,30.8,95.0,66.1,TYPE2_AC,22.0,False,42.44,40.92,147.88,138.67,0.938,1.0,0.0,NORMAL,False,False,AFTERNOON,False
CHG_127FB8C163,2026-08-10 13:54:52,2026-08-10 13:54:52,2026-08-10 14:33:53,JNY_524419201,USR_23888,STN_DEL_02,Delhi,OFFICE,24.6,90.0,83.1,CCS2,120.0,True,54.35,50.79,33.21,39.03,1.175,0.25,3.0,NORMAL,False,False,AFTERNOON,False
CHG_BB207B26C4,2026-08-10 14:01:26,2026-08-10 14:01:26,2026-08-10 14:27:17,JNY_192494047,USR_94605,STN_MUM_01,Mumbai,MALL,17.1,80.0,71.5,CCS2,120.0,True,44.97,44.46,24.99,25.86,1.035,1.0,2.0,NORMAL,False,False,AFTERNOON,False
CHG_020B71F0AF,2026-08-10 14:02:16,2026-08-10 14:02:16,2026-08-10 15:27:56,JNY_893509063,USR_13523,STN_JPR_01,Jaipur,MALL,31.1,85.0,81.1,CHAdeMO,50.0,True,43.71,42.06,61.2,85.68,1.4,0.6,0.0,POWER_LIMITATION,True,False,AFTERNOON,False
CHG_EB2B5372D7,2026-08-10 14:06:10,2026-08-10 14:06:10,2026-08-10 14:59:50,JNY_325252661,USR_19806,STN_GGN_02,Gurugram,MALL,15.2,80.0,62.8,CHAdeMO,50.0,True,40.69,38.84,54.26,53.67,0.989,0.8,0.0,NORMAL,False,False,AFTERNOON,False
CHG_A861635090,2026-08-10 14:09:08,2026-08-10 14:09:08,2026-08-10 14:42:48,JNY_602752996,USR_70514,STN_MUM_01,Mumbai,MALL,29.2,90.0,79.0,CCS2,120.0,True,48.03,46.35,29.35,33.68,1.147,0.4,4.0,NORMAL,False,False,AFTERNOON,False
CHG_71969CAD36,2026-08-10 14:29:02,2026-08-10 14:29:02,2026-08-10 14:44:55,JNY_469380222,USR_84087,STN_MUM_01,Mumbai,MALL,36.7,85.0,74.2,CCS2,150.0,True,35.84,33.99,16.72,15.88,0.95,0.8,0.0,NORMAL,False,False,AFTERNOON,False
CHG_F233C0526F,2026-08-10 14:31:36,2026-08-10 14:31:36,2026-08-10 15:39:21,JNY_218809979,USR_77739,STN_GGN_02,Gurugram,MALL,29.0,85.0,74.6,CHAdeMO,50.0,True,41.78,40.51,58.49,67.75,1.158,0.4,11.0,NORMAL,False,False,AFTERNOON,False
CHG_DE974DFDC0,2026-08-10 14:33:16,2026-08-10 14:33:16,2026-08-10 18:44:45,JNY_499527216,USR_12172,STN_GGN_02,Gurugram,MALL,14.4,90.0,79.3,TYPE2_AC,22.0,False,59.95,58.97,199.84,251.5,1.259,0.2,2.0,NORMAL,False,False,AFTERNOON,False
CHG_FAF9F8BD9F,2026-08-10 14:34:40,2026-08-10 14:34:40,2026-08-10 15:00:25,JNY_415926705,USR_28443,STN_BLR_01,Bengaluru,OFFICE,39.4,85.0,68.9,CCS2,90.0,True,31.42,30.35,24.44,25.76,1.054,0.5,0.0,NORMAL,False,False,AFTERNOON,False
CHG_0E7B951FF4,2026-08-10 14:41:47,2026-08-10 14:41:47,2026-08-10 15:25:11,JNY_879557747,USR_85394,STN_BLR_01,Bengaluru,OFFICE,34.6,80.0,87.9,CHAdeMO,75.0,True,39.91,38.94,35.47,43.41,1.224,0.25,2.0,NORMAL,False,False,AFTERNOON,False
CHG_C62FEF34FC,2026-08-10 14:42:26,2026-08-10 14:42:26,2026-08-10 16:52:28,JNY_343596093,USR_88330,STN_DEL_02,Delhi,OFFICE,23.8,80.0,65.9,TYPE2_AC,22.0,False,37.04,35.51,112.23,130.05,1.159,0.25,6.0,NORMAL,False,False,AFTERNOON,False
CHG_EF0A8F3D35,2026-08-10 14:45:29,2026-08-10 14:45:29,2026-08-10 16:06:45,JNY_146704665,USR_64217,STN_GGN_01,Gurugram,OFFICE,26.9,85.0,75.4,CHAdeMO,50.0,True,43.81,42.56,61.33,81.28,1.325,0.25,14.0,NORMAL,False,False,AFTERNOON,False
CHG_EF82D42991,2026-08-10 14:49:56,2026-08-10 14:49:56,2026-08-10 15:10:54,JNY_741829242,USR_65741,STN_DEL_03,Delhi,HIGHWAY,38.9,90.0,80.3,CCS2,150.0,True,41.03,40.39,20.06,20.97,1.045,0.6,0.0,NORMAL,False,False,AFTERNOON,False
CHG_67AABB4C80,2026-08-10 14:52:06,2026-08-10 14:52:06,2026-08-10 15:22:10,JNY_114419843,USR_99389,STN_JPR_01,Jaipur,MALL,16.9,85.0,76.6,CCS2,120.0,True,52.16,49.43,30.43,30.07,0.988,0.4,0.0,NORMAL,False,False,AFTERNOON,False
CHG_AD98D4D7DB,2026-08-10 14:53:46,2026-08-10 14:53:46,2026-08-10 15:09:18,JNY_407668837,USR_62386,STN_JPR_02,Jaipur,HIGHWAY,34.1,80.0,71.7,CCS2,150.0,True,32.91,32.16,14.63,15.54,1.062,0.8,3.0,NORMAL,False,False,AFTERNOON,False
CHG_B97604B4E4,2026-08-10 14:58:42,2026-08-10 14:58:42,2026-08-10 15:31:19,JNY_640400669,USR_55502,STN_JPR_01,Jaipur,MALL,13.9,90.0,89.8,CCS2,150.0,True,68.34,66.09,33.41,32.62,0.976,0.8,0.0,NORMAL,False,False,AFTERNOON,False
CHG_A8B683FEF8,2026-08-10 15:05:04,2026-08-10 15:05:04,2026-08-10 20:53:33,JNY_310429411,USR_84857,STN_MUM_01,Mumbai,MALL,20.4,80.0,85.7,TYPE2_AC,11.0,False,51.08,49.0,309.56,348.5,1.126,0.2,2.0,NORMAL,False,False,AFTERNOON,False
CHG_845E647D46,2026-08-10 15:11:05,2026-08-10 15:11:05,2026-08-10 15:42:02,JNY_547468136,USR_68410,STN_MUM_02,Mumbai,RESIDENTIAL,14.5,90.0,90.0,CCS2,150.0,True,67.95,65.75,33.22,30.97,0.932,1.0,0.0,NORMAL,False,False,AFTERNOON,False
CHG_B4106D85F2,2026-08-10 15:11:31,2026-08-10 15:11:31,2026-08-10 15:22:33,JNY_510010934,USR_67705,STN_GGN_02,Gurugram,MALL,56.6,80.0,72.3,CCS2,120.0,True,16.92,16.39,9.4,11.04,1.175,0.4,6.0,NORMAL,False,False,AFTERNOON,False
CHG_E2F4B99D40,2026-08-10 15:11:34,2026-08-10 15:11:34,2026-08-10 15:31:26,JNY_964618155,USR_80352,STN_JPR_01,Jaipur,MALL,39.3,90.0,65.4,CCS2,120.0,True,33.16,32.22,20.26,19.87,0.98,0.6,0.0,NORMAL,False,False,AFTERNOON,False
CHG_1EC15C630B,2026-08-10 15:22:51,2026-08-10 15:22:51,2026-08-10 16:04:30,JNY_104558428,USR_10379,STN_GGN_01,Gurugram,OFFICE,33.7,90.0,69.8,CCS2,90.0,True,39.3,37.35,32.02,41.65,1.301,0.25,6.0,NORMAL,False,False,AFTERNOON,False
CHG_901EA934CE,2026-08-10 15:24:37,2026-08-10 15:24:37,2026-08-10 15:39:14,JNY_983224959,USR_65246,STN_MUM_01,Mumbai,MALL,37.2,80.0,60.5,CCS2,120.0,True,25.89,25.14,14.39,14.63,1.017,0.4,0.0,NORMAL,False,False,AFTERNOON,False
CHG_48C87FF90E,2026-08-10 15:28:26,2026-08-10 15:28:26,2026-08-10 15:43:50,JNY_966556728,USR_92628,STN_DEL_01,Delhi,MALL,53.3,85.0,70.2,CCS2,120.0,True,22.25,21.44,12.98,15.4,1.186,0.4,7.0,NORMAL,False,False,AFTERNOON,False
CHG_EBB002164C,2026-08-10 15:30:02,2026-08-10 15:30:02,2026-08-10 15:57:34,JNY_446105891,USR_26742,STN_MUM_02,Mumbai,RESIDENTIAL,29.9,80.0,90.0,CCS2,120.0,True,45.09,43.38,25.05,27.54,1.099,0.75,0.0,NORMAL,False,False,AFTERNOON,False
CHG_402CA8A194,2026-08-10 15:30:08,2026-08-10 15:30:08,2026-08-10 16:06:05,JNY_337653821,USR_39354,STN_DEL_01,Delhi,MALL,30.8,80.0,67.4,CCS2,60.0,True,33.16,31.68,36.85,35.96,0.976,0.6,0.0,NORMAL,False,False,AFTERNOON,False
CHG_01D8A2D7E3,2026-08-10 15:31:54,2026-08-10 15:31:54,2026-08-10 16:25:36,JNY_891960060,USR_62713,STN_JPR_02,Jaipur,HIGHWAY,18.3,80.0,86.4,CCS2,90.0,True,53.31,51.75,39.49,53.72,1.36,0.0,9.0,NORMAL,False,False,AFTERNOON,False
CHG_37765DF7DE,2026-08-10 15:36:57,2026-08-10 15:36:57,2026-08-10 21:36:57,JNY_385234589,USR_17709,STN_MUM_02,Mumbai,RESIDENTIAL,35.3,85.0,87.4,TYPE2_AC,7.2,False,43.44,41.07,422.31,360.0,0.852,1.0,0.0,NORMAL,False,False,AFTERNOON,False
CHG_4B3AA23830,2026-08-10 15:48:51,2026-08-10 15:48:51,2026-08-10 16:11:16,JNY_823238193,USR_14994,STN_BLR_01,Bengaluru,OFFICE,35.2,85.0,71.4,CCS2,150.0,True,35.56,34.09,16.59,22.43,1.352,0.25,14.0,NORMAL,False,False,AFTERNOON,False
CHG_9CE89E01C9,2026-08-10 15:49:21,2026-08-10 15:49:21,2026-08-10 16:38:15,JNY_286582348,USR_10342,STN_DEL_02,Delhi,OFFICE,16.6,90.0,67.2,CCS2,120.0,True,49.32,47.17,30.14,48.9,1.622,0.5,5.0,POWER_LIMITATION,True,True,AFTERNOON,False
CHG_05257C19C7,2026-08-10 15:50:15,2026-08-10 15:50:15,2026-08-10 16:11:31,JNY_430992580,USR_82901,STN_DEL_02,Delhi,OFFICE,36.8,80.0,84.2,CCS2,120.0,True,36.37,34.13,20.21,21.27,1.053,0.75,0.0,NORMAL,False,False,AFTERNOON,False
CHG_43BEA04D42,2026-08-10 15:55:43,2026-08-10 15:55:43,2026-08-10 16:42:35,JNY_613849068,USR_12657,STN_GGN_02,Gurugram,MALL,15.8,90.0,78.4,CHAdeMO,100.0,True,58.17,55.51,42.66,46.88,1.099,0.6,0.0,NORMAL,False,False,AFTERNOON,False
CHG_2F4C4DD9A1,2026-08-10 15:56:11,2026-08-10 15:56:11,2026-08-10 16:35:49,JNY_992410289,USR_26122,STN_BLR_01,Bengaluru,OFFICE,36.0,80.0,90.0,CCS2,90.0,True,39.6,37.95,29.33,39.65,1.352,0.25,7.0,NORMAL,False,False,AFTERNOON,False
CHG_F23E384AB3,2026-08-10 16:09:38,2026-08-10 16:09:38,2026-08-10 21:15:20,JNY_702984533,USR_60079,STN_MUM_01,Mumbai,MALL,43.3,90.0,77.4,TYPE2_AC,11.0,False,36.15,34.44,240.97,305.7,1.269,0.2,6.0,NORMAL,False,False,AFTERNOON,False
CHG_E51DA8D365,2026-08-10 16:10:08,2026-08-10 16:10:08,2026-08-10 22:10:08,JNY_469210934,USR_53956,STN_BLR_01,Bengaluru,OFFICE,20.4,85.0,86.6,TYPE2_AC,7.2,False,55.94,52.84,543.9,360.0,0.662,0.25,3.0,NORMAL,False,False,AFTERNOON,False
CHG_073AB7521C,2026-08-10 16:13:20,2026-08-10 16:13:20,2026-08-10 16:51:14,JNY_526336052,USR_93660,STN_MUM_01,Mumbai,MALL,21.1,90.0,83.8,CCS2,120.0,True,57.74,55.64,35.28,37.91,1.074,0.6,2.0,NORMAL,False,False,AFTERNOON,False
CHG_B1293190B2,2026-08-10 16:16:31,2026-08-10 16:16:31,2026-08-10 22:16:31,JNY_521584138,USR_72872,STN_DEL_02,Delhi,OFFICE,39.6,80.0,80.9,TYPE2_AC,7.2,False,32.68,31.78,302.63,360.0,1.19,0.25,4.0,NORMAL,False,False,AFTERNOON,False
CHG_7F963D6D84,2026-08-10 16:22:46,2026-08-10 16:22:46,2026-08-10 18:05:00,JNY_807863999,USR_59467,STN_MUM_02,Mumbai,RESIDENTIAL,15.6,85.0,84.3,CHAdeMO,50.0,True,58.5,56.19,81.91,102.24,1.248,0.75,2.0,MINOR_SLOWDOWN,True,False,AFTERNOON,False
CHG_BE6BD1377D,2026-08-10 16:23:18,2026-08-10 16:23:18,2026-08-10 21:26:37,JNY_825332177,USR_16378,STN_MUM_02,Mumbai,RESIDENTIAL,15.9,80.0,73.3,TYPE2_AC,11.0,False,46.99,45.21,284.76,303.32,1.065,1.0,0.0,NORMAL,False,False,AFTERNOON,False
CHG_1AC9320E6B,2026-08-10 16:33:29,2026-08-10 16:33:29,2026-08-10 16:43:37,JNY_513973214,USR_35073,STN_DEL_01,Delhi,MALL,56.5,85.0,62.0,CCS2,120.0,True,17.67,17.3,10.31,10.15,0.985,0.8,1.0,NORMAL,False,False,AFTERNOON,False
CHG_A84BE1BDB8,2026-08-10 16:36:25,2026-08-10 16:36:25,2026-08-10 17:12:04,JNY_945854187,USR_70709,STN_DEL_01,Delhi,MALL,13.2,80.0,60.0,CHAdeMO,75.0,True,40.08,38.36,35.63,35.66,1.001,0.6,0.0,NORMAL,False,False,AFTERNOON,False
CHG_7CAA955EFA,2026-08-10 16:36:34,2026-08-10 16:36:34,2026-08-10 17:31:12,JNY_259686402,USR_76796,STN_GGN_02,Gurugram,MALL,15.2,90.0,90.0,CCS2,90.0,True,67.32,65.52,54.85,54.65,0.996,0.4,0.0,NORMAL,False,False,AFTERNOON,False
CHG_6EAF7FAA5C,2026-08-10 16:39:39,2026-08-10 16:39:39,2026-08-10 17:10:16,JNY_609955568,USR_14526,STN_DEL_03,Delhi,HIGHWAY,27.1,90.0,79.0,CCS2,120.0,True,49.69,47.63,30.37,30.62,1.008,0.4,0.0,NORMAL,False,False,AFTERNOON,False
CHG_2D33465E2A,2026-08-10 16:41:39,2026-08-10 16:41:39,2026-08-10 17:51:22,JNY_662031205,USR_13064,STN_MUM_01,Mumbai,MALL,25.2,90.0,66.9,CHAdeMO,50.0,True,43.35,41.06,63.58,69.73,1.097,0.4,0.0,NORMAL,False,False,AFTERNOON,False
CHG_DD8FC0C6F6,2026-08-10 16:43:57,2026-08-10 16:43:57,2026-08-10 17:11:17,JNY_524240365,USR_38316,STN_MUM_02,Mumbai,RESIDENTIAL,19.0,80.0,90.0,CCS2,150.0,True,54.9,52.42,24.4,27.33,1.12,0.75,2.0,NORMAL,False,False,AFTERNOON,False
CHG_058DB10657,2026-08-10 16:46:10,2026-08-10 16:46:10,2026-08-10 17:20:23,JNY_810484313,USR_77413,STN_JPR_02,Jaipur,HIGHWAY,22.6,85.0,79.0,CCS2,120.0,True,49.3,46.13,28.76,34.22,1.19,0.2,9.0,NORMAL,False,False,AFTERNOON,False
CHG_080A222B72,2026-08-10 16:49:47,2026-08-10 16:49:47,2026-08-10 17:09:23,JNY_496025614,USR_14513,STN_JPR_01,Jaipur,MALL,38.0,80.0,65.0,CCS2,90.0,True,27.3,25.8,20.22,19.6,0.969,0.4,0.0,NORMAL,False,False,AFTERNOON,False
CHG_265D1F758B,2026-08-10 16:55:53,2026-08-10 16:55:53,2026-08-10 20:05:04,JNY_341093469,USR_46176,STN_GGN_02,Gurugram,MALL,25.5,85.0,88.4,TYPE2_AC,22.0,False,52.6,49.63,167.36,189.2,1.13,0.4,0.0,NORMAL,False,False,AFTERNOON,False
CHG_88830A7313,2026-08-10 16:59:23,2026-08-10 16:59:23,2026-08-10 17:27:39,JNY_963192668,USR_41076,STN_MUM_02,Mumbai,RESIDENTIAL,29.0,85.0,67.0,CCS2,90.0,True,37.52,35.91,29.18,28.28,0.969,1.0,0.0,NORMAL,False,False,AFTERNOON,False
CHG_1C044636D9,2026-08-10 16:59:28,2026-08-10 16:59:28,2026-08-10 17:50:07,JNY_844330725,USR_96812,STN_BLR_01,Bengaluru,OFFICE,44.5,95.0,69.3,CCS2,60.0,True,35.0,34.29,44.72,50.66,1.133,0.25,4.0,NORMAL,False,False,AFTERNOON,False
CHG_37A6912158,2026-08-10 17:02:44,2026-08-10 17:02:44,2026-08-10 17:30:10,JNY_417933641,USR_29343,STN_DEL_01,Delhi,MALL,19.7,90.0,69.2,CCS2,150.0,True,48.65,46.79,23.78,27.44,1.154,0.4,0.0,NORMAL,False,False,EVENING,False
CHG_0C76A5331E,2026-08-10 17:12:49,2026-08-10 17:12:49,2026-08-10 17:52:59,JNY_490015925,USR_91413,STN_DEL_02,Delhi,OFFICE,33.7,85.0,57.8,CHAdeMO,75.0,True,29.65,28.61,27.67,40.18,1.452,0.0,21.0,NORMAL,False,False,EVENING,False
CHG_852FEA6B1C,2026-08-10 17:13:56,2026-08-10 17:13:56,2026-08-10 18:11:30,JNY_310759644,USR_87836,STN_MUM_02,Mumbai,RESIDENTIAL,17.6,85.0,71.5,CCS2,60.0,True,48.19,46.19,56.22,57.57,1.024,1.0,0.0,NORMAL,False,False,EVENING,False
CHG_8398C68629,2026-08-10 17:16:44,2026-08-10 17:16:44,2026-08-10 19:36:19,JNY_204515911,USR_37161,STN_DEL_03,Delhi,HIGHWAY,23.2,80.0,82.4,TYPE2_AC,22.0,False,46.8,43.99,141.83,139.59,0.984,0.4,0.0,NORMAL,False,False,EVENING,False
CHG_649A85ACED,2026-08-10 17:17:43,2026-08-10 17:17:43,2026-08-10 17:43:16,JNY_278661089,USR_25998,STN_JPR_01,Jaipur,MALL,21.2,85.0,62.2,CCS2,120.0,True,39.68,38.74,23.15,25.55,1.104,0.6,5.0,NORMAL,False,False,EVENING,False
CHG_1902B712D2,2026-08-10 17:20:33,2026-08-10 17:20:33,2026-08-10 17:52:58,JNY_922963614,USR_71093,STN_GGN_02,Gurugram,MALL,35.0,85.0,65.2,CHAdeMO,75.0,True,32.6,30.8,30.43,32.42,1.065,0.4,0.0,NORMAL,False,False,EVENING,False
CHG_F6F1DAD0A1,2026-08-10 17:22:31,2026-08-10 17:22:31,2026-08-10 17:34:47,JNY_806873031,USR_12791,STN_DEL_01,Delhi,MALL,51.5,85.0,60.1,CCS2,120.0,True,20.13,19.13,11.74,12.28,1.045,0.4,0.0,NORMAL,False,False,EVENING,False
CHG_678879BABA,2026-08-10 17:28:57,2026-08-10 17:28:57,2026-08-10 18:00:12,JNY_904228835,USR_44550,STN_GGN_01,Gurugram,OFFICE,28.3,85.0,88.7,CCS2,150.0,True,50.29,47.92,23.47,31.26,1.332,0.0,11.0,NORMAL,False,False,EVENING,False
CHG_DC7A6F504C,2026-08-10 17:29:08,2026-08-10 17:29:08,2026-08-10 18:34:01,JNY_695855442,USR_62915,STN_MUM_01,Mumbai,MALL,23.1,85.0,88.8,CHAdeMO,75.0,True,54.97,51.3,51.3,64.89,1.265,0.2,2.0,NORMAL,False,False,EVENING,False
CHG_BED2E39F84,2026-08-10 17:29:25,2026-08-10 17:29:25,2026-08-10 17:53:06,JNY_919437123,USR_64135,STN_JPR_02,Jaipur,HIGHWAY,41.1,80.0,86.5,CHAdeMO,100.0,True,33.65,32.18,22.43,23.69,1.056,0.4,4.0,NORMAL,False,False,EVENING,False
CHG_F79A6602F2,2026-08-10 17:31:11,2026-08-10 17:31:11,2026-08-10 18:10:53,JNY_469470139,USR_14560,STN_MUM_02,Mumbai,RESIDENTIAL,34.9,80.0,77.9,CCS2,60.0,True,35.13,33.05,39.04,39.71,1.017,1.0,0.0,NORMAL,False,False,EVENING,False
CHG_CA00D82CB5,2026-08-10 17:31:27,2026-08-10 17:31:27,2026-08-10 17:58:30,JNY_970888660,USR_74095,STN_DEL_01,Delhi,MALL,19.9,80.0,74.8,CCS2,120.0,True,44.95,43.1,24.97,27.06,1.084,0.4,0.0,NORMAL,False,False,EVENING,False
CHG_1386E0C888,2026-08-10 17:31:40,2026-08-10 17:31:40,2026-08-10 18:28:41,JNY_542896545,USR_66323,STN_MUM_01,Mumbai,MALL,19.2,85.0,89.3,CCS2,90.0,True,58.76,55.69,45.7,57.03,1.248,0.2,3.0,NORMAL,False,False,EVENING,False
CHG_52832EFFDD,2026-08-10 17:36:00,2026-08-10 17:36:00,2026-08-10 20:58:14,JNY_215283632,USR_77594,STN_DEL_02,Delhi,OFFICE,38.2,80.0,59.9,TYPE2_AC,11.0,False,25.04,24.32,151.75,202.25,1.333,0.25,6.0,NORMAL,False,False,EVENING,False
CHG_5FA82C0041,2026-08-10 17:36:50,2026-08-10 17:36:50,2026-08-10 17:57:05,JNY_802773841,USR_68524,STN_JPR_01,Jaipur,MALL,15.7,80.0,63.2,CCS2,150.0,True,40.64,38.51,18.06,20.25,1.121,0.4,0.0,NORMAL,False,False,EVENING,False
CHG_46F1697256,2026-08-10 17:38:40,2026-08-10 17:38:40,2026-08-10 18:36:46,JNY_265903939,USR_67590,STN_MUM_01,Mumbai,MALL,19.8,85.0,79.1,CCS2,90.0,True,51.57,49.7,40.11,58.1,1.448,0.2,13.0,NORMAL,False,False,EVENING,False
CHG_F811F61990,2026-08-10 17:45:38,2026-08-10 17:45:38,2026-08-10 18:30:45,JNY_103163141,USR_73264,STN_MUM_02,Mumbai,RESIDENTIAL,23.8,85.0,84.9,CCS2,90.0,True,51.96,50.12,40.41,45.13,1.117,0.25,4.0,NORMAL,False,False,EVENING,False
CHG_9EAC70C35B,2026-08-10 17:51:10,2026-08-10 17:51:10,2026-08-10 20:30:48,JNY_525043576,USR_64950,STN_MUM_01,Mumbai,MALL,28.7,80.0,90.0,TYPE2_AC,22.0,False,46.17,45.21,139.91,159.65,1.141,0.2,2.0,NORMAL,False,False,EVENING,False
CHG_3546CEEAEC,2026-08-10 17:56:20,2026-08-10 17:56:20,2026-08-10 18:17:33,JNY_302102668,USR_46476,STN_BLR_01,Bengaluru,OFFICE,51.5,90.0,69.1,CCS2,120.0,True,26.6,25.55,16.26,21.23,1.306,0.25,5.0,NORMAL,False,False,EVENING,False
CHG_D4ACAC8971,2026-08-10 17:56:48,2026-08-10 17:56:48,2026-08-10 18:12:13,JNY_216306326,USR_61048,STN_JPR_01,Jaipur,MALL,42.7,80.0,59.2,CCS2,120.0,True,22.08,20.81,12.27,15.42,1.257,0.2,3.0,NORMAL,False,False,EVENING,False
CHG_2157CD0D2E,2026-08-10 17:57:22,2026-08-10 17:57:22,2026-08-10 19:04:01,JNY_582216161,USR_77754,STN_DEL_01,Delhi,MALL,17.0,90.0,90.0,CCS2,90.0,True,65.7,63.3,53.53,66.66,1.245,0.2,12.0,NORMAL,False,False,EVENING,False
CHG_400D26FD6D,2026-08-10 17:57:53,2026-08-10 17:57:53,2026-08-10 18:20:29,JNY_142325862,USR_47840,STN_GGN_02,Gurugram,MALL,32.3,80.0,67.5,CCS2,90.0,True,32.2,31.01,23.85,22.62,0.948,0.8,0.0,NORMAL,False,False,EVENING,False
CHG_AF2C33E4DF,2026-08-10 17:59:59,2026-08-10 17:59:59,2026-08-10 23:29:15,JNY_482799897,USR_46323,STN_DEL_01,Delhi,MALL,42.8,95.0,86.4,TYPE2_AC,11.0,False,45.1,42.63,314.34,329.27,1.048,0.4,3.0,NORMAL,False,False,EVENING,False
CHG_6A3C01D70B,2026-08-10 18:04:22,2026-08-10 18:04:22,2026-08-10 18:54:15,JNY_981527631,USR_41237,STN_DEL_03,Delhi,HIGHWAY,25.7,80.0,73.9,CCS2,90.0,True,40.13,38.89,29.72,49.9,1.679,0.0,58.0,NORMAL,False,True,EVENING,False
CHG_FD5E666623,2026-08-10 18:04:50,2026-08-10 18:04:50,2026-08-10 18:23:27,JNY_819395250,USR_87983,STN_MUM_02,Mumbai,RESIDENTIAL,25.8,80.0,65.2,CCS2,120.0,True,35.34,33.39,19.63,18.62,0.948,1.0,1.0,NORMAL,False,False,EVENING,False
CHG_F3F1443BC8,2026-08-10 18:11:21,2026-08-10 18:11:21,2026-08-10 21:41:39,JNY_761915097,USR_71419,STN_DEL_02,Delhi,OFFICE,31.6,85.0,79.8,TYPE2_AC,22.0,False,42.61,40.84,135.59,210.31,1.551,0.0,19.0,NORMAL,False,True,EVENING,False
CHG_57192B062F,2026-08-10 18:16:44,2026-08-10 18:16:44,2026-08-10 19:40:56,JNY_557904772,USR_77031,STN_JPR_02,Jaipur,HIGHWAY,16.5,85.0,79.7,CCS2,60.0,True,54.59,52.24,63.69,84.21,1.322,0.2,5.0,NORMAL,False,False,EVENING,False
CHG_C7141A2441,2026-08-10 18:16:46,2026-08-10 18:16:46,2026-08-10 19:15:54,JNY_172123183,USR_68023,STN_BLR_01,Bengaluru,OFFICE,35.1,90.0,80.0,CCS2,60.0,True,43.92,42.5,53.68,59.14,1.102,0.25,3.0,NORMAL,False,False,EVENING,False
CHG_9FC3035774,2026-08-10 18:21:22,2026-08-10 18:21:22,2026-08-10 18:54:12,JNY_853288260,USR_99493,STN_JPR_01,Jaipur,MALL,20.4,80.0,84.5,CCS2,120.0,True,50.36,49.63,27.98,32.84,1.174,0.2,6.0,NORMAL,False,False,EVENING,False
CHG_E646A0E8F5,2026-08-10 18:25:35,2026-08-10 18:25:35,2026-08-10 19:01:35,JNY_127500338,USR_73339,STN_DEL_01,Delhi,MALL,12.7,85.0,75.1,CCS2,120.0,True,54.3,51.01,31.67,36.0,1.137,0.2,5.0,NORMAL,False,False,EVENING,False
CHG_16B54E01A5,2026-08-10 18:30:15,2026-08-10 18:30:15,2026-08-10 19:25:32,JNY_328196166,USR_43154,STN_DEL_02,Delhi,OFFICE,23.5,85.0,90.0,CCS2,120.0,True,55.35,53.34,32.29,55.29,1.712,0.0,56.0,NORMAL,False,True,EVENING,False
CHG_ABCB1AC53F,2026-08-10 18:32:56,2026-08-10 18:32:56,2026-08-10 19:00:25,JNY_974646276,USR_49971,STN_DEL_01,Delhi,MALL,33.3,85.0,71.6,CCS2,120.0,True,37.02,35.78,21.59,27.5,1.273,0.2,5.0,NORMAL,False,False,EVENING,False
CHG_EE551D4E5D,2026-08-10 18:32:59,2026-08-10 18:32:59,2026-08-10 19:06:06,JNY_939531631,USR_84829,STN_BLR_01,Bengaluru,OFFICE,42.3,85.0,78.9,CCS2,90.0,True,33.69,32.26,26.2,33.13,1.264,0.25,8.0,NORMAL,False,False,EVENING,False
CHG_D14199C18D,2026-08-10 18:40:00,2026-08-10 18:40:00,2026-08-10 19:14:14,JNY_975604997,USR_78853,STN_DEL_03,Delhi,HIGHWAY,16.7,80.0,78.2,CCS2,120.0,True,49.5,47.05,27.5,34.24,1.245,0.2,8.0,NORMAL,False,False,EVENING,False
CHG_37C8916BAF,2026-08-10 18:40:45,2026-08-10 18:40:45,2026-08-10 19:22:22,JNY_832453776,USR_84410,STN_GGN_02,Gurugram,MALL,26.4,85.0,74.7,CHAdeMO,75.0,True,43.77,42.12,40.86,41.62,1.019,0.6,0.0,NORMAL,False,False,EVENING,False
CHG_D4D970158A,2026-08-10 18:42:38,2026-08-10 18:42:38,2026-08-10 19:31:23,JNY_917713898,USR_79326,STN_DEL_01,Delhi,MALL,13.1,85.0,80.5,CHAdeMO,100.0,True,57.88,55.53,40.52,48.76,1.204,0.2,8.0,NORMAL,False,False,EVENING,False
CHG_3D95756B0D,2026-08-10 18:45:16,2026-08-10 18:45:16,2026-08-10 19:08:04,JNY_695712401,USR_83197,STN_DEL_01,Delhi,MALL,30.4,80.0,65.9,CCS2,120.0,True,32.69,32.06,18.16,22.81,1.256,0.2,4.0,NORMAL,False,False,EVENING,False
CHG_52E121E46D,2026-08-10 18:47:06,2026-08-10 18:47:06,2026-08-10 19:39:20,JNY_656019001,USR_89930,STN_MUM_01,Mumbai,MALL,19.5,85.0,68.3,CCS2,90.0,True,44.74,43.56,34.8,52.23,1.501,0.0,10.0,NORMAL,False,True,EVENING,False
CHG_C17DA237ED,2026-08-10 18:54:40,2026-08-10 18:54:40,2026-08-10 19:14:36,JNY_709497425,USR_92846,STN_GGN_01,Gurugram,OFFICE,39.7,80.0,74.7,CCS2,120.0,True,30.1,29.04,16.72,19.94,1.192,0.25,9.0,NORMAL,False,False,EVENING,False
CHG_9725C568CD,2026-08-10 18:59:34,2026-08-10 18:59:34,2026-08-10 19:59:52,JNY_410275053,USR_58080,STN_MUM_01,Mumbai,MALL,36.1,85.0,87.9,CCS2,60.0,True,42.98,41.56,50.15,60.3,1.203,0.2,2.0,NORMAL,False,False,EVENING,False
CHG_4B03150054,2026-08-10 19:01:56,2026-08-10 19:01:56,2026-08-10 19:14:36,JNY_400772918,USR_52349,STN_DEL_01,Delhi,MALL,57.5,80.0,77.2,CCS2,120.0,True,17.37,16.45,9.65,12.67,1.313,0.2,15.0,NORMAL,False,False,EVENING,False
CHG_E2DD7955D6,2026-08-10 19:04:22,2026-08-10 19:04:22,2026-08-10 19:23:58,JNY_432904787,USR_75213,STN_DEL_02,Delhi,OFFICE,48.3,85.0,62.6,CCS2,90.0,True,22.97,21.97,17.87,19.6,1.097,1.0,0.0,NORMAL,False,False,EVENING,False
CHG_5E8FCB037B,2026-08-10 19:08:43,2026-08-10 19:08:43,2026-08-10 19:49:30,JNY_383388000,USR_29220,STN_DEL_02,Delhi,OFFICE,28.6,80.0,87.5,CCS2,90.0,True,44.98,42.46,33.31,40.8,1.225,0.25,6.0,NORMAL,False,False,EVENING,False
CHG_3B489B57E3,2026-08-10 19:09:04,2026-08-10 19:09:04,2026-08-10 19:54:58,JNY_684667556,USR_24035,STN_GGN_02,Gurugram,MALL,59.3,80.0,75.0,TYPE2_AC,22.0,False,15.53,14.74,47.05,45.91,0.976,0.4,0.0,NORMAL,False,False,EVENING,False
CHG_6C172E129A,2026-08-10 19:10:09,2026-08-10 19:10:09,2026-08-10 19:42:57,JNY_742646191,USR_28275,STN_GGN_02,Gurugram,MALL,22.7,80.0,83.9,CCS2,120.0,True,48.07,45.45,26.71,32.82,1.229,0.2,3.0,NORMAL,False,False,EVENING,False
CHG_BB43C7AF0F,2026-08-10 19:19:00,2026-08-10 19:19:00,2026-08-10 20:52:21,JNY_275233185,USR_46228,STN_BLR_01,Bengaluru,OFFICE,17.5,85.0,90.0,CHAdeMO,50.0,True,60.75,58.06,85.05,93.36,1.098,1.0,0.0,NORMAL,False,False,EVENING,False
CHG_714B571317,2026-08-10 19:23:19,2026-08-10 19:23:19,2026-08-10 19:41:52,JNY_555344771,USR_48196,STN_BLR_01,Bengaluru,OFFICE,31.2,80.0,62.0,CCS2,120.0,True,30.26,29.57,16.81,18.56,1.104,0.5,5.0,NORMAL,False,False,EVENING,False
CHG_1DDFBFA748,2026-08-10 19:23:58,2026-08-10 19:23:58,2026-08-10 20:13:11,JNY_132239346,USR_81767,STN_DEL_02,Delhi,OFFICE,25.9,90.0,74.9,CHAdeMO,75.0,True,48.01,45.65,46.94,49.22,1.049,1.0,5.0,NORMAL,False,False,EVENING,False
CHG_7B3E1E4335,2026-08-10 19:25:00,2026-08-10 19:25:00,2026-08-10 19:50:01,JNY_643204341,USR_83497,STN_MUM_01,Mumbai,MALL,27.9,85.0,69.7,CCS2,120.0,True,39.8,38.83,23.22,25.03,1.078,0.4,0.0,NORMAL,False,False,EVENING,False
CHG_547759CE44,2026-08-10 19:29:12,2026-08-10 19:29:12,2026-08-10 22:15:20,JNY_171450038,USR_64443,STN_GGN_01,Gurugram,OFFICE,17.6,90.0,63.3,TYPE2_AC,22.0,False,45.83,44.42,152.76,166.15,1.088,0.5,0.0,NORMAL,False,False,EVENING,False
CHG_3602615616,2026-08-10 19:30:10,2026-08-10 19:30:10,2026-08-10 19:59:07,JNY_616605866,USR_20950,STN_MUM_01,Mumbai,MALL,14.8,85.0,59.4,CHAdeMO,100.0,True,41.7,40.97,29.19,28.95,0.992,0.4,0.0,NORMAL,False,False,EVENING,False
CHG_68658A1454,2026-08-10 19:31:19,2026-08-10 19:31:19,2026-08-10 20:15:55,JNY_956794019,USR_15350,STN_GGN_02,Gurugram,MALL,37.3,85.0,83.4,CCS2,90.0,True,39.78,37.83,30.94,44.6,1.441,0.2,25.0,NORMAL,False,False,EVENING,False
CHG_B798DEFE3A,2026-08-10 19:34:50,2026-08-10 19:34:50,2026-08-10 22:03:52,JNY_326971329,USR_76476,STN_BLR_01,Bengaluru,OFFICE,41.4,80.0,85.3,TYPE2_AC,22.0,False,32.93,31.01,99.78,149.04,1.494,0.25,13.0,NORMAL,False,False,EVENING,False
CHG_99E915E057,2026-08-10 19:34:59,2026-08-10 19:34:59,2026-08-10 20:38:43,JNY_974461106,USR_35687,STN_GGN_02,Gurugram,MALL,33.4,85.0,82.4,CHAdeMO,50.0,True,42.52,41.57,59.53,63.74,1.071,0.2,2.0,NORMAL,False,False,EVENING,False
CHG_8D89440304,2026-08-10 19:40:58,2026-08-10 19:40:58,2026-08-10 20:13:13,JNY_748657197,USR_75908,STN_MUM_02,Mumbai,RESIDENTIAL,31.7,85.0,70.5,CCS2,90.0,True,37.58,36.94,29.23,32.27,1.104,0.25,3.0,NORMAL,False,False,EVENING,False
CHG_385B0140F7,2026-08-10 19:41:35,2026-08-10 19:41:35,2026-08-10 21:01:30,JNY_793982890,USR_35628,STN_MUM_01,Mumbai,MALL,19.8,90.0,76.8,CHAdeMO,50.0,True,53.91,52.06,79.07,79.93,1.011,0.4,0.0,NORMAL,False,False,EVENING,False
CHG_6F909B6245,2026-08-10 19:43:09,2026-08-10 19:43:09,2026-08-10 21:27:58,JNY_555298492,USR_84365,STN_MUM_01,Mumbai,MALL,54.2,90.0,77.3,TYPE2_AC,22.0,False,27.67,26.6,92.24,104.82,1.136,0.4,9.0,NORMAL,False,False,EVENING,False
CHG_DA0A944147,2026-08-10 19:44:35,2026-08-10 19:44:35,2026-08-10 23:04:47,JNY_942019253,USR_60093,STN_DEL_02,Delhi,OFFICE,28.2,80.0,64.4,TYPE2_AC,11.0,False,33.36,32.5,202.18,200.21,0.99,0.75,0.0,NORMAL,False,False,EVENING,False
CHG_10ED125A3B,2026-08-10 19:45:12,2026-08-10 19:45:12,2026-08-10 23:55:33,JNY_162190683,USR_98019,STN_MUM_01,Mumbai,MALL,37.0,85.0,80.2,TYPE2_AC,11.0,False,38.5,37.15,244.97,250.36,1.022,0.6,0.0,NORMAL,False,False,EVENING,False
CHG_5AD7893ED5,2026-08-10 19:45:24,2026-08-10 19:45:24,2026-08-10 20:18:09,JNY_108172213,USR_37150,STN_GGN_01,Gurugram,OFFICE,47.1,90.0,84.4,CHAdeMO,75.0,True,36.21,35.44,35.4,32.76,0.925,0.75,0.0,NORMAL,False,False,EVENING,False
CHG_EED9CBCA08,2026-08-10 19:49:30,2026-08-10 19:49:30,2026-08-10 20:56:44,JNY_845447128,USR_33739,STN_GGN_02,Gurugram,MALL,37.6,80.0,83.2,CCS2,60.0,True,35.28,34.32,39.2,67.24,1.715,0.2,7.0,POWER_LIMITATION,True,True,EVENING,False
CHG_FEE140AFDD,2026-08-10 19:49:55,2026-08-10 19:49:55,2026-08-10 20:49:05,JNY_107803877,USR_77578,STN_DEL_01,Delhi,MALL,28.7,85.0,83.9,CCS2,90.0,True,47.24,44.96,36.74,59.17,1.611,0.0,15.0,NORMAL,False,True,EVENING,False
CHG_0C03A2F8F2,2026-08-10 20:05:30,2026-08-10 20:05:30,2026-08-10 20:26:43,JNY_781546369,USR_25630,STN_BLR_01,Bengaluru,OFFICE,15.4,80.0,77.1,CCS2,150.0,True,49.81,47.62,22.14,21.23,0.959,0.75,2.0,NORMAL,False,False,EVENING,False
CHG_F1C324F6A7,2026-08-10 20:05:51,2026-08-10 20:05:51,2026-08-10 20:40:01,JNY_612922380,USR_25606,STN_MUM_01,Mumbai,MALL,26.4,85.0,89.5,CCS2,150.0,True,52.45,50.91,24.48,34.17,1.396,0.2,9.0,NORMAL,False,False,EVENING,False
CHG_7238888D3E,2026-08-10 20:06:36,2026-08-10 20:06:36,2026-08-10 20:44:31,JNY_502603131,USR_77453,STN_DEL_01,Delhi,MALL,33.6,80.0,81.0,CCS2,90.0,True,37.58,36.97,27.84,37.93,1.362,0.2,10.0,NORMAL,False,False,EVENING,False
CHG_588DABC3B0,2026-08-10 20:07:26,2026-08-10 20:07:26,2026-08-11 02:07:26,JNY_893318692,USR_43510,STN_DEL_03,Delhi,HIGHWAY,27.0,85.0,65.7,TYPE2_AC,7.2,False,38.11,37.49,370.48,360.0,0.972,0.0,6.0,NORMAL,False,False,EVENING,False
CHG_2EF125153F,2026-08-10 20:08:54,2026-08-10 20:08:54,2026-08-10 21:07:12,JNY_859133374,USR_35533,STN_MUM_02,Mumbai,RESIDENTIAL,25.1,85.0,87.9,CHAdeMO,75.0,True,52.65,50.49,49.14,58.3,1.186,0.5,2.0,NORMAL,False,False,EVENING,False
CHG_CE825E245E,2026-08-10 20:12:05,2026-08-10 20:12:05,2026-08-10 23:11:08,JNY_323087302,USR_19637,STN_DEL_01,Delhi,MALL,16.8,80.0,68.1,TYPE2_AC,22.0,False,43.04,41.17,130.42,179.06,1.373,0.2,10.0,NORMAL,False,False,EVENING,False
CHG_DB1D9B3025,2026-08-10 20:12:49,2026-08-10 20:12:49,2026-08-10 21:29:03,JNY_226031802,USR_98798,STN_BLR_01,Bengaluru,OFFICE,62.8,90.0,76.0,TYPE2_AC,22.0,False,20.67,19.99,68.91,76.24,1.106,1.0,4.0,NORMAL,False,False,EVENING,False
CHG_0A1192F49E,2026-08-10 20:15:46,2026-08-10 20:15:46,2026-08-10 20:35:44,JNY_760571283,USR_87239,STN_JPR_02,Jaipur,HIGHWAY,47.0,85.0,63.7,CCS2,120.0,True,24.21,23.6,14.12,19.97,1.414,0.2,2.0,MINOR_SLOWDOWN,True,False,EVENING,False
CHG_598EED6206,2026-08-10 20:20:21,2026-08-10 20:20:21,2026-08-10 21:19:13,JNY_138449778,USR_70369,STN_MUM_01,Mumbai,MALL,34.3,85.0,90.0,CHAdeMO,50.0,True,45.63,43.21,63.88,58.88,0.922,0.8,0.0,NORMAL,False,False,EVENING,False
CHG_5F886DF072,2026-08-10 20:20:37,2026-08-10 20:20:37,2026-08-10 21:03:30,JNY_207508589,USR_11950,STN_DEL_02,Delhi,OFFICE,15.1,85.0,88.2,CHAdeMO,100.0,True,61.65,58.08,43.16,42.89,0.994,1.0,2.0,NORMAL,False,False,EVENING,False
CHG_63F4385B49,2026-08-10 20:23:36,2026-08-10 20:23:36,2026-08-10 23:10:50,JNY_646043563,USR_15903,STN_DEL_02,Delhi,OFFICE,34.8,90.0,83.3,TYPE2_AC,22.0,False,45.98,44.07,153.27,167.24,1.091,1.0,0.0,NORMAL,False,False,EVENING,False
CHG_5F3CB3BAC4,2026-08-10 20:25:24,2026-08-10 20:25:24,2026-08-10 20:49:25,JNY_649880899,USR_32625,STN_DEL_03,Delhi,HIGHWAY,33.3,85.0,78.6,CCS2,150.0,True,40.64,38.72,18.96,24.02,1.267,0.2,4.0,NORMAL,False,False,EVENING,False
CHG_F3D5C83E7B,2026-08-10 20:28:58,2026-08-10 20:28:58,2026-08-10 20:47:05,JNY_175541523,USR_91540,STN_MUM_01,Mumbai,MALL,27.0,85.0,57.7,CCS2,150.0,True,33.47,32.45,15.62,18.12,1.16,0.2,2.0,NORMAL,False,False,EVENING,False
CHG_167737D4EF,2026-08-10 20:30:24,2026-08-10 20:30:24,2026-08-10 20:44:44,JNY_121859056,USR_42020,STN_JPR_01,Jaipur,MALL,47.7,80.0,76.4,CCS2,120.0,True,24.68,23.79,13.71,14.35,1.047,0.6,0.0,NORMAL,False,False,EVENING,False
CHG_2D2E7EA0E5,2026-08-10 20:31:44,2026-08-10 20:31:44,2026-08-10 22:10:27,JNY_665019822,USR_53364,STN_GGN_01,Gurugram,OFFICE,51.1,85.0,90.0,TYPE2_AC,22.0,False,30.51,29.01,97.08,98.73,1.017,1.0,0.0,NORMAL,False,False,EVENING,False
CHG_C3C33AB046,2026-08-10 20:33:11,2026-08-10 20:33:11,2026-08-10 20:50:12,JNY_774561349,USR_78788,STN_JPR_02,Jaipur,HIGHWAY,21.3,80.0,68.1,CCS2,150.0,True,39.97,39.18,17.77,17.02,0.958,0.8,1.0,NORMAL,False,False,EVENING,False
CHG_FF4E1B992D,2026-08-10 20:33:53,2026-08-10 20:33:53,2026-08-11 01:17:52,JNY_492145879,USR_82349,STN_GGN_02,Gurugram,MALL,33.9,85.0,81.3,TYPE2_AC,11.0,False,41.54,38.91,264.37,283.99,1.074,0.6,0.0,NORMAL,False,False,EVENING,False
CHG_5E3A80499F,2026-08-10 20:37:33,2026-08-10 20:37:33,2026-08-10 21:40:01,JNY_175630056,USR_46665,STN_MUM_01,Mumbai,MALL,38.3,95.0,65.7,CCS2,60.0,True,37.25,35.71,47.6,62.48,1.313,0.2,8.0,NORMAL,False,False,EVENING,False
CHG_29B8CC6748,2026-08-10 20:39:34,2026-08-10 20:39:34,2026-08-11 02:39:34,JNY_224369483,USR_74904,STN_JPR_02,Jaipur,HIGHWAY,13.7,90.0,71.4,TYPE2_AC,7.2,False,54.48,52.03,554.87,360.0,0.649,0.4,2.0,NORMAL,False,False,EVENING,False
CHG_9E5966A4F5,2026-08-10 20:44:07,2026-08-10 20:44:07,2026-08-10 21:08:52,JNY_197410630,USR_52509,STN_MUM_01,Mumbai,MALL,37.6,80.0,73.8,CCS2,90.0,True,31.29,30.02,23.18,24.76,1.068,0.4,0.0,NORMAL,False,False,EVENING,False
CHG_DF419A5FE3,2026-08-10 20:55:23,2026-08-10 20:55:23,2026-08-10 22:43:25,JNY_375262978,USR_74795,STN_MUM_01,Mumbai,MALL,35.1,80.0,85.4,TYPE2_AC,22.0,False,38.34,36.44,116.2,108.04,0.93,0.6,0.0,NORMAL,False,False,EVENING,False
CHG_B13EF309B6,2026-08-10 20:58:31,2026-08-10 20:58:31,2026-08-10 21:59:34,JNY_115820520,USR_65796,STN_GGN_02,Gurugram,MALL,62.1,90.0,67.4,TYPE2_AC,22.0,False,18.8,18.43,62.68,61.06,0.974,0.6,0.0,NORMAL,False,False,EVENING,False
CHG_D443864297,2026-08-10 20:58:59,2026-08-10 20:58:59,2026-08-10 21:08:49,JNY_586023016,USR_79935,STN_MUM_02,Mumbai,RESIDENTIAL,49.3,80.0,54.3,CCS2,150.0,True,16.67,15.79,7.41,9.83,1.327,0.25,5.0,NORMAL,False,False,EVENING,False
CHG_61E054560A,2026-08-10 20:59:00,2026-08-10 20:59:00,2026-08-10 21:54:47,JNY_884102770,USR_37855,STN_BLR_01,Bengaluru,OFFICE,26.7,90.0,63.9,CCS2,60.0,True,40.45,39.7,49.44,55.8,1.129,0.5,0.0,NORMAL,False,False,EVENING,False
CHG_3784265FA7,2026-08-10 20:59:06,2026-08-10 20:59:06,2026-08-10 22:16:31,JNY_868044653,USR_95122,STN_JPR_02,Jaipur,HIGHWAY,14.8,85.0,73.3,CHAdeMO,50.0,True,51.46,48.68,72.04,77.42,1.075,0.8,0.0,NORMAL,False,False,EVENING,False
CHG_F3CF1409A4,2026-08-10 21:00:46,2026-08-10 21:00:46,2026-08-10 21:17:14,JNY_685874066,USR_61025,STN_MUM_01,Mumbai,MALL,36.9,85.0,59.6,CCS2,150.0,True,28.67,27.67,13.38,16.48,1.232,0.2,2.0,NORMAL,False,False,NIGHT,False
CHG_41EEAF6BC7,2026-08-10 21:03:14,2026-08-10 21:03:14,2026-08-10 21:21:49,JNY_915672788,USR_14420,STN_DEL_03,Delhi,HIGHWAY,55.0,85.0,83.8,CCS2,120.0,True,25.14,24.29,14.67,18.59,1.268,0.2,3.0,NORMAL,False,False,NIGHT,False
CHG_333B3A2271,2026-08-10 21:14:28,2026-08-10 21:14:28,2026-08-10 22:31:54,JNY_613366193,USR_20457,STN_MUM_02,Mumbai,RESIDENTIAL,13.7,95.0,72.9,CHAdeMO,75.0,True,59.27,58.0,60.58,77.44,1.278,0.5,11.0,NORMAL,False,False,NIGHT,False
CHG_5C81C18702,2026-08-10 21:15:09,2026-08-10 21:15:09,2026-08-10 21:29:14,JNY_596442534,USR_28080,STN_BLR_01,Bengaluru,OFFICE,26.0,80.0,60.8,CCS2,150.0,True,32.83,31.58,14.59,14.08,0.965,0.75,0.0,NORMAL,False,False,NIGHT,False
CHG_761C8A8626,2026-08-10 21:22:31,2026-08-10 21:22:31,2026-08-10 21:42:03,JNY_744184580,USR_52421,STN_DEL_01,Delhi,MALL,43.6,85.0,72.5,CCS2,150.0,True,30.02,29.35,14.01,19.54,1.395,0.8,0.0,POWER_LIMITATION,True,False,NIGHT,False
CHG_318C5D5EAE,2026-08-10 21:32:04,2026-08-10 21:32:04,2026-08-11 00:13:59,JNY_308384634,USR_25061,STN_GGN_01,Gurugram,OFFICE,27.2,85.0,82.6,TYPE2_AC,22.0,False,47.74,45.21,151.91,161.92,1.066,0.75,0.0,NORMAL,False,False,NIGHT,False
CHG_C326839BCB,2026-08-10 21:37:34,2026-08-10 21:37:34,2026-08-11 03:37:34,JNY_966795253,USR_41458,STN_DEL_01,Delhi,MALL,20.6,90.0,86.2,TYPE2_AC,11.0,False,59.82,57.13,398.82,360.0,0.903,1.0,0.0,MINOR_SLOWDOWN,True,False,NIGHT,False
CHG_7E5811277C,2026-08-10 21:38:01,2026-08-10 21:38:01,2026-08-10 22:02:36,JNY_939226855,USR_68830,STN_MUM_02,Mumbai,RESIDENTIAL,28.5,85.0,75.9,CCS2,150.0,True,42.88,40.35,20.01,24.59,1.229,0.25,5.0,NORMAL,False,False,NIGHT,False
CHG_656A9F8B79,2026-08-10 21:46:14,2026-08-10 21:46:14,2026-08-10 22:27:35,JNY_543988595,USR_81035,STN_MUM_02,Mumbai,RESIDENTIAL,23.3,80.0,90.0,CCS2,90.0,True,51.03,48.88,37.8,41.36,1.094,0.5,5.0,NORMAL,False,False,NIGHT,False
CHG_64F23114A2,2026-08-10 21:51:42,2026-08-10 21:51:42,2026-08-10 22:28:18,JNY_920439292,USR_93030,STN_DEL_01,Delhi,MALL,15.6,80.0,53.8,CCS2,120.0,True,34.65,32.19,19.25,36.61,1.902,0.8,0.0,CHARGER_FAULT,True,True,NIGHT,False
CHG_5202CBDCCA,2026-08-10 21:52:17,2026-08-10 21:52:17,2026-08-10 22:09:42,JNY_794562821,USR_57637,STN_MUM_02,Mumbai,RESIDENTIAL,47.3,90.0,65.0,CCS2,120.0,True,27.75,26.38,16.96,17.42,1.027,0.75,0.0,NORMAL,False,False,NIGHT,False
CHG_6430F48270,2026-08-10 21:59:24,2026-08-10 21:59:24,2026-08-10 22:33:39,JNY_682255557,USR_73014,STN_MUM_01,Mumbai,MALL,35.7,85.0,90.0,CCS2,90.0,True,44.37,43.07,34.51,34.27,0.993,0.8,0.0,NORMAL,False,False,NIGHT,False
CHG_E1C3DDD6C6,2026-08-10 22:03:19,2026-08-10 22:03:19,2026-08-10 22:44:46,JNY_813584292,USR_50660,STN_GGN_02,Gurugram,MALL,18.5,85.0,80.1,CCS2,90.0,True,53.27,50.9,41.43,41.46,1.001,0.8,0.0,NORMAL,False,False,NIGHT,False
CHG_1AA70B0586,2026-08-10 22:10:27,2026-08-10 22:10:27,2026-08-10 22:23:58,JNY_418934962,USR_42437,STN_BLR_01,Bengaluru,OFFICE,30.4,80.0,63.6,CCS2,150.0,True,31.55,30.53,14.02,13.53,0.965,1.0,0.0,NORMAL,False,False,NIGHT,False
CHG_145B754093,2026-08-10 22:21:18,2026-08-10 22:21:18,2026-08-10 23:19:31,JNY_664615351,USR_56141,STN_GGN_02,Gurugram,MALL,31.5,95.0,75.7,CHAdeMO,75.0,True,48.07,47.22,49.14,58.23,1.185,0.8,0.0,MINOR_SLOWDOWN,True,False,NIGHT,False
CHG_4C32C3128D,2026-08-10 22:28:32,2026-08-10 22:28:32,2026-08-10 22:41:24,JNY_178185231,USR_15649,STN_GGN_02,Gurugram,MALL,46.4,80.0,70.3,CCS2,120.0,True,23.62,23.19,13.12,12.87,0.981,0.6,0.0,NORMAL,False,False,NIGHT,False
CHG_2E46873351,2026-08-10 22:34:04,2026-08-10 22:34:04,2026-08-11 00:25:45,JNY_456947037,USR_27817,STN_MUM_01,Mumbai,MALL,41.7,85.0,77.3,TYPE2_AC,22.0,False,33.47,32.54,106.5,111.69,1.049,0.8,0.0,NORMAL,False,False,NIGHT,False
CHG_37E6F507D1,2026-08-10 22:39:44,2026-08-10 22:39:44,2026-08-10 22:59:53,JNY_271250408,USR_37956,STN_GGN_01,Gurugram,OFFICE,30.9,80.0,87.1,CCS2,150.0,True,42.77,41.55,19.01,20.16,1.061,1.0,0.0,NORMAL,False,False,NIGHT,False
CHG_99FC60214C,2026-08-10 22:40:14,2026-08-10 22:40:14,2026-08-11 00:35:12,JNY_437133396,USR_63891,STN_JPR_02,Jaipur,HIGHWAY,33.7,80.0,76.2,TYPE2_AC,22.0,False,35.28,32.4,106.91,114.97,1.075,1.0,0.0,NORMAL,False,False,NIGHT,False
CHG_A703228041,2026-08-10 22:42:30,2026-08-10 22:42:30,2026-08-10 23:15:33,JNY_835273866,USR_30827,STN_MUM_01,Mumbai,MALL,42.6,85.0,83.5,CCS2,90.0,True,35.4,33.99,27.54,33.06,1.201,0.6,0.0,MINOR_SLOWDOWN,True,False,NIGHT,False
CHG_9E29C5F4F7,2026-08-10 22:43:06,2026-08-10 22:43:06,2026-08-10 23:27:17,JNY_942449856,USR_67596,STN_BLR_01,Bengaluru,OFFICE,40.2,80.0,73.2,CHAdeMO,50.0,True,29.13,27.94,38.84,44.19,1.138,1.0,3.0,NORMAL,False,False,NIGHT,False
CHG_3CF08CB6B8,2026-08-10 22:52:54,2026-08-10 22:52:54,2026-08-10 23:51:08,JNY_813130738,USR_23593,STN_DEL_02,Delhi,OFFICE,15.7,80.0,75.5,CCS2,60.0,True,48.55,48.06,53.94,58.24,1.08,1.0,0.0,NORMAL,False,False,NIGHT,False
CHG_4704674945,2026-08-10 23:09:50,2026-08-10 23:09:50,2026-08-10 23:42:06,JNY_564585811,USR_17861,STN_JPR_01,Jaipur,MALL,22.9,80.0,79.3,CHAdeMO,100.0,True,45.28,43.83,30.19,32.28,1.069,0.8,1.0,NORMAL,False,False,NIGHT,False
CHG_D7A6F29D3B,2026-08-10 23:24:12,2026-08-10 23:24:12,2026-08-11 02:49:07,JNY_151212723,USR_52104,STN_DEL_01,Delhi,MALL,21.1,90.0,86.6,TYPE2_AC,22.0,False,59.67,58.36,198.89,204.92,1.03,0.8,0.0,NORMAL,False,False,NIGHT,False
CHG_1009528FC6,2026-08-10 23:35:21,2026-08-10 23:35:21,2026-08-11 00:10:21,JNY_758015928,USR_97105,STN_MUM_01,Mumbai,MALL,18.7,80.0,64.6,CHAdeMO,75.0,True,39.6,38.85,35.2,35.0,0.994,1.0,0.0,NORMAL,False,False,NIGHT,False
CHG_933B9FA4DB,2026-08-10 23:52:02,2026-08-10 23:52:02,2026-08-11 00:22:17,JNY_916071783,USR_99082,STN_BLR_01,Bengaluru,OFFICE,19.1,80.0,80.1,CCS2,120.0,True,48.78,46.82,27.1,30.25,1.116,1.0,4.0,NORMAL,False,False,NIGHT,False
CHG_C7F1EB8209,2026-08-11 00:04:42,2026-08-11 00:04:42,2026-08-11 00:43:19,JNY_571424211,USR_29612,STN_BLR_01,Bengaluru,OFFICE,37.5,85.0,67.4,CCS2,60.0,True,32.02,30.01,37.35,38.63,1.034,1.0,5.0,NORMAL,False,False,NIGHT,False
CHG_CDDF7C5D24,2026-08-11 00:07:59,2026-08-11 00:07:59,2026-08-11 02:31:08,JNY_113600371,USR_42654,STN_MUM_01,Mumbai,MALL,19.0,85.0,69.6,TYPE2_AC,22.0,False,45.94,43.7,146.16,143.16,0.979,1.0,0.0,NORMAL,False,False,NIGHT,False
CHG_37334D0F82,2026-08-11 00:17:07,2026-08-11 00:17:07,2026-08-11 01:02:34,JNY_579407129,USR_93062,STN_JPR_02,Jaipur,HIGHWAY,30.6,85.0,67.0,CCS2,60.0,True,36.45,35.2,42.52,45.46,1.069,1.0,0.0,NORMAL,False,False,NIGHT,False
CHG_866848C719,2026-08-11 00:19:56,2026-08-11 00:19:56,2026-08-11 03:59:16,JNY_178223792,USR_22671,STN_GGN_01,Gurugram,OFFICE,33.2,85.0,63.8,TYPE2_AC,11.0,False,33.05,32.85,210.31,219.34,1.043,1.0,5.0,NORMAL,False,False,NIGHT,False
CHG_A3CF87EAF1,2026-08-11 01:47:00,2026-08-11 01:47:00,2026-08-11 01:54:13,JNY_320515522,USR_44822,STN_DEL_03,Delhi,HIGHWAY,62.8,80.0,77.5,CCS2,120.0,True,13.33,12.89,7.41,7.23,0.977,1.0,0.0,NORMAL,False,False,NIGHT,False
CHG_8A8FA02CAD,2026-08-11 01:55:15,2026-08-11 01:55:15,2026-08-11 02:38:05,JNY_221386036,USR_22863,STN_BLR_01,Bengaluru,OFFICE,43.3,85.0,74.3,CHAdeMO,50.0,True,30.98,29.48,43.38,42.85,0.988,1.0,0.0,NORMAL,False,False,NIGHT,False
CHG_BAAC568994,2026-08-11 02:24:47,2026-08-11 02:24:47,2026-08-11 02:36:39,JNY_478040348,USR_40805,STN_DEL_03,Delhi,HIGHWAY,54.7,80.0,87.1,CCS2,120.0,True,22.04,21.16,12.24,11.87,0.97,1.0,0.0,NORMAL,False,False,NIGHT,False
CHG_1A1557F5BB,2026-08-11 03:04:55,2026-08-11 03:04:55,2026-08-11 03:17:32,JNY_254453499,USR_72751,STN_DEL_02,Delhi,OFFICE,58.2,80.0,69.2,CHAdeMO,75.0,True,15.09,14.47,13.41,12.63,0.942,1.0,0.0,NORMAL,False,False,NIGHT,False
CHG_4ECAB19B52,2026-08-11 04:30:59,2026-08-11 04:30:59,2026-08-11 04:49:25,JNY_863763113,USR_47212,STN_DEL_01,Delhi,MALL,47.5,90.0,66.8,CCS2,120.0,True,28.39,27.12,17.35,18.44,1.063,0.8,4.0,NORMAL,False,False,NIGHT,False
CHG_820A5D8DB6,2026-08-11 04:37:09,2026-08-11 04:37:09,2026-08-11 05:34:54,JNY_460367221,USR_60083,STN_MUM_01,Mumbai,MALL,20.6,90.0,86.8,CCS2,90.0,True,60.24,57.8,49.08,57.76,1.177,0.8,0.0,MINOR_SLOWDOWN,True,False,NIGHT,False
CHG_C6FABBB079,2026-08-11 04:39:27,2026-08-11 04:39:27,2026-08-11 10:39:27,JNY_139200073,USR_44689,STN_MUM_02,Mumbai,RESIDENTIAL,13.7,80.0,90.0,TYPE2_AC,7.2,False,59.67,56.39,552.5,360.0,0.652,0.75,0.0,NORMAL,False,False,NIGHT,False
CHG_5D2561510F,2026-08-11 05:07:19,2026-08-11 05:07:19,2026-08-11 08:31:47,JNY_817089179,USR_99164,STN_DEL_03,Delhi,HIGHWAY,34.7,80.0,68.4,TYPE2_AC,11.0,False,30.99,30.44,187.79,204.48,1.089,0.8,2.0,NORMAL,False,False,NIGHT,False
CHG_5DF5E7DC23,2026-08-11 05:11:30,2026-08-11 05:11:30,2026-08-11 05:41:02,JNY_707823658,USR_23890,STN_DEL_03,Delhi,HIGHWAY,38.6,90.0,89.9,CCS2,120.0,True,46.21,44.76,28.24,29.54,1.046,0.8,0.0,NORMAL,False,False,NIGHT,False
CHG_833F2FBE1D,2026-08-11 05:21:34,2026-08-11 05:21:34,2026-08-11 07:11:35,JNY_420959653,USR_84701,STN_DEL_02,Delhi,OFFICE,32.6,85.0,67.4,TYPE2_AC,22.0,False,35.32,34.51,112.37,110.02,0.979,0.75,3.0,NORMAL,False,False,NIGHT,False
CHG_A0B5CA903F,2026-08-11 05:21:47,2026-08-11 05:21:47,2026-08-11 05:48:50,JNY_299819094,USR_44618,STN_MUM_02,Mumbai,RESIDENTIAL,30.7,80.0,71.7,CCS2,90.0,True,35.35,34.24,26.18,27.06,1.034,0.75,0.0,NORMAL,False,False,NIGHT,False
CHG_CBB4368F25,2026-08-11 05:24:06,2026-08-11 05:24:06,2026-08-11 05:41:09,JNY_300975017,USR_64083,STN_BLR_01,Bengaluru,OFFICE,35.3,80.0,63.2,CCS2,120.0,True,28.25,26.77,15.69,17.05,1.086,1.0,0.0,NORMAL,False,False,NIGHT,False
CHG_5B9B4994CD,2026-08-11 05:28:02,2026-08-11 05:28:02,2026-08-11 05:42:27,JNY_729133138,USR_26802,STN_JPR_01,Jaipur,MALL,43.5,80.0,90.0,CCS2,150.0,True,32.85,32.55,14.6,14.42,0.987,0.8,0.0,NORMAL,False,False,NIGHT,False
CHG_D7031694EA,2026-08-11 05:37:05,2026-08-11 05:37:05,2026-08-11 06:05:07,JNY_595862896,USR_61973,STN_DEL_03,Delhi,HIGHWAY,35.7,85.0,89.6,CCS2,120.0,True,44.17,43.33,25.77,28.04,1.088,0.8,0.0,NORMAL,False,False,NIGHT,False
CHG_6E4CAB05CE,2026-08-11 05:48:06,2026-08-11 05:48:06,2026-08-11 06:07:44,JNY_379485913,USR_22609,STN_MUM_02,Mumbai,RESIDENTIAL,38.4,80.0,83.0,CCS2,150.0,True,34.53,34.19,15.35,19.65,1.28,0.5,7.0,NORMAL,False,False,NIGHT,False
CHG_CF3D1623D3,2026-08-11 05:57:39,2026-08-11 05:57:39,2026-08-11 07:25:20,JNY_290087672,USR_80587,STN_BLR_01,Bengaluru,OFFICE,40.2,85.0,62.1,TYPE2_AC,22.0,False,27.82,27.68,88.52,87.69,0.991,1.0,0.0,NORMAL,False,False,NIGHT,False
CHG_D9D1FC52FE,2026-08-11 06:07:06,2026-08-11 06:07:06,2026-08-11 06:22:32,JNY_634522247,USR_52394,STN_GGN_01,Gurugram,OFFICE,35.8,85.0,72.3,CCS2,150.0,True,35.57,34.11,16.6,15.44,0.93,1.0,0.0,NORMAL,False,False,MORNING,False
CHG_8402E8AE66,2026-08-11 06:09:58,2026-08-11 06:09:58,2026-08-11 06:37:20,JNY_836216552,USR_24330,STN_MUM_02,Mumbai,RESIDENTIAL,14.4,90.0,68.2,CCS2,150.0,True,51.56,50.65,25.21,27.37,1.086,1.0,0.0,NORMAL,False,False,MORNING,False
CHG_EE638C01EE,2026-08-11 06:14:55,2026-08-11 06:14:55,2026-08-11 07:34:54,JNY_168447915,USR_53793,STN_BLR_01,Bengaluru,OFFICE,19.7,90.0,85.3,CCS2,60.0,True,59.97,57.72,73.29,79.99,1.091,1.0,0.0,NORMAL,False,False,MORNING,False
CHG_513D0B880A,2026-08-11 06:23:53,2026-08-11 06:23:53,2026-08-11 07:22:12,JNY_840183647,USR_42576,STN_MUM_02,Mumbai,RESIDENTIAL,18.3,80.0,87.0,CCS2,60.0,True,53.68,50.55,59.64,58.32,0.978,0.75,0.0,NORMAL,False,False,MORNING,False
CHG_D60C63ED49,2026-08-11 06:29:57,2026-08-11 06:29:57,2026-08-11 06:47:00,JNY_219358089,USR_15575,STN_MUM_01,Mumbai,MALL,36.7,80.0,66.3,CCS2,120.0,True,28.71,27.19,15.95,17.06,1.069,1.0,0.0,NORMAL,False,False,MORNING,False
CHG_B2936E4CA7,2026-08-11 06:33:21,2026-08-11 06:33:21,2026-08-11 07:34:44,JNY_696280102,USR_95962,STN_JPR_01,Jaipur,MALL,17.2,85.0,79.4,CCS2,60.0,True,53.83,51.59,62.81,61.4,0.978,0.8,0.0,NORMAL,False,False,MORNING,False
CHG_21C67150E3,2026-08-11 06:34:11,2026-08-11 06:34:11,2026-08-11 10:12:40,JNY_815928418,USR_41583,STN_MUM_02,Mumbai,RESIDENTIAL,23.7,85.0,70.4,TYPE2_AC,22.0,False,43.16,42.54,137.31,218.49,1.591,0.25,30.0,NORMAL,False,True,MORNING,False
CHG_C1F1876176,2026-08-11 06:35:07,2026-08-11 06:35:07,2026-08-11 07:15:04,JNY_111861884,USR_69249,STN_DEL_03,Delhi,HIGHWAY,16.2,80.0,88.0,CHAdeMO,100.0,True,56.14,53.72,37.43,39.96,1.068,1.0,0.0,NORMAL,False,False,MORNING,False
CHG_5E400DBEA8,2026-08-11 06:36:31,2026-08-11 06:36:31,2026-08-11 07:06:40,JNY_185504730,USR_90300,STN_JPR_01,Jaipur,MALL,11.7,90.0,76.7,CCS2,150.0,True,60.06,57.42,29.36,30.15,1.027,1.0,0.0,NORMAL,False,False,MORNING,False
CHG_BBC64D28FF,2026-08-11 06:45:26,2026-08-11 06:45:26,2026-08-11 06:58:13,JNY_354998107,USR_57411,STN_DEL_01,Delhi,MALL,41.8,85.0,59.6,CCS2,150.0,True,25.75,25.0,12.02,12.79,1.064,0.4,0.0,NORMAL,False,False,MORNING,False
CHG_D1446513AF,2026-08-11 07:13:00,2026-08-11 07:13:00,2026-08-11 08:54:01,JNY_255277554,USR_97277,STN_MUM_02,Mumbai,RESIDENTIAL,15.5,95.0,80.9,CCS2,60.0,True,64.32,62.38,82.18,101.02,1.229,0.5,11.0,NORMAL,False,False,MORNING,False
CHG_F6648B4317,2026-08-11 07:14:06,2026-08-11 07:14:06,2026-08-11 07:33:48,JNY_501235922,USR_51245,STN_BLR_01,Bengaluru,OFFICE,19.0,80.0,62.5,CCS2,120.0,True,38.12,37.2,21.18,19.71,0.93,1.0,0.0,NORMAL,False,False,MORNING,False
CHG_37820690CC,2026-08-11 07:16:52,2026-08-11 07:16:52,2026-08-11 07:34:18,JNY_411301552,USR_39448,STN_DEL_02,Delhi,OFFICE,30.9,85.0,63.3,CCS2,150.0,True,34.25,32.43,15.98,17.44,1.091,1.0,0.0,NORMAL,False,False,MORNING,False
CHG_F2DF584A6A,2026-08-11 07:17:01,2026-08-11 07:17:01,2026-08-11 08:23:06,JNY_539175355,USR_39052,STN_DEL_02,Delhi,OFFICE,35.7,90.0,76.0,CHAdeMO,50.0,True,41.27,40.35,60.53,66.1,1.092,1.0,0.0,NORMAL,False,False,MORNING,False
CHG_53DF612BDE,2026-08-11 07:18:19,2026-08-11 07:18:19,2026-08-11 09:17:19,JNY_511938890,USR_92287,STN_GGN_02,Gurugram,MALL,57.0,80.0,65.7,TYPE2_AC,11.0,False,15.11,14.56,91.58,119.0,1.299,0.2,5.0,NORMAL,False,False,MORNING,False
CHG_E762E5156E,2026-08-11 07:20:08,2026-08-11 07:20:08,2026-08-11 07:50:49,JNY_282054571,USR_67949,STN_MUM_01,Mumbai,MALL,36.1,85.0,82.3,CCS2,90.0,True,40.24,38.15,31.3,30.69,0.981,0.8,0.0,NORMAL,False,False,MORNING,False
CHG_712ED6DF0B,2026-08-11 07:27:18,2026-08-11 07:27:18,2026-08-11 07:52:40,JNY_494345057,USR_54850,STN_GGN_02,Gurugram,MALL,33.0,85.0,60.5,CCS2,90.0,True,31.46,29.69,24.47,25.37,1.037,0.6,0.0,NORMAL,False,False,MORNING,False
CHG_632A51EFAA,2026-08-11 07:30:22,2026-08-11 07:30:22,2026-08-11 07:58:05,JNY_514485503,USR_33927,STN_DEL_03,Delhi,HIGHWAY,28.3,80.0,66.8,CCS2,90.0,True,34.54,33.01,25.58,27.73,1.084,0.6,1.0,NORMAL,False,False,MORNING,False
CHG_BE96039E5E,2026-08-11 07:36:40,2026-08-11 07:36:40,2026-08-11 07:48:23,JNY_721265703,USR_29177,STN_BLR_01,Bengaluru,OFFICE,43.0,80.0,62.7,CCS2,150.0,True,23.2,22.98,10.31,11.72,1.137,0.75,0.0,MINOR_SLOWDOWN,True,False,MORNING,False
CHG_85AC7EA952,2026-08-11 07:41:27,2026-08-11 07:41:27,2026-08-11 08:42:18,JNY_440925600,USR_32980,STN_JPR_02,Jaipur,HIGHWAY,28.1,85.0,85.3,CCS2,60.0,True,48.54,47.5,56.62,60.86,1.075,0.6,0.0,NORMAL,False,False,MORNING,False
CHG_5071B14D3D,2026-08-11 07:48:51,2026-08-11 07:48:51,2026-08-11 08:25:38,JNY_689967858,USR_83216,STN_DEL_03,Delhi,HIGHWAY,20.4,80.0,80.9,CCS2,90.0,True,48.22,46.23,35.72,36.79,1.03,0.6,0.0,NORMAL,False,False,MORNING,False
CHG_2864735F3C,2026-08-11 07:50:29,2026-08-11 07:50:29,2026-08-11 10:36:45,JNY_820450035,USR_44158,STN_GGN_01,Gurugram,OFFICE,30.3,80.0,58.2,TYPE2_AC,11.0,False,28.93,27.44,175.31,166.28,0.949,0.75,0.0,NORMAL,False,False,MORNING,False
CHG_2780A3168D,2026-08-11 07:51:08,2026-08-11 07:51:08,2026-08-11 08:31:55,JNY_721760355,USR_97158,STN_BLR_01,Bengaluru,OFFICE,26.9,85.0,90.0,CCS2,90.0,True,52.29,49.9,40.67,40.8,1.003,1.0,0.0,NORMAL,False,False,MORNING,False
CHG_857E3CA7E4,2026-08-11 07:52:00,2026-08-11 07:52:00,2026-08-11 08:57:19,JNY_297354844,USR_63156,STN_DEL_02,Delhi,OFFICE,26.2,80.0,89.5,CHAdeMO,50.0,True,48.15,47.33,64.2,65.33,1.018,0.75,5.0,NORMAL,False,False,MORNING,False
CHG_A4B20773D7,2026-08-11 07:54:52,2026-08-11 07:54:52,2026-08-11 08:09:22,JNY_257849514,USR_62473,STN_BLR_01,Bengaluru,OFFICE,42.7,80.0,67.6,CCS2,120.0,True,25.21,23.96,14.01,14.51,1.036,0.75,0.0,NORMAL,False,False,MORNING,False
CHG_62EF651DB4,2026-08-11 07:58:29,2026-08-11 07:58:29,2026-08-11 08:34:18,JNY_179410905,USR_82065,STN_DEL_01,Delhi,MALL,33.7,80.0,84.6,CHAdeMO,100.0,True,39.17,38.12,26.11,35.83,1.372,0.2,7.0,NORMAL,False,False,MORNING,False
CHG_5D8A893B50,2026-08-11 08:09:10,2026-08-11 08:09:10,2026-08-11 10:34:57,JNY_953186619,USR_28317,STN_DEL_01,Delhi,MALL,15.6,80.0,71.7,TYPE2_AC,22.0,False,46.17,44.64,139.92,145.78,1.042,0.6,0.0,NORMAL,False,False,MORNING,False
CHG_163ECB678E,2026-08-11 08:12:12,2026-08-11 08:12:12,2026-08-11 08:49:21,JNY_291064613,USR_72619,STN_MUM_02,Mumbai,RESIDENTIAL,39.4,95.0,67.0,CCS2,90.0,True,37.25,34.78,31.73,37.16,1.171,0.75,4.0,NORMAL,False,False,MORNING,False
CHG_63992B0463,2026-08-11 08:13:57,2026-08-11 08:13:57,2026-08-11 08:31:41,JNY_493322509,USR_68505,STN_MUM_02,Mumbai,RESIDENTIAL,39.3,80.0,77.7,CCS2,120.0,True,31.62,30.18,17.57,17.74,1.01,0.5,0.0,NORMAL,False,False,MORNING,False
CHG_1DD8BCEE3E,2026-08-11 08:14:12,2026-08-11 08:14:12,2026-08-11 08:44:39,JNY_623635302,USR_20369,STN_BLR_01,Bengaluru,OFFICE,35.2,80.0,82.9,CCS2,90.0,True,37.14,35.25,27.51,30.46,1.107,0.5,0.0,NORMAL,False,False,MORNING,False
CHG_7AE95A1724,2026-08-11 08:15:49,2026-08-11 08:15:49,2026-08-11 08:48:16,JNY_244283557,USR_77717,STN_DEL_02,Delhi,OFFICE,29.9,80.0,88.9,CCS2,90.0,True,44.54,43.59,32.99,32.46,0.984,1.0,0.0,NORMAL,False,False,MORNING,False
CHG_D8D04187A7,2026-08-11 08:20:16,2026-08-11 08:20:16,2026-08-11 08:52:15,JNY_349466353,USR_80110,STN_MUM_01,Mumbai,MALL,17.5,90.0,65.9,CCS2,120.0,True,47.78,45.72,29.2,32.0,1.096,0.4,0.0,NORMAL,False,False,MORNING,False
CHG_1CA527ADBF,2026-08-11 08:20:16,2026-08-11 08:20:16,2026-08-11 08:49:09,JNY_218055383,USR_72582,STN_MUM_01,Mumbai,MALL,36.4,85.0,77.4,CCS2,90.0,True,37.62,37.43,29.26,28.9,0.988,0.6,0.0,NORMAL,False,False,MORNING,False
CHG_44CF5489C2,2026-08-11 08:25:10,2026-08-11 08:25:10,2026-08-11 08:59:41,JNY_126342486,USR_91085,STN_DEL_02,Delhi,OFFICE,18.1,90.0,90.0,CCS2,150.0,True,64.71,63.74,31.64,34.52,1.091,1.0,2.0,NORMAL,False,False,MORNING,False
CHG_27DDC20308,2026-08-11 08:25:17,2026-08-11 08:25:17,2026-08-11 08:41:13,JNY_480530086,USR_74522,STN_DEL_02,Delhi,OFFICE,54.2,80.0,78.0,CCS2,90.0,True,20.12,19.29,14.91,15.95,1.07,1.0,0.0,NORMAL,False,False,MORNING,False
CHG_1D554B39AD,2026-08-11 08:31:59,2026-08-11 08:31:59,2026-08-11 08:52:20,JNY_533411494,USR_31229,STN_DEL_02,Delhi,OFFICE,36.2,80.0,86.4,CCS2,120.0,True,37.84,36.27,21.02,20.37,0.969,1.0,0.0,NORMAL,False,False,MORNING,False
CHG_0ADE626168,2026-08-11 08:32:36,2026-08-11 08:32:36,2026-08-11 08:50:12,JNY_324297093,USR_56325,STN_DEL_02,Delhi,OFFICE,24.7,80.0,61.7,CCS2,120.0,True,34.12,33.3,18.96,17.6,0.929,1.0,0.0,NORMAL,False,False,MORNING,False
CHG_1A01368697,2026-08-11 08:36:03,2026-08-11 08:36:03,2026-08-11 09:40:44,JNY_574733250,USR_80735,STN_GGN_02,Gurugram,MALL,14.7,90.0,88.8,CHAdeMO,75.0,True,66.87,64.07,65.38,64.69,0.989,0.6,3.0,NORMAL,False,False,MORNING,False
CHG_6A521C591B,2026-08-11 08:40:44,2026-08-11 08:40:44,2026-08-11 09:06:32,JNY_941975873,USR_11230,STN_DEL_01,Delhi,MALL,42.2,85.0,73.1,CCS2,90.0,True,31.29,30.14,24.33,25.81,1.061,0.4,0.0,NORMAL,False,False,MORNING,False
CHG_A316C29396,2026-08-11 08:49:08,2026-08-11 08:49:08,2026-08-11 09:34:10,JNY_352600277,USR_43542,STN_JPR_01,Jaipur,MALL,20.0,85.0,85.1,CCS2,120.0,True,55.31,52.52,32.27,45.05,1.396,0.2,12.0,NORMAL,False,False,MORNING,False
CHG_45E55CC1F1,2026-08-11 08:51:17,2026-08-11 08:51:17,2026-08-11 13:39:34,JNY_852837053,USR_38363,STN_BLR_01,Bengaluru,OFFICE,12.7,85.0,66.3,TYPE2_AC,11.0,False,47.93,45.87,305.04,288.29,0.945,1.0,0.0,NORMAL,False,False,MORNING,False
CHG_E9D5E62A33,2026-08-11 08:51:58,2026-08-11 08:51:58,2026-08-11 09:00:24,JNY_334822004,USR_97696,STN_BLR_01,Bengaluru,OFFICE,59.0,80.0,73.7,CCS2,120.0,True,15.48,14.93,8.6,8.44,0.981,0.75,0.0,NORMAL,False,False,MORNING,False
CHG_3223D46C53,2026-08-11 08:53:43,2026-08-11 08:53:43,2026-08-11 12:22:11,JNY_199059590,USR_59994,STN_GGN_01,Gurugram,OFFICE,35.8,85.0,56.4,TYPE2_AC,11.0,False,27.75,26.26,176.58,208.48,1.181,0.75,0.0,MINOR_SLOWDOWN,True,False,MORNING,False
CHG_40318EDDA0,2026-08-11 08:55:17,2026-08-11 08:55:17,2026-08-11 09:51:26,JNY_335906084,USR_45558,STN_DEL_02,Delhi,OFFICE,33.5,90.0,63.8,CHAdeMO,75.0,True,36.05,33.94,35.25,56.16,1.593,0.25,21.0,NORMAL,False,True,MORNING,False
CHG_990A55529E,2026-08-11 08:56:39,2026-08-11 08:56:39,2026-08-11 10:29:33,JNY_303152874,USR_56698,STN_JPR_01,Jaipur,MALL,24.7,90.0,89.5,CCS2,60.0,True,58.44,56.73,71.43,92.9,1.301,0.2,6.0,NORMAL,False,False,MORNING,False
CHG_3FC20C53AA,2026-08-11 09:00:48,2026-08-11 09:00:48,2026-08-11 14:04:33,JNY_100965230,USR_76368,STN_DEL_01,Delhi,MALL,46.8,90.0,64.4,TYPE2_AC,7.2,False,27.82,27.3,283.36,303.76,1.072,0.6,5.0,NORMAL,False,False,MORNING,False
CHG_CBCCFF60B1,2026-08-11 09:06:33,2026-08-11 09:06:33,2026-08-11 09:53:58,JNY_970959168,USR_64657,STN_DEL_01,Delhi,MALL,44.8,90.0,65.7,CHAdeMO,50.0,True,29.7,28.83,43.55,47.42,1.089,0.2,2.0,NORMAL,False,False,MORNING,False
CHG_F2BAA3E41C,2026-08-11 09:06:52,2026-08-11 09:06:52,2026-08-11 09:22:08,JNY_601578513,USR_91162,STN_DEL_02,Delhi,OFFICE,50.6,80.0,87.0,CCS2,120.0,True,25.58,24.72,14.21,15.28,1.075,0.75,0.0,NORMAL,False,False,MORNING,False
CHG_655E55A4F8,2026-08-11 09:08:59,2026-08-11 09:08:59,2026-08-11 09:30:54,JNY_454480100,USR_41186,STN_MUM_01,Mumbai,MALL,28.2,80.0,67.4,CCS2,120.0,True,34.91,33.64,19.4,21.92,1.13,0.8,0.0,MINOR_SLOWDOWN,True,False,MORNING,False
CHG_7B360FB817,2026-08-11 09:09:06,2026-08-11 09:09:06,2026-08-11 15:09:06,JNY_218980213,USR_73882,STN_GGN_01,Gurugram,OFFICE,11.6,85.0,88.4,TYPE2_AC,11.0,False,64.89,63.98,412.91,360.0,0.872,1.0,1.0,NORMAL,False,False,MORNING,False
CHG_E4AC8E01D9,2026-08-11 09:10:16,2026-08-11 09:10:16,2026-08-11 10:33:49,JNY_204235120,USR_62951,STN_DEL_02,Delhi,OFFICE,43.7,80.0,74.7,TYPE2_AC,22.0,False,27.12,26.32,82.17,83.55,1.017,0.5,0.0,NORMAL,False,False,MORNING,False
CHG_9594FAE525,2026-08-11 09:14:31,2026-08-11 09:14:31,2026-08-11 10:20:03,JNY_176089132,USR_96495,STN_MUM_01,Mumbai,MALL,15.3,80.0,86.4,CCS2,60.0,True,55.9,52.4,62.11,65.54,1.055,0.6,0.0,NORMAL,False,False,MORNING,False
CHG_988ADF6983,2026-08-11 09:14:50,2026-08-11 09:14:50,2026-08-11 09:56:23,JNY_411795796,USR_22847,STN_GGN_02,Gurugram,MALL,29.6,90.0,72.9,CCS2,90.0,True,44.03,41.8,35.88,41.55,1.158,0.2,6.0,NORMAL,False,False,MORNING,False
CHG_AEE340BFED,2026-08-11 09:17:00,2026-08-11 09:17:00,2026-08-11 11:13:04,JNY_691560967,USR_82328,STN_JPR_02,Jaipur,HIGHWAY,40.1,85.0,67.8,TYPE2_AC,22.0,False,30.44,29.53,96.86,116.08,1.198,0.4,4.0,NORMAL,False,False,MORNING,False
CHG_110BB00C97,2026-08-11 09:18:41,2026-08-11 09:18:41,2026-08-11 09:55:33,JNY_557555844,USR_25747,STN_MUM_01,Mumbai,MALL,22.6,90.0,57.6,CCS2,90.0,True,38.82,37.25,31.63,36.87,1.166,0.4,0.0,MINOR_SLOWDOWN,True,False,MORNING,False
CHG_53651626C3,2026-08-11 09:18:52,2026-08-11 09:18:52,2026-08-11 09:43:35,JNY_874421103,USR_98191,STN_MUM_01,Mumbai,MALL,32.5,95.0,73.0,CCS2,150.0,True,45.62,45.12,23.32,24.72,1.06,0.8,3.0,NORMAL,False,False,MORNING,False
CHG_33E9D07369,2026-08-11 09:22:56,2026-08-11 09:22:56,2026-08-11 09:43:05,JNY_736970342,USR_74321,STN_BLR_01,Bengaluru,OFFICE,16.6,80.0,65.7,CCS2,150.0,True,41.65,39.85,18.51,20.16,1.089,0.25,3.0,NORMAL,False,False,MORNING,False
CHG_B73753656B,2026-08-11 09:26:49,2026-08-11 09:26:49,2026-08-11 09:42:22,JNY_340006893,USR_50056,STN_DEL_02,Delhi,OFFICE,52.6,90.0,70.2,CCS2,150.0,True,26.25,25.37,12.84,15.55,1.212,0.25,4.0,NORMAL,False,False,MORNING,False
CHG_235C9F5E93,2026-08-11 09:31:23,2026-08-11 09:31:23,2026-08-11 09:48:53,JNY_473766648,USR_96872,STN_BLR_01,Bengaluru,OFFICE,35.4,90.0,62.3,CCS2,150.0,True,34.02,32.98,16.63,17.51,1.053,0.5,4.0,NORMAL,False,False,MORNING,False
CHG_AFF009E6A7,2026-08-11 09:31:45,2026-08-11 09:31:45,2026-08-11 15:31:45,JNY_176835502,USR_37030,STN_BLR_01,Bengaluru,OFFICE,14.4,80.0,81.4,TYPE2_AC,11.0,False,53.4,51.29,323.63,360.0,1.112,0.25,10.0,NORMAL,False,False,MORNING,False
CHG_1F6DBD951D,2026-08-11 09:33:44,2026-08-11 09:33:44,2026-08-11 09:56:34,JNY_666810158,USR_69977,STN_DEL_02,Delhi,OFFICE,52.9,85.0,66.7,CCS2,90.0,True,21.41,21.18,16.65,22.83,1.371,0.25,8.0,NORMAL,False,False,MORNING,False
CHG_7382A48E07,2026-08-11 09:34:57,2026-08-11 09:34:57,2026-08-11 10:21:11,JNY_481009021,USR_42407,STN_MUM_01,Mumbai,MALL,44.8,85.0,63.8,CHAdeMO,50.0,True,25.65,25.39,35.91,46.24,1.288,0.4,0.0,MINOR_SLOWDOWN,True,False,MORNING,False
CHG_1CDE0491B3,2026-08-11 09:37:01,2026-08-11 09:37:01,2026-08-11 09:58:25,JNY_468995101,USR_44104,STN_MUM_01,Mumbai,MALL,36.1,80.0,67.8,CCS2,90.0,True,29.76,28.15,22.05,21.4,0.971,0.6,0.0,NORMAL,False,False,MORNING,False
CHG_30A8BA706E,2026-08-11 09:42:44,2026-08-11 09:42:44,2026-08-11 10:49:16,JNY_372550097,USR_96508,STN_DEL_03,Delhi,HIGHWAY,14.8,90.0,87.0,CCS2,90.0,True,65.42,62.38,53.31,66.54,1.248,0.2,11.0,NORMAL,False,False,MORNING,False
CHG_96FA808572,2026-08-11 09:46:28,2026-08-11 09:46:28,2026-08-11 15:46:28,JNY_577430962,USR_84529,STN_DEL_01,Delhi,MALL,24.5,85.0,79.9,TYPE2_AC,11.0,False,48.34,46.71,307.62,360.0,1.17,0.2,6.0,NORMAL,False,False,MORNING,False
CHG_63E1C6871A,2026-08-11 09:49:10,2026-08-11 09:49:10,2026-08-11 09:59:32,JNY_208338015,USR_95177,STN_GGN_02,Gurugram,MALL,62.2,85.0,81.2,CCS2,120.0,True,18.51,17.65,10.8,10.37,0.96,0.6,1.0,NORMAL,False,False,MORNING,False
CHG_F619218872,2026-08-11 09:53:16,2026-08-11 09:53:16,2026-08-11 15:53:16,JNY_229848679,USR_90314,STN_MUM_01,Mumbai,MALL,16.6,95.0,73.2,TYPE2_AC,11.0,False,57.39,55.46,399.98,360.0,0.9,0.6,0.0,NORMAL,False,False,MORNING,False
CHG_FA3737BDB7,2026-08-11 09:55:35,2026-08-11 09:55:35,2026-08-11 10:41:04,JNY_806813961,USR_23960,STN_DEL_01,Delhi,MALL,55.7,90.0,90.0,CHAdeMO,50.0,True,30.87,29.81,45.28,45.49,1.005,0.6,4.0,NORMAL,False,False,MORNING,False
CHG_F4F1903BE2,2026-08-11 09:56:01,2026-08-11 09:56:01,2026-08-11 10:14:40,JNY_239177959,USR_41408,STN_MUM_02,Mumbai,RESIDENTIAL,40.7,80.0,62.5,CCS2,90.0,True,24.56,24.11,18.19,18.65,1.025,0.75,0.0,NORMAL,False,False,MORNING,False
CHG_12E25CE264,2026-08-11 09:57:43,2026-08-11 09:57:43,2026-08-11 10:05:57,JNY_118532956,USR_50767,STN_BLR_01,Bengaluru,OFFICE,60.3,80.0,78.0,CCS2,120.0,True,15.37,15.0,8.54,8.24,0.965,0.75,0.0,NORMAL,False,False,MORNING,False
CHG_8058FEF26D,2026-08-11 09:58:17,2026-08-11 09:58:17,2026-08-11 10:26:01,JNY_161227875,USR_12421,STN_GGN_01,Gurugram,OFFICE,46.7,80.0,75.4,CHAdeMO,75.0,True,25.11,24.61,22.32,27.74,1.243,0.5,7.0,NORMAL,False,False,MORNING,False
CHG_67ABF68E90,2026-08-11 10:00:04,2026-08-11 10:00:04,2026-08-11 10:55:59,JNY_874021375,USR_22093,STN_JPR_02,Jaipur,HIGHWAY,12.9,90.0,64.8,CHAdeMO,75.0,True,49.96,47.97,48.85,55.92,1.145,0.6,0.0,MINOR_SLOWDOWN,True,False,MORNING,False
CHG_1F8F70638E,2026-08-11 10:00:16,2026-08-11 10:00:16,2026-08-11 10:36:09,JNY_833225708,USR_17159,STN_JPR_01,Jaipur,MALL,29.8,85.0,64.1,CHAdeMO,75.0,True,35.38,33.93,33.02,35.89,1.087,0.2,3.0,NORMAL,False,False,MORNING,False
CHG_DBE9C78C22,2026-08-11 10:01:54,2026-08-11 10:01:54,2026-08-11 10:44:59,JNY_572438077,USR_57142,STN_GGN_02,Gurugram,MALL,16.8,85.0,84.8,CCS2,90.0,True,57.83,53.8,44.98,43.09,0.958,0.8,0.0,NORMAL,False,False,MORNING,False
CHG_8DE99E68FD,2026-08-11 10:04:14,2026-08-11 10:04:14,2026-08-11 10:40:48,JNY_945634299,USR_94573,STN_GGN_01,Gurugram,OFFICE,40.5,85.0,77.4,CCS2,90.0,True,34.44,33.24,26.79,36.57,1.365,0.25,10.0,NORMAL,False,False,MORNING,False
CHG_1AF678A936,2026-08-11 10:04:48,2026-08-11 10:04:48,2026-08-11 10:39:34,JNY_229715241,USR_90567,STN_DEL_02,Delhi,OFFICE,26.5,90.0,78.0,CCS2,120.0,True,49.53,47.87,30.27,34.78,1.149,0.5,6.0,NORMAL,False,False,MORNING,False
CHG_45654FCB8B,2026-08-11 10:04:58,2026-08-11 10:04:58,2026-08-11 11:12:34,JNY_770325112,USR_90925,STN_BLR_01,Bengaluru,OFFICE,19.2,80.0,69.0,CCS2,60.0,True,41.95,40.01,46.61,67.61,1.45,0.25,11.0,NORMAL,False,False,MORNING,False
CHG_E59EF420B8,2026-08-11 10:11:02,2026-08-11 10:11:02,2026-08-11 11:07:44,JNY_306187436,USR_99625,STN_DEL_03,Delhi,HIGHWAY,18.4,85.0,68.0,CHAdeMO,75.0,True,45.29,44.03,42.27,56.71,1.342,0.2,9.0,NORMAL,False,False,MORNING,False
CHG_E27E59D504,2026-08-11 10:14:37,2026-08-11 10:14:37,2026-08-11 10:54:39,JNY_439944846,USR_69664,STN_JPR_01,Jaipur,MALL,17.1,85.0,88.0,CHAdeMO,100.0,True,59.75,56.63,41.83,40.04,0.957,0.6,0.0,NORMAL,False,False,MORNING,False
CHG_5824DD9C6E,2026-08-11 10:17:27,2026-08-11 10:17:27,2026-08-11 10:39:11,JNY_691953294,USR_83323,STN_BLR_01,Bengaluru,OFFICE,20.0,85.0,63.8,CCS2,150.0,True,41.47,39.66,19.35,21.75,1.124,0.5,0.0,NORMAL,False,False,MORNING,False
CHG_1694689DF5,2026-08-11 10:17:31,2026-08-11 10:17:31,2026-08-11 16:17:31,JNY_739995403,USR_28982,STN_BLR_01,Bengaluru,OFFICE,27.7,80.0,77.0,TYPE2_AC,7.2,False,40.27,38.59,372.88,360.0,0.965,0.25,5.0,NORMAL,False,False,MORNING,False
CHG_08F115613B,2026-08-11 10:19:24,2026-08-11 10:19:24,2026-08-11 10:53:24,JNY_168366704,USR_41650,STN_GGN_01,Gurugram,OFFICE,47.5,85.0,66.9,CHAdeMO,50.0,True,25.09,24.53,35.12,34.0,0.968,0.5,0.0,NORMAL,False,False,MORNING,False
CHG_1073393A91,2026-08-11 10:27:52,2026-08-11 10:27:52,2026-08-11 12:49:53,JNY_797132160,USR_70118,STN_JPR_01,Jaipur,MALL,19.7,80.0,74.5,TYPE2_AC,22.0,False,44.92,42.55,136.13,142.03,1.043,0.6,0.0,NORMAL,False,False,MORNING,False
CHG_F8C5D4C267,2026-08-11 10:28:42,2026-08-11 10:28:42,2026-08-11 10:47:38,JNY_242466600,USR_69780,STN_MUM_01,Mumbai,MALL,37.4,80.0,72.0,CCS2,120.0,True,30.67,29.58,17.04,18.95,1.112,0.4,9.0,NORMAL,False,False,MORNING,False
CHG_57B5E4BA57,2026-08-11 10:30:18,2026-08-11 10:30:18,2026-08-11 10:41:10,JNY_324981860,USR_84243,STN_MUM_02,Mumbai,RESIDENTIAL,53.5,80.0,55.4,CCS2,90.0,True,14.68,14.09,10.87,10.87,1.0,0.75,0.0,NORMAL,False,False,MORNING,False
CHG_69CFF0F0AB,2026-08-11 10:31:15,2026-08-11 10:31:15,2026-08-11 10:56:56,JNY_924043070,USR_28060,STN_BLR_01,Bengaluru,OFFICE,45.2,80.0,85.1,CCS2,90.0,True,29.61,29.05,21.94,25.69,1.171,0.5,3.0,NORMAL,False,False,MORNING,False
CHG_DC02FB0E23,2026-08-11 10:32:42,2026-08-11 10:32:42,2026-08-11 10:51:59,JNY_778154048,USR_53036,STN_DEL_03,Delhi,HIGHWAY,43.1,85.0,83.8,CCS2,150.0,True,35.11,33.76,16.39,19.29,1.177,0.6,0.0,MINOR_SLOWDOWN,True,False,MORNING,False
CHG_A12D97939D,2026-08-11 10:32:45,2026-08-11 10:32:45,2026-08-11 11:00:42,JNY_113593750,USR_68400,STN_BLR_01,Bengaluru,OFFICE,18.6,85.0,59.3,CCS2,120.0,True,39.38,36.94,22.97,27.95,1.217,0.5,11.0,NORMAL,False,False,MORNING,False
CHG_6D8DAD3C64,2026-08-11 10:33:14,2026-08-11 10:33:14,2026-08-11 16:33:14,JNY_968577556,USR_18213,STN_GGN_01,Gurugram,OFFICE,32.8,95.0,60.3,TYPE2_AC,7.2,False,37.51,36.11,399.38,360.0,0.901,0.5,0.0,NORMAL,False,False,MORNING,False
CHG_85847A2E35,2026-08-11 10:47:18,2026-08-11 10:47:18,2026-08-11 11:03:07,JNY_754375026,USR_32579,STN_GGN_02,Gurugram,MALL,37.1,80.0,71.8,CCS2,120.0,True,30.8,29.15,17.11,15.83,0.925,0.6,0.0,NORMAL,False,False,MORNING,False
CHG_F006B40112,2026-08-11 10:47:38,2026-08-11 10:47:38,2026-08-11 11:13:54,JNY_784390721,USR_46428,STN_JPR_02,Jaipur,HIGHWAY,21.6,85.0,75.6,CCS2,120.0,True,47.93,46.83,27.96,26.27,0.94,0.6,0.0,NORMAL,False,False,MORNING,False
CHG_39B16CB744,2026-08-11 10:47:59,2026-08-11 10:47:59,2026-08-11 12:02:11,JNY_298917834,USR_63595,STN_DEL_01,Delhi,MALL,13.3,85.0,90.0,CCS2,60.0,True,64.53,61.4,75.29,74.21,0.986,0.8,0.0,NORMAL,False,False,MORNING,False
CHG_5162E91830,2026-08-11 10:50:12,2026-08-11 10:50:12,2026-08-11 11:26:57,JNY_280730476,USR_15121,STN_GGN_01,Gurugram,OFFICE,12.0,85.0,80.7,CCS2,120.0,True,58.91,56.37,34.36,36.76,1.07,0.5,0.0,NORMAL,False,False,MORNING,False
CHG_21A6AA8BBD,2026-08-11 10:52:32,2026-08-11 10:52:32,2026-08-11 11:20:48,JNY_579376493,USR_17151,STN_BLR_01,Bengaluru,OFFICE,23.8,90.0,72.3,CCS2,120.0,True,47.86,45.59,29.25,28.28,0.967,0.75,0.0,NORMAL,False,False,MORNING,False
CHG_4C843076E9,2026-08-11 11:07:25,2026-08-11 11:07:25,2026-08-11 11:34:42,JNY_751438426,USR_42971,STN_GGN_02,Gurugram,MALL,52.1,90.0,78.4,CCS2,90.0,True,29.71,29.39,24.21,27.3,1.127,0.4,7.0,NORMAL,False,False,MORNING,False
CHG_962B7CD1B6,2026-08-11 11:08:56,2026-08-11 11:08:56,2026-08-11 11:35:06,JNY_237878108,USR_72247,STN_DEL_01,Delhi,MALL,22.1,85.0,68.4,CCS2,120.0,True,43.02,41.7,25.1,26.18,1.043,0.6,0.0,NORMAL,False,False,MORNING,False
CHG_89A5883A50,2026-08-11 11:10:22,2026-08-11 11:10:22,2026-08-11 11:35:49,JNY_551833693,USR_87309,STN_DEL_03,Delhi,HIGHWAY,25.0,95.0,70.0,CCS2,150.0,True,49.0,47.42,25.04,25.45,1.016,0.6,0.0,NORMAL,False,False,MORNING,False
CHG_F8864D10E5,2026-08-11 11:12:07,2026-08-11 11:12:07,2026-08-11 12:30:04,JNY_329395770,USR_71783,STN_BLR_01,Bengaluru,OFFICE,12.0,85.0,80.5,CCS2,60.0,True,58.77,55.75,68.56,77.96,1.137,0.5,4.0,NORMAL,False,False,MORNING,False
CHG_7C04C368B7,2026-08-11 11:16:01,2026-08-11 11:16:01,2026-08-11 12:16:45,JNY_575767267,USR_32482,STN_DEL_01,Delhi,MALL,29.8,85.0,74.4,CHAdeMO,50.0,True,41.07,39.15,57.5,60.75,1.057,0.6,0.0,NORMAL,False,False,MORNING,False
CHG_7CA0EE1589,2026-08-11 11:32:49,2026-08-11 11:32:49,2026-08-11 12:13:58,JNY_957670661,USR_64660,STN_BLR_01,Bengaluru,OFFICE,38.7,85.0,90.0,CHAdeMO,75.0,True,41.67,39.79,38.89,41.16,1.058,0.5,0.0,NORMAL,False,False,MORNING,False
CHG_9DE7B49F95,2026-08-11 11:35:31,2026-08-11 11:35:31,2026-08-11 12:14:42,JNY_556815708,USR_59028,STN_JPR_02,Jaipur,HIGHWAY,27.3,85.0,80.9,CCS2,90.0,True,46.68,45.19,36.31,39.19,1.079,0.4,4.0,NORMAL,False,False,MORNING,False
CHG_000D3C755F,2026-08-11 11:41:09,2026-08-11 11:41:09,2026-08-11 12:21:49,JNY_340644837,USR_10914,STN_GGN_01,Gurugram,OFFICE,29.8,95.0,64.4,CCS2,90.0,True,41.99,41.26,35.77,40.67,1.137,0.25,6.0,NORMAL,False,False,MORNING,False
CHG_60C8A1434E,2026-08-11 11:46:22,2026-08-11 11:46:22,2026-08-11 12:28:47,JNY_308855595,USR_85013,STN_GGN_02,Gurugram,MALL,25.1,85.0,77.9,CHAdeMO,75.0,True,46.66,43.93,43.55,42.42,0.974,0.6,0.0,NORMAL,False,False,MORNING,False
CHG_6E21876085,2026-08-11 11:46:38,2026-08-11 11:46:38,2026-08-11 12:26:22,JNY_439537311,USR_60898,STN_DEL_03,Delhi,HIGHWAY,15.1,90.0,62.4,CCS2,90.0,True,46.74,43.98,38.08,39.74,1.043,0.6,4.0,NORMAL,False,False,MORNING,False
CHG_A145A4258B,2026-08-11 11:48:44,2026-08-11 11:48:44,2026-08-11 12:04:36,JNY_837011478,USR_26565,STN_BLR_01,Bengaluru,OFFICE,51.5,80.0,74.5,CHAdeMO,100.0,True,21.23,20.47,14.16,15.88,1.122,0.5,3.0,NORMAL,False,False,MORNING,False
CHG_2E4EE11620,2026-08-11 11:55:51,2026-08-11 11:55:51,2026-08-11 12:31:08,JNY_271731167,USR_12143,STN_BLR_01,Bengaluru,OFFICE,36.6,85.0,82.1,CHAdeMO,100.0,True,39.74,38.41,27.82,35.29,1.269,0.25,6.0,NORMAL,False,False,MORNING,False
CHG_85B7C20F4E,2026-08-11 12:00:56,2026-08-11 12:00:56,2026-08-11 12:20:57,JNY_449261991,USR_37548,STN_DEL_03,Delhi,HIGHWAY,32.7,80.0,56.2,CHAdeMO,100.0,True,26.58,25.31,17.72,20.03,1.13,0.4,0.0,NORMAL,False,False,AFTERNOON,False
CHG_6CE5F21CD5,2026-08-11 12:04:30,2026-08-11 12:04:30,2026-08-11 12:42:34,JNY_558789745,USR_62440,STN_BLR_01,Bengaluru,OFFICE,39.3,90.0,79.9,CCS2,90.0,True,40.51,38.74,33.01,38.08,1.154,0.5,0.0,NORMAL,False,False,AFTERNOON,False
CHG_690DE0DF6B,2026-08-11 12:09:07,2026-08-11 12:09:07,2026-08-11 17:16:59,JNY_606931523,USR_32521,STN_BLR_01,Bengaluru,OFFICE,31.0,80.0,86.3,TYPE2_AC,11.0,False,42.29,39.76,256.28,307.88,1.201,0.5,9.0,NORMAL,False,False,AFTERNOON,False
CHG_5B5C263F17,2026-08-11 12:11:12,2026-08-11 12:11:12,2026-08-11 12:39:55,JNY_910345298,USR_40831,STN_GGN_02,Gurugram,MALL,24.4,90.0,74.0,CCS2,120.0,True,48.54,46.72,29.67,28.72,0.968,0.8,0.0,NORMAL,False,False,AFTERNOON,False
CHG_E6664902F2,2026-08-11 12:11:18,2026-08-11 12:11:18,2026-08-11 12:37:21,JNY_922028831,USR_73463,STN_DEL_01,Delhi,MALL,31.8,90.0,66.5,CCS2,120.0,True,38.7,37.25,23.65,26.06,1.102,0.2,2.0,NORMAL,False,False,AFTERNOON,False
CHG_45171CAB0E,2026-08-11 12:11:33,2026-08-11 12:11:33,2026-08-11 12:52:15,JNY_119442870,USR_91958,STN_MUM_02,Mumbai,RESIDENTIAL,31.2,80.0,86.7,CHAdeMO,75.0,True,42.31,39.69,37.61,40.71,1.083,0.75,4.0,NORMAL,False,False,AFTERNOON,False
CHG_23B0211034,2026-08-11 12:13:16,2026-08-11 12:13:16,2026-08-11 12:23:36,JNY_511399179,USR_20174,STN_GGN_01,Gurugram,OFFICE,55.2,85.0,73.5,CCS2,150.0,True,21.9,21.18,10.22,10.35,1.013,0.5,0.0,NORMAL,False,False,AFTERNOON,False
CHG_47C1B21FDC,2026-08-11 12:14:39,2026-08-11 12:14:39,2026-08-11 12:53:12,JNY_266692480,USR_27195,STN_DEL_01,Delhi,MALL,47.3,80.0,78.7,CHAdeMO,50.0,True,25.73,24.35,34.31,38.55,1.124,1.0,3.0,NORMAL,False,False,AFTERNOON,False
CHG_0553E44E6B,2026-08-11 12:20:15,2026-08-11 12:20:15,2026-08-11 12:45:11,JNY_769854981,USR_78978,STN_BLR_01,Bengaluru,OFFICE,42.3,80.0,90.0,CCS2,120.0,True,33.93,32.73,18.85,24.95,1.323,0.25,7.0,NORMAL,False,False,AFTERNOON,False
CHG_7860CDD071,2026-08-11 12:20:46,2026-08-11 12:20:46,2026-08-11 12:41:54,JNY_914374566,USR_35911,STN_GGN_01,Gurugram,OFFICE,27.6,80.0,65.0,CCS2,120.0,True,34.06,32.12,18.92,21.13,1.117,0.75,1.0,NORMAL,False,False,AFTERNOON,False
CHG_2EBA77D3EE,2026-08-11 12:27:34,2026-08-11 12:27:34,2026-08-11 12:35:58,JNY_226271316,USR_35471,STN_GGN_02,Gurugram,MALL,56.2,80.0,72.6,CCS2,150.0,True,17.28,16.73,7.68,8.4,1.094,0.4,0.0,NORMAL,False,False,AFTERNOON,False
CHG_63895F863F,2026-08-11 12:28:41,2026-08-11 12:28:41,2026-08-11 14:10:53,JNY_411862808,USR_61420,STN_DEL_01,Delhi,MALL,34.4,80.0,69.7,TYPE2_AC,22.0,False,31.78,30.39,96.31,102.2,1.061,0.8,3.0,NORMAL,False,False,AFTERNOON,False
CHG_76A7422CE4,2026-08-11 12:35:13,2026-08-11 12:35:13,2026-08-11 13:16:12,JNY_260031157,USR_62935,STN_MUM_02,Mumbai,RESIDENTIAL,16.8,90.0,66.5,CCS2,90.0,True,48.68,45.71,39.66,40.99,1.034,1.0,0.0,NORMAL,False,False,AFTERNOON,False
CHG_38FE2498C5,2026-08-11 12:36:45,2026-08-11 12:36:45,2026-08-11 18:36:45,JNY_961178728,USR_80920,STN_JPR_01,Jaipur,MALL,38.2,85.0,87.8,TYPE2_AC,7.2,False,41.09,39.01,399.49,360.0,0.901,0.2,2.0,NORMAL,False,False,AFTERNOON,False
CHG_6BA92EF6D6,2026-08-11 12:43:41,2026-08-11 12:43:41,2026-08-11 15:57:00,JNY_513968016,USR_57188,STN_MUM_01,Mumbai,MALL,17.7,85.0,82.6,TYPE2_AC,22.0,False,55.59,53.49,176.88,193.32,1.093,0.4,2.0,NORMAL,False,False,AFTERNOON,False
CHG_98EE902F38,2026-08-11 12:53:15,2026-08-11 12:53:15,2026-08-11 17:31:28,JNY_757004793,USR_52773,STN_JPR_01,Jaipur,MALL,16.3,85.0,63.8,TYPE2_AC,11.0,False,43.83,42.97,278.92,278.22,0.997,0.6,3.0,NORMAL,False,False,AFTERNOON,False
CHG_8705C96963,2026-08-11 12:55:41,2026-08-11 12:55:41,2026-08-11 15:21:04,JNY_168584755,USR_74420,STN_MUM_01,Mumbai,MALL,46.1,90.0,77.1,TYPE2_AC,22.0,False,33.85,32.33,112.82,145.4,1.289,0.2,9.0,NORMAL,False,False,AFTERNOON,False
CHG_ACBCE7768F,2026-08-11 12:56:31,2026-08-11 12:56:31,2026-08-11 14:49:50,JNY_169040985,USR_73004,STN_GGN_02,Gurugram,MALL,32.7,85.0,71.8,TYPE2_AC,22.0,False,37.55,35.74,119.48,113.32,0.948,0.6,0.0,NORMAL,False,False,AFTERNOON,False
CHG_66973A436D,2026-08-11 13:04:18,2026-08-11 13:04:18,2026-08-11 13:36:31,JNY_559428878,USR_68648,STN_MUM_02,Mumbai,RESIDENTIAL,42.0,85.0,86.6,CHAdeMO,75.0,True,37.24,35.19,34.76,32.22,0.927,0.75,0.0,NORMAL,False,False,AFTERNOON,False
CHG_12144FDF3F,2026-08-11 13:10:05,2026-08-11 13:10:05,2026-08-11 16:39:15,JNY_678794445,USR_70174,STN_DEL_01,Delhi,MALL,49.8,80.0,64.8,TYPE2_AC,7.2,False,19.57,18.71,181.2,209.18,1.154,0.4,10.0,NORMAL,False,False,AFTERNOON,False
CHG_F14734F646,2026-08-11 13:10:47,2026-08-11 13:10:47,2026-08-11 14:02:06,JNY_901418977,USR_18747,STN_DEL_01,Delhi,MALL,33.3,80.0,66.3,CHAdeMO,50.0,True,30.96,30.46,41.28,51.33,1.243,0.2,6.0,NORMAL,False,False,AFTERNOON,False
CHG_77A1F73CDA,2026-08-11 13:16:06,2026-08-11 13:16:06,2026-08-11 13:53:41,JNY_673399963,USR_96863,STN_MUM_02,Mumbai,RESIDENTIAL,27.6,90.0,61.3,CHAdeMO,75.0,True,38.25,37.26,37.4,37.6,1.005,0.75,0.0,NORMAL,False,False,AFTERNOON,False
CHG_A6D3F6AB29,2026-08-11 13:18:13,2026-08-11 13:18:13,2026-08-11 13:51:02,JNY_248303167,USR_16882,STN_GGN_02,Gurugram,MALL,19.9,85.0,73.7,CCS2,120.0,True,47.98,46.47,27.99,32.83,1.173,0.4,8.0,NORMAL,False,False,AFTERNOON,False
CHG_24E04BB0A3,2026-08-11 13:23:25,2026-08-11 13:23:25,2026-08-11 13:50:40,JNY_204168735,USR_24372,STN_GGN_01,Gurugram,OFFICE,35.7,80.0,85.3,CCS2,120.0,True,37.79,35.55,20.99,27.25,1.298,0.25,9.0,NORMAL,False,False,AFTERNOON,False
CHG_9E5D575E26,2026-08-11 13:24:47,2026-08-11 13:24:47,2026-08-11 14:05:38,JNY_359124701,USR_64785,STN_MUM_02,Mumbai,RESIDENTIAL,28.5,85.0,64.4,CCS2,60.0,True,36.39,35.1,42.45,40.86,0.962,1.0,0.0,NORMAL,False,False,AFTERNOON,False
CHG_E746D7A143,2026-08-11 13:27:50,2026-08-11 13:27:50,2026-08-11 14:09:41,JNY_784506635,USR_14447,STN_DEL_01,Delhi,MALL,31.5,80.0,77.4,CCS2,60.0,True,37.54,36.28,41.71,41.86,1.004,0.6,0.0,NORMAL,False,False,AFTERNOON,False
CHG_7B6A2338A8,2026-08-11 13:30:05,2026-08-11 13:30:05,2026-08-11 14:23:10,JNY_361661709,USR_77830,STN_GGN_02,Gurugram,MALL,15.5,90.0,72.6,CCS2,90.0,True,54.09,51.88,44.07,53.09,1.205,0.4,7.0,NORMAL,False,False,AFTERNOON,False
CHG_50B138FFA5,2026-08-11 13:33:14,2026-08-11 13:33:14,2026-08-11 14:03:40,JNY_620632771,USR_37242,STN_GGN_02,Gurugram,MALL,43.0,85.0,85.3,CHAdeMO,100.0,True,35.83,33.5,25.08,30.43,1.214,0.4,8.0,NORMAL,False,False,AFTERNOON,False
CHG_6AB4A91716,2026-08-11 13:37:58,2026-08-11 13:37:58,2026-08-11 14:08:42,JNY_154872754,USR_23270,STN_JPR_01,Jaipur,MALL,47.1,90.0,89.7,CHAdeMO,100.0,True,38.48,36.67,28.22,30.74,1.089,0.4,0.0,NORMAL,False,False,AFTERNOON,False
CHG_52472F62A2,2026-08-11 13:39:48,2026-08-11 13:39:48,2026-08-11 16:41:40,JNY_248551826,USR_38659,STN_JPR_01,Jaipur,MALL,16.1,80.0,81.9,TYPE2_AC,22.0,False,52.33,50.23,158.59,181.87,1.147,0.8,5.0,NORMAL,False,False,AFTERNOON,False
CHG_22ECBD8B55,2026-08-11 13:40:32,2026-08-11 13:40:32,2026-08-11 19:40:32,JNY_632517086,USR_57197,STN_GGN_01,Gurugram,OFFICE,21.1,90.0,84.5,TYPE2_AC,7.2,False,58.22,54.28,592.99,360.0,0.607,0.25,7.0,NORMAL,False,False,AFTERNOON,False
CHG_724C3B476B,2026-08-11 13:42:16,2026-08-11 13:42:16,2026-08-11 19:42:16,JNY_622019918,USR_49863,STN_DEL_03,Delhi,HIGHWAY,33.8,90.0,90.0,TYPE2_AC,11.0,False,50.58,48.75,337.2,360.0,1.068,0.4,11.0,NORMAL,False,False,AFTERNOON,False
CHG_0B40203118,2026-08-11 13:46:22,2026-08-11 13:46:22,2026-08-11 14:07:56,JNY_547426415,USR_90367,STN_DEL_01,Delhi,MALL,28.8,80.0,72.3,CCS2,120.0,True,37.02,35.77,20.57,21.57,1.049,0.4,0.0,NORMAL,False,False,AFTERNOON,False
CHG_849A5458FD,2026-08-11 13:46:48,2026-08-11 13:46:48,2026-08-11 14:33:17,JNY_690828445,USR_53601,STN_BLR_01,Bengaluru,OFFICE,40.9,85.0,88.9,CHAdeMO,75.0,True,39.2,37.99,36.59,46.49,1.271,0.25,2.0,NORMAL,False,False,AFTERNOON,False
CHG_410913724B,2026-08-11 13:47:50,2026-08-11 13:47:50,2026-08-11 16:20:02,JNY_805964388,USR_52039,STN_GGN_02,Gurugram,MALL,45.9,85.0,89.6,TYPE2_AC,22.0,False,35.03,33.61,111.47,152.2,1.365,0.2,8.0,NORMAL,False,False,AFTERNOON,False
CHG_30D2BF8471,2026-08-11 13:51:36,2026-08-11 13:51:36,2026-08-11 14:21:10,JNY_756526519,USR_20810,STN_BLR_01,Bengaluru,OFFICE,17.9,85.0,63.0,CCS2,120.0,True,42.27,40.53,24.66,29.57,1.199,0.25,7.0,NORMAL,False,False,AFTERNOON,False
CHG_80911A4C43,2026-08-11 13:51:41,2026-08-11 13:51:41,2026-08-11 14:15:34,JNY_841306613,USR_22778,STN_BLR_01,Bengaluru,OFFICE,35.0,85.0,76.6,CCS2,150.0,True,38.3,36.74,17.87,23.89,1.337,0.25,7.0,NORMAL,False,False,AFTERNOON,False
CHG_0D39773CED,2026-08-11 13:53:38,2026-08-11 13:53:38,2026-08-11 16:15:53,JNY_401541153,USR_33319,STN_BLR_01,Bengaluru,OFFICE,48.7,90.0,85.0,TYPE2_AC,22.0,False,35.1,34.11,117.02,142.26,1.216,0.25,7.0,NORMAL,False,False,AFTERNOON,False
CHG_F5BB3E19D6,2026-08-11 14:00:36,2026-08-11 14:00:36,2026-08-11 16:12:58,JNY_403286129,USR_34344,STN_BLR_01,Bengaluru,OFFICE,43.5,85.0,75.4,TYPE2_AC,22.0,False,31.29,30.34,99.56,132.38,1.33,0.25,6.0,NORMAL,False,False,AFTERNOON,False
CHG_00FF54FED0,2026-08-11 14:02:08,2026-08-11 14:02:08,2026-08-11 14:28:57,JNY_727562021,USR_39327,STN_GGN_02,Gurugram,MALL,19.3,80.0,57.9,CCS2,120.0,True,35.15,34.28,19.53,26.82,1.374,0.2,25.0,NORMAL,False,False,AFTERNOON,False
CHG_E6C408C282,2026-08-11 14:09:05,2026-08-11 14:09:05,2026-08-11 14:23:24,JNY_518502625,USR_71876,STN_MUM_01,Mumbai,MALL,55.8,85.0,65.2,CCS2,120.0,True,19.04,18.15,11.11,14.33,1.29,0.2,3.0,NORMAL,False,False,AFTERNOON,False
CHG_BA47B66798,2026-08-11 14:16:50,2026-08-11 14:16:50,2026-08-11 16:32:48,JNY_854748683,USR_12621,STN_MUM_01,Mumbai,MALL,34.0,85.0,87.7,TYPE2_AC,22.0,False,44.73,42.32,142.31,135.98,0.955,0.6,0.0,NORMAL,False,False,AFTERNOON,False
CHG_C333F2F3F6,2026-08-11 14:21:47,2026-08-11 14:21:47,2026-08-11 17:57:47,JNY_395524620,USR_34159,STN_GGN_02,Gurugram,MALL,20.7,90.0,89.0,TYPE2_AC,22.0,False,61.68,59.44,205.59,216.01,1.051,0.4,0.0,NORMAL,False,False,AFTERNOON,False
CHG_B0FF99937E,2026-08-11 14:28:11,2026-08-11 14:28:11,2026-08-11 16:50:53,JNY_943151540,USR_53369,STN_DEL_01,Delhi,MALL,30.3,85.0,73.0,TYPE2_AC,22.0,False,39.93,37.33,127.05,142.71,1.123,0.4,9.0,NORMAL,False,False,AFTERNOON,False
CHG_BA61A98389,2026-08-11 14:33:35,2026-08-11 14:33:35,2026-08-11 14:51:43,JNY_492826152,USR_49455,STN_GGN_02,Gurugram,MALL,23.3,85.0,59.5,CCS2,150.0,True,36.71,34.56,17.13,18.14,1.059,0.4,0.0,NORMAL,False,False,AFTERNOON,False
CHG_AD0DB62616,2026-08-11 14:34:06,2026-08-11 14:34:06,2026-08-11 15:29:11,JNY_186817601,USR_91011,STN_GGN_01,Gurugram,OFFICE,27.3,80.0,75.8,CHAdeMO,50.0,True,39.95,38.32,53.26,55.09,1.034,0.75,0.0,NORMAL,False,False,AFTERNOON,False
CHG_9D08D3460F,2026-08-11 14:39:46,2026-08-11 14:39:46,2026-08-11 15:19:56,JNY_666857666,USR_65019,STN_JPR_01,Jaipur,MALL,42.9,90.0,74.2,CCS2,60.0,True,34.95,33.46,42.71,40.18,0.941,0.6,0.0,NORMAL,False,False,AFTERNOON,False
CHG_E0E8B2C21B,2026-08-11 14:40:08,2026-08-11 14:40:08,2026-08-11 17:43:58,JNY_189243208,USR_16678,STN_BLR_01,Bengaluru,OFFICE,33.2,85.0,81.1,TYPE2_AC,22.0,False,42.01,40.12,133.67,183.84,1.375,0.25,15.0,NORMAL,False,False,AFTERNOON,False
CHG_6220A61897,2026-08-11 14:46:22,2026-08-11 14:46:22,2026-08-11 15:16:31,JNY_449363003,USR_43507,STN_JPR_01,Jaipur,MALL,38.8,85.0,88.7,CHAdeMO,100.0,True,40.98,39.98,28.69,30.16,1.051,0.6,0.0,NORMAL,False,False,AFTERNOON,False
CHG_9823ABD622,2026-08-11 14:52:04,2026-08-11 14:52:04,2026-08-11 15:27:10,JNY_627736396,USR_90720,STN_MUM_02,Mumbai,RESIDENTIAL,31.9,85.0,71.2,CHAdeMO,75.0,True,37.81,37.09,35.29,35.11,0.995,0.75,0.0,NORMAL,False,False,AFTERNOON,False
CHG_B1EB868B98,2026-08-11 14:53:13,2026-08-11 14:53:13,2026-08-11 19:39:16,JNY_599156930,USR_10221,STN_MUM_02,Mumbai,RESIDENTIAL,25.3,80.0,88.6,TYPE2_AC,11.0,False,48.46,46.08,293.72,286.06,0.974,1.0,0.0,NORMAL,False,False,AFTERNOON,False
CHG_8D8C47C5A4,2026-08-11 15:08:10,2026-08-11 15:08:10,2026-08-11 15:40:13,JNY_967106603,USR_57299,STN_JPR_01,Jaipur,MALL,22.8,85.0,64.7,CCS2,90.0,True,40.24,38.21,31.3,32.06,1.024,0.4,0.0,NORMAL,False,False,AFTERNOON,False
CHG_072AA5E710,2026-08-11 15:11:04,2026-08-11 15:11:04,2026-08-11 15:48:36,JNY_186287564,USR_29879,STN_DEL_01,Delhi,MALL,16.3,80.0,58.9,CHAdeMO,75.0,True,37.52,36.03,33.35,37.53,1.125,0.4,0.0,NORMAL,False,False,AFTERNOON,False
CHG_9A2C5200F0,2026-08-11 15:16:53,2026-08-11 15:16:53,2026-08-11 15:59:49,JNY_515225849,USR_64758,STN_DEL_03,Delhi,HIGHWAY,17.1,80.0,85.3,CCS2,90.0,True,53.65,51.55,39.74,42.95,1.081,0.4,0.0,NORMAL,False,False,AFTERNOON,False
CHG_41C29CBA22,2026-08-11 15:20:13,2026-08-11 15:20:13,2026-08-11 15:42:19,JNY_287446410,USR_35749,STN_BLR_01,Bengaluru,OFFICE,38.9,90.0,64.9,CCS2,150.0,True,33.16,31.61,16.21,22.11,1.364,0.25,7.0,NORMAL,False,False,AFTERNOON,False
CHG_ADB2BF24F4,2026-08-11 15:20:17,2026-08-11 15:20:17,2026-08-11 16:06:47,JNY_379511807,USR_14321,STN_DEL_02,Delhi,OFFICE,14.6,80.0,90.0,CCS2,90.0,True,58.86,56.66,43.6,46.51,1.067,0.25,2.0,NORMAL,False,False,AFTERNOON,False
CHG_A3E2F842AA,2026-08-11 15:20:59,2026-08-11 15:20:59,2026-08-11 15:45:59,JNY_853637583,USR_26133,STN_MUM_01,Mumbai,MALL,36.3,80.0,64.5,CCS2,90.0,True,28.19,26.3,20.88,25.0,1.197,0.4,3.0,NORMAL,False,False,AFTERNOON,False
CHG_5A503EC889,2026-08-11 15:28:56,2026-08-11 15:28:56,2026-08-11 16:33:25,JNY_727630857,USR_20370,STN_GGN_02,Gurugram,MALL,16.7,85.0,71.4,CCS2,60.0,True,48.77,47.34,56.89,64.49,1.133,0.4,5.0,NORMAL,False,False,AFTERNOON,False
CHG_14A1969051,2026-08-11 15:32:52,2026-08-11 15:32:52,2026-08-11 16:09:25,JNY_800208706,USR_21725,STN_BLR_01,Bengaluru,OFFICE,25.2,85.0,80.0,CCS2,120.0,True,47.84,45.63,27.91,36.56,1.31,0.25,5.0,NORMAL,False,False,AFTERNOON,False
CHG_28996B3027,2026-08-11 15:35:05,2026-08-11 15:35:05,2026-08-11 16:05:09,JNY_504874237,USR_46054,STN_GGN_02,Gurugram,MALL,17.5,90.0,73.5,CCS2,120.0,True,53.29,51.11,32.56,30.07,0.923,0.6,0.0,NORMAL,False,False,AFTERNOON,False
CHG_398FC23B38,2026-08-11 15:38:28,2026-08-11 15:38:28,2026-08-11 15:54:28,JNY_223866922,USR_91871,STN_JPR_01,Jaipur,MALL,29.7,80.0,66.7,CCS2,150.0,True,33.55,31.92,14.91,16.02,1.074,0.6,1.0,NORMAL,False,False,AFTERNOON,False
CHG_2FA44C1EC8,2026-08-11 15:42:19,2026-08-11 15:42:19,2026-08-11 16:05:27,JNY_988857091,USR_27564,STN_DEL_03,Delhi,HIGHWAY,21.9,85.0,59.0,CCS2,120.0,True,37.23,35.28,21.72,23.14,1.065,0.8,0.0,NORMAL,False,False,AFTERNOON,False
CHG_BAECEB168B,2026-08-11 15:44:22,2026-08-11 15:44:22,2026-08-11 19:27:12,JNY_110090096,USR_62469,STN_DEL_03,Delhi,HIGHWAY,23.6,80.0,59.1,TYPE2_AC,11.0,False,33.33,31.44,202.01,222.85,1.103,0.4,2.0,NORMAL,False,False,AFTERNOON,False
CHG_B6EC976A20,2026-08-11 15:46:20,2026-08-11 15:46:20,2026-08-11 16:12:54,JNY_617458846,USR_31209,STN_GGN_02,Gurugram,MALL,12.6,80.0,57.5,CCS2,90.0,True,38.76,37.19,28.71,26.57,0.926,0.8,0.0,NORMAL,False,False,AFTERNOON,False
CHG_5C8CC1556F,2026-08-11 15:47:34,2026-08-11 15:47:34,2026-08-11 21:24:41,JNY_671115902,USR_22123,STN_MUM_02,Mumbai,RESIDENTIAL,30.0,90.0,73.8,TYPE2_AC,11.0,False,44.28,42.29,295.2,337.13,1.142,1.0,0.0,MINOR_SLOWDOWN,True,False,AFTERNOON,False
CHG_386425C094,2026-08-11 15:52:19,2026-08-11 15:52:19,2026-08-11 16:27:35,JNY_321760490,USR_28273,STN_GGN_02,Gurugram,MALL,34.4,80.0,62.4,CCS2,90.0,True,28.45,27.3,21.08,35.27,1.673,0.4,11.0,POWER_LIMITATION,True,True,AFTERNOON,False
CHG_AE2A0AF954,2026-08-11 16:00:34,2026-08-11 16:00:34,2026-08-11 16:36:11,JNY_281952489,USR_28946,STN_JPR_01,Jaipur,MALL,15.8,85.0,87.4,CCS2,120.0,True,60.48,58.23,35.28,35.62,1.01,1.0,0.0,NORMAL,False,False,AFTERNOON,False
CHG_4DF80F5507,2026-08-11 16:05:53,2026-08-11 16:05:53,2026-08-11 16:36:13,JNY_258033539,USR_43479,STN_DEL_03,Delhi,HIGHWAY,37.4,85.0,64.9,CCS2,90.0,True,30.89,29.83,24.03,30.33,1.262,0.2,4.0,NORMAL,False,False,AFTERNOON,False
CHG_80C3B3EAA2,2026-08-11 16:08:29,2026-08-11 16:08:29,2026-08-11 16:54:19,JNY_143934905,USR_23586,STN_MUM_02,Mumbai,RESIDENTIAL,13.2,90.0,61.5,CHAdeMO,75.0,True,47.23,46.36,46.18,45.84,0.993,1.0,0.0,NORMAL,False,False,AFTERNOON,False
CHG_713382E69F,2026-08-11 16:10:38,2026-08-11 16:10:38,2026-08-11 16:50:46,JNY_123440938,USR_21723,STN_MUM_02,Mumbai,RESIDENTIAL,39.9,95.0,86.6,CCS2,90.0,True,47.72,46.88,40.65,40.14,0.987,1.0,0.0,NORMAL,False,False,AFTERNOON,False
CHG_5A24D2389B,2026-08-11 16:15:42,2026-08-11 16:15:42,2026-08-11 22:15:42,JNY_309362788,USR_42260,STN_GGN_02,Gurugram,MALL,15.5,85.0,90.0,TYPE2_AC,11.0,False,62.55,59.33,398.05,360.0,0.904,0.4,11.0,NORMAL,False,False,AFTERNOON,False
CHG_86A3E5D73A,2026-08-11 16:16:40,2026-08-11 16:16:40,2026-08-11 16:43:21,JNY_761309028,USR_19006,STN_MUM_01,Mumbai,MALL,14.8,80.0,64.4,CCS2,120.0,True,41.99,40.17,23.33,26.69,1.144,0.6,0.0,MINOR_SLOWDOWN,True,False,AFTERNOON,False
CHG_7897B8A509,2026-08-11 16:24:06,2026-08-11 16:24:06,2026-08-11 17:36:46,JNY_802362228,USR_20215,STN_MUM_01,Mumbai,MALL,17.2,85.0,81.2,CHAdeMO,50.0,True,55.05,52.46,77.08,72.67,0.943,0.6,0.0,NORMAL,False,False,AFTERNOON,False
CHG_D339FFD823,2026-08-11 16:24:54,2026-08-11 16:24:54,2026-08-11 17:14:55,JNY_102507980,USR_89405,STN_GGN_02,Gurugram,MALL,30.8,85.0,62.1,CHAdeMO,75.0,True,33.66,32.38,31.41,50.03,1.592,0.6,0.0,CHARGER_FAULT,True,True,AFTERNOON,False
CHG_8CC894197D,2026-08-11 16:26:07,2026-08-11 16:26:07,2026-08-11 17:17:24,JNY_814614456,USR_45082,STN_BLR_01,Bengaluru,OFFICE,16.9,80.0,79.1,CCS2,90.0,True,49.91,47.48,36.97,51.3,1.388,0.25,4.0,MINOR_SLOWDOWN,True,False,AFTERNOON,False
CHG_1281E2A7A0,2026-08-11 16:26:12,2026-08-11 16:26:12,2026-08-11 16:48:45,JNY_751992039,USR_93539,STN_GGN_01,Gurugram,OFFICE,39.6,80.0,63.5,CCS2,90.0,True,25.65,24.88,19.0,22.56,1.187,0.25,5.0,NORMAL,False,False,AFTERNOON,False
CHG_1700C23DCB,2026-08-11 16:29:31,2026-08-11 16:29:31,2026-08-11 16:50:04,JNY_319466078,USR_32416,STN_BLR_01,Bengaluru,OFFICE,23.1,80.0,56.7,CCS2,120.0,True,32.26,30.9,17.92,20.56,1.147,0.5,5.0,NORMAL,False,False,AFTERNOON,False
CHG_E4D2E5316B,2026-08-11 16:29:33,2026-08-11 16:29:33,2026-08-11 17:16:55,JNY_362208719,USR_32377,STN_DEL_03,Delhi,HIGHWAY,26.4,85.0,79.4,CCS2,90.0,True,46.53,45.17,36.19,47.37,1.309,0.2,6.0,NORMAL,False,False,AFTERNOON,False
CHG_2D9F4121DE,2026-08-11 16:29:57,2026-08-11 16:29:57,2026-08-11 22:29:57,JNY_915440846,USR_66345,STN_DEL_02,Delhi,OFFICE,26.5,85.0,65.4,TYPE2_AC,7.2,False,38.26,36.74,371.96,360.0,0.968,0.25,8.0,NORMAL,False,False,AFTERNOON,False
CHG_A70176334D,2026-08-11 16:33:19,2026-08-11 16:33:19,2026-08-11 19:50:59,JNY_231787342,USR_83081,STN_DEL_02,Delhi,OFFICE,37.0,85.0,59.5,TYPE2_AC,11.0,False,28.56,27.4,181.75,197.67,1.088,0.5,5.0,NORMAL,False,False,AFTERNOON,False
CHG_19E774E0AC,2026-08-11 16:33:29,2026-08-11 16:33:29,2026-08-11 16:58:32,JNY_610542604,USR_14288,STN_MUM_02,Mumbai,RESIDENTIAL,23.3,85.0,83.7,CCS2,150.0,True,51.64,50.9,24.1,25.05,1.04,0.75,5.0,NORMAL,False,False,AFTERNOON,False
CHG_AB5F37C63B,2026-08-11 16:42:28,2026-08-11 16:42:28,2026-08-11 17:32:31,JNY_687909150,USR_79362,STN_BLR_01,Bengaluru,OFFICE,31.8,85.0,61.7,CCS2,60.0,True,32.82,31.03,38.3,50.06,1.307,0.25,7.0,NORMAL,False,False,AFTERNOON,False
CHG_38E1CEC307,2026-08-11 16:42:36,2026-08-11 16:42:36,2026-08-11 17:30:58,JNY_181270264,USR_26549,STN_MUM_01,Mumbai,MALL,23.9,90.0,89.1,CCS2,120.0,True,58.9,54.38,35.99,48.37,1.344,0.2,7.0,NORMAL,False,False,AFTERNOON,False
CHG_14234A38CE,2026-08-11 16:50:36,2026-08-11 16:50:36,2026-08-11 17:12:32,JNY_412591616,USR_31789,STN_GGN_01,Gurugram,OFFICE,49.5,95.0,75.5,CCS2,120.0,True,34.35,33.17,21.95,21.94,1.0,0.5,0.0,NORMAL,False,False,AFTERNOON,False
CHG_9FC0CC1220,2026-08-11 16:51:25,2026-08-11 16:51:25,2026-08-11 17:02:54,JNY_280949822,USR_44063,STN_MUM_01,Mumbai,MALL,43.6,80.0,68.9,CCS2,150.0,True,25.08,24.1,11.15,11.49,1.03,0.6,0.0,NORMAL,False,False,AFTERNOON,False
CHG_13C6AE7641,2026-08-11 16:53:11,2026-08-11 16:53:11,2026-08-11 17:29:04,JNY_155652515,USR_64403,STN_DEL_02,Delhi,OFFICE,21.5,90.0,74.7,CCS2,120.0,True,51.17,49.42,31.27,35.88,1.148,0.25,3.0,NORMAL,False,False,AFTERNOON,False
CHG_88E5A19143,2026-08-11 16:57:48,2026-08-11 16:57:48,2026-08-11 18:08:45,JNY_842159077,USR_74310,STN_MUM_01,Mumbai,MALL,34.3,85.0,89.6,CCS2,60.0,True,45.43,42.4,53.0,70.96,1.339,0.4,11.0,NORMAL,False,False,AFTERNOON,False
CHG_2BF1D1C446,2026-08-11 16:58:11,2026-08-11 16:58:11,2026-08-11 18:18:03,JNY_866983539,USR_62057,STN_GGN_02,Gurugram,MALL,22.4,85.0,76.6,CCS2,60.0,True,47.95,45.47,55.94,79.87,1.428,0.2,5.0,MINOR_SLOWDOWN,True,False,AFTERNOON,False
CHG_B8DC402546,2026-08-11 16:59:02,2026-08-11 16:59:02,2026-08-11 22:41:43,JNY_693289409,USR_33497,STN_MUM_01,Mumbai,MALL,17.6,95.0,87.4,TYPE2_AC,22.0,False,67.65,66.1,235.74,342.7,1.454,0.2,12.0,NORMAL,False,False,AFTERNOON,False
CHG_0D5EB09AA1,2026-08-11 17:10:16,2026-08-11 17:10:16,2026-08-11 17:38:06,JNY_190535648,USR_65141,STN_MUM_01,Mumbai,MALL,51.0,85.0,73.1,CHAdeMO,100.0,True,24.85,24.41,17.4,27.84,1.6,0.0,19.0,NORMAL,False,True,EVENING,False
CHG_B3E66F7785,2026-08-11 17:11:50,2026-08-11 17:11:50,2026-08-11 19:14:08,JNY_880487750,USR_15900,STN_MUM_01,Mumbai,MALL,30.5,85.0,61.1,TYPE2_AC,22.0,False,33.3,31.21,105.95,122.31,1.154,0.2,6.0,NORMAL,False,False,EVENING,False
CHG_C5EE8EB436,2026-08-11 17:12:22,2026-08-11 17:12:22,2026-08-11 17:34:51,JNY_629026470,USR_69672,STN_GGN_01,Gurugram,OFFICE,23.3,80.0,67.5,CCS2,120.0,True,38.27,36.75,21.26,22.5,1.058,0.5,4.0,NORMAL,False,False,EVENING,False
CHG_2DAF356BC0,2026-08-11 17:12:32,2026-08-11 17:12:32,2026-08-11 17:35:49,JNY_814131984,USR_87628,STN_DEL_01,Delhi,MALL,37.7,85.0,67.8,CCS2,120.0,True,32.07,30.64,18.71,23.29,1.245,0.2,2.0,NORMAL,False,False,EVENING,False
CHG_374C49FA1C,2026-08-11 17:15:53,2026-08-11 17:15:53,2026-08-11 23:15:53,JNY_800063691,USR_72519,STN_DEL_02,Delhi,OFFICE,41.2,85.0,83.4,TYPE2_AC,7.2,False,36.53,34.79,355.15,360.0,1.014,0.25,11.0,NORMAL,False,False,EVENING,False
CHG_12D594770B,2026-08-11 17:16:43,2026-08-11 17:16:43,2026-08-11 18:16:29,JNY_243763814,USR_67009,STN_GGN_02,Gurugram,MALL,39.7,95.0,69.2,CCS2,60.0,True,38.27,35.73,48.9,59.77,1.222,0.6,0.0,MINOR_SLOWDOWN,True,False,EVENING,False
CHG_A46B53FA1C,2026-08-11 17:21:41,2026-08-11 17:21:41,2026-08-11 17:32:35,JNY_659493411,USR_92033,STN_MUM_01,Mumbai,MALL,57.5,80.0,85.8,CCS2,120.0,True,19.3,18.54,10.72,10.91,1.018,0.4,2.0,NORMAL,False,False,EVENING,False
CHG_4FD0A3DD09,2026-08-11 17:29:10,2026-08-11 17:29:10,2026-08-11 21:40:12,JNY_536704712,USR_73308,STN_MUM_02,Mumbai,RESIDENTIAL,38.0,80.0,65.2,TYPE2_AC,7.2,False,27.38,26.53,253.56,251.05,0.99,0.5,0.0,NORMAL,False,False,EVENING,False
CHG_D261EEECF3,2026-08-11 17:30:19,2026-08-11 17:30:19,2026-08-11 17:53:41,JNY_566248748,USR_32247,STN_MUM_01,Mumbai,MALL,23.4,80.0,62.7,CCS2,120.0,True,35.49,34.49,19.72,23.38,1.186,0.2,2.0,NORMAL,False,False,EVENING,False
CHG_F5F6F423CB,2026-08-11 17:32:47,2026-08-11 17:32:47,2026-08-11 19:55:23,JNY_421797485,USR_64574,STN_MUM_01,Mumbai,MALL,20.2,85.0,66.2,TYPE2_AC,22.0,False,42.9,40.02,136.49,142.61,1.045,0.4,2.0,NORMAL,False,False,EVENING,False
CHG_DB5892447F,2026-08-11 17:36:16,2026-08-11 17:36:16,2026-08-11 18:13:04,JNY_531855050,USR_25699,STN_JPR_01,Jaipur,MALL,58.5,85.0,66.1,CHAdeMO,50.0,True,17.52,16.77,24.52,36.81,1.501,0.2,17.0,NORMAL,False,True,EVENING,False
CHG_E755EF87D0,2026-08-11 17:44:36,2026-08-11 17:44:36,2026-08-11 17:57:31,JNY_962879210,USR_57029,STN_JPR_01,Jaipur,MALL,58.0,85.0,71.5,CCS2,120.0,True,19.3,18.44,11.26,12.93,1.148,0.4,0.0,NORMAL,False,False,EVENING,False
CHG_971ED432EC,2026-08-11 17:47:15,2026-08-11 17:47:15,2026-08-11 18:01:49,JNY_509844470,USR_10725,STN_MUM_02,Mumbai,RESIDENTIAL,50.6,85.0,74.8,CCS2,120.0,True,25.73,24.64,15.01,14.58,0.971,0.75,0.0,NORMAL,False,False,EVENING,False
CHG_20F776E1EB,2026-08-11 17:47:33,2026-08-11 17:47:33,2026-08-11 19:59:16,JNY_980228161,USR_66296,STN_GGN_02,Gurugram,MALL,48.7,85.0,78.5,TYPE2_AC,22.0,False,28.5,27.73,90.67,131.72,1.453,0.2,19.0,NORMAL,False,False,EVENING,False
CHG_0AEA247073,2026-08-11 17:54:22,2026-08-11 17:54:22,2026-08-11 18:22:41,JNY_255113954,USR_48554,STN_JPR_01,Jaipur,MALL,51.1,95.0,81.1,CCS2,120.0,True,35.6,33.84,22.75,28.33,1.245,0.4,11.0,NORMAL,False,False,EVENING,False
CHG_D71F31672E,2026-08-11 17:54:52,2026-08-11 17:54:52,2026-08-11 18:15:22,JNY_437092225,USR_49639,STN_GGN_01,Gurugram,OFFICE,47.6,80.0,84.7,CCS2,120.0,True,27.44,25.6,15.25,20.51,1.345,0.25,25.0,NORMAL,False,False,EVENING,False
CHG_203093E329,2026-08-11 17:57:46,2026-08-11 17:57:46,2026-08-11 18:39:03,JNY_942328692,USR_79154,STN_DEL_03,Delhi,HIGHWAY,21.3,90.0,72.3,CCS2,90.0,True,49.67,47.26,40.47,41.29,1.02,0.4,2.0,NORMAL,False,False,EVENING,False
CHG_CE1DB6D0D7,2026-08-11 17:59:42,2026-08-11 17:59:42,2026-08-11 23:59:42,JNY_928364042,USR_46919,STN_GGN_02,Gurugram,MALL,14.7,80.0,77.2,TYPE2_AC,7.2,False,50.41,48.64,466.77,360.0,0.771,0.6,3.0,NORMAL,False,False,EVENING,False
CHG_03B2642DCF,2026-08-11 18:02:59,2026-08-11 18:02:59,2026-08-11 18:27:52,JNY_510865405,USR_49980,STN_JPR_02,Jaipur,HIGHWAY,33.1,80.0,71.1,CCS2,120.0,True,33.35,31.9,18.53,24.9,1.344,0.2,9.0,NORMAL,False,False,EVENING,False
CHG_908DCB343B,2026-08-11 18:03:40,2026-08-11 18:03:40,2026-08-11 18:27:32,JNY_548251172,USR_89431,STN_MUM_02,Mumbai,RESIDENTIAL,31.4,85.0,59.0,CCS2,90.0,True,31.62,30.87,24.6,23.87,0.97,1.0,0.0,NORMAL,False,False,EVENING,False
CHG_EC79AE59CD,2026-08-11 18:17:19,2026-08-11 18:17:19,2026-08-11 18:34:40,JNY_116213681,USR_98549,STN_GGN_02,Gurugram,MALL,37.7,80.0,61.6,CCS2,120.0,True,26.06,25.6,14.48,17.36,1.199,0.2,4.0,NORMAL,False,False,EVENING,False
CHG_C82B0919F0,2026-08-11 18:17:28,2026-08-11 18:17:28,2026-08-11 19:09:53,JNY_695020169,USR_99440,STN_BLR_01,Bengaluru,OFFICE,22.2,80.0,79.9,CHAdeMO,75.0,True,46.18,44.76,41.05,52.42,1.277,0.25,9.0,NORMAL,False,False,EVENING,False
CHG_0B665E2744,2026-08-11 18:27:47,2026-08-11 18:27:47,2026-08-11 18:45:52,JNY_525185476,USR_11121,STN_JPR_01,Jaipur,MALL,47.4,80.0,60.0,CCS2,90.0,True,19.56,19.17,14.49,18.1,1.249,0.2,2.0,NORMAL,False,False,EVENING,False
CHG_0FC5763E3F,2026-08-11 18:28:26,2026-08-11 18:28:26,2026-08-11 19:04:14,JNY_368545357,USR_74402,STN_DEL_02,Delhi,OFFICE,24.3,85.0,66.4,CCS2,120.0,True,40.3,39.23,23.51,35.82,1.523,0.0,10.0,NORMAL,False,True,EVENING,False
CHG_4CF7A44ECF,2026-08-11 18:28:58,2026-08-11 18:28:58,2026-08-11 23:57:55,JNY_382822053,USR_82372,STN_JPR_02,Jaipur,HIGHWAY,46.1,80.0,82.6,TYPE2_AC,7.2,False,28.0,26.81,259.27,328.96,1.269,0.2,10.0,NORMAL,False,False,EVENING,False
CHG_A7A1DBDEEE,2026-08-11 18:29:09,2026-08-11 18:29:09,2026-08-11 19:44:21,JNY_267767202,USR_41957,STN_GGN_02,Gurugram,MALL,27.6,80.0,90.0,CCS2,60.0,True,47.16,45.72,52.4,75.21,1.435,0.2,2.0,MINOR_SLOWDOWN,True,False,EVENING,False
CHG_CBFF232BEE,2026-08-11 18:29:34,2026-08-11 18:29:34,2026-08-11 19:15:15,JNY_724779970,USR_75640,STN_MUM_01,Mumbai,MALL,44.3,90.0,77.4,CCS2,60.0,True,35.37,34.1,43.23,45.69,1.057,0.4,4.0,NORMAL,False,False,EVENING,False
CHG_7A3B03783A,2026-08-11 18:30:39,2026-08-11 18:30:39,2026-08-11 18:52:23,JNY_445351876,USR_75715,STN_GGN_02,Gurugram,MALL,38.8,80.0,67.7,CCS2,120.0,True,27.89,26.67,15.5,21.74,1.403,0.2,14.0,NORMAL,False,False,EVENING,False
CHG_860EE01187,2026-08-11 18:32:48,2026-08-11 18:32:48,2026-08-11 22:08:15,JNY_605283643,USR_85012,STN_MUM_02,Mumbai,RESIDENTIAL,40.7,85.0,72.3,TYPE2_AC,11.0,False,32.03,29.87,203.82,215.46,1.057,0.5,5.0,NORMAL,False,False,EVENING,False
CHG_FACF20A2F3,2026-08-11 18:33:22,2026-08-11 18:33:22,2026-08-11 19:10:17,JNY_136604840,USR_86164,STN_GGN_02,Gurugram,MALL,19.5,85.0,75.2,CCS2,120.0,True,49.26,47.27,28.73,36.93,1.285,0.2,11.0,NORMAL,False,False,EVENING,False
CHG_EE172D2B94,2026-08-11 18:34:11,2026-08-11 18:34:11,2026-08-11 21:38:05,JNY_270792812,USR_93630,STN_GGN_02,Gurugram,MALL,33.1,95.0,77.2,TYPE2_AC,22.0,False,47.79,46.43,166.53,183.91,1.104,0.2,2.0,NORMAL,False,False,EVENING,False
CHG_CBA2B021AB,2026-08-11 18:35:15,2026-08-11 18:35:15,2026-08-11 19:04:49,JNY_245654433,USR_62717,STN_JPR_01,Jaipur,MALL,35.9,85.0,58.5,CCS2,90.0,True,28.72,27.98,22.34,29.57,1.323,0.2,15.0,NORMAL,False,False,EVENING,False
CHG_590F262902,2026-08-11 18:42:56,2026-08-11 18:42:56,2026-08-11 18:55:51,JNY_818467187,USR_77085,STN_DEL_01,Delhi,MALL,55.2,80.0,83.6,CCS2,120.0,True,20.73,19.54,11.52,12.92,1.122,0.4,0.0,NORMAL,False,False,EVENING,False
CHG_ED10BABF97,2026-08-11 18:47:43,2026-08-11 18:47:43,2026-08-11 19:23:40,JNY_347639281,USR_11764,STN_JPR_02,Jaipur,HIGHWAY,46.5,95.0,79.1,CCS2,120.0,True,38.36,36.96,24.51,35.95,1.467,0.0,13.0,NORMAL,False,False,EVENING,False
CHG_79230426CE,2026-08-11 18:54:12,2026-08-11 18:54:12,2026-08-11 19:38:16,JNY_549779349,USR_56236,STN_DEL_03,Delhi,HIGHWAY,23.4,90.0,72.2,CCS2,120.0,True,48.09,45.7,29.39,44.08,1.5,0.0,38.0,NORMAL,False,False,EVENING,False
CHG_DB76F59C1D,2026-08-11 18:54:29,2026-08-11 18:54:29,2026-08-12 00:54:29,JNY_468376404,USR_59307,STN_GGN_01,Gurugram,OFFICE,47.5,90.0,89.5,TYPE2_AC,11.0,False,38.04,35.75,253.58,360.0,1.42,0.0,18.0,NORMAL,False,False,EVENING,False
CHG_74BEE5D0AF,2026-08-11 18:55:16,2026-08-11 18:55:16,2026-08-11 19:37:38,JNY_103918960,USR_72496,STN_GGN_02,Gurugram,MALL,27.9,90.0,75.7,CCS2,120.0,True,47.01,45.45,28.73,42.37,1.475,0.0,15.0,NORMAL,False,False,EVENING,False
CHG_3D4CE18390,2026-08-11 18:55:35,2026-08-11 18:55:35,2026-08-11 19:15:45,JNY_430921408,USR_45546,STN_MUM_02,Mumbai,RESIDENTIAL,38.3,85.0,74.5,CCS2,120.0,True,34.79,33.71,20.3,20.17,0.994,1.0,0.0,NORMAL,False,False,EVENING,False
CHG_81A243954B,2026-08-11 18:55:59,2026-08-11 18:55:59,2026-08-11 19:23:31,JNY_873863921,USR_19736,STN_JPR_01,Jaipur,MALL,16.9,80.0,65.9,CHAdeMO,100.0,True,41.58,39.46,27.72,27.54,0.993,0.6,0.0,NORMAL,False,False,EVENING,False
CHG_8F2404CE19,2026-08-11 18:56:34,2026-08-11 18:56:34,2026-08-11 19:31:58,JNY_874948201,USR_76137,STN_DEL_01,Delhi,MALL,53.1,80.0,74.0,CHAdeMO,75.0,True,19.91,19.18,17.69,35.4,2.001,0.0,42.0,POWER_LIMITATION,True,True,EVENING,False
CHG_C0F062B8CC,2026-08-11 18:58:58,2026-08-11 18:58:58,2026-08-11 19:33:49,JNY_398876362,USR_41286,STN_GGN_01,Gurugram,OFFICE,22.9,85.0,69.8,CCS2,120.0,True,43.35,41.75,25.29,34.86,1.379,0.25,8.0,NORMAL,False,False,EVENING,False
CHG_53430156B7,2026-08-11 19:00:30,2026-08-11 19:00:30,2026-08-11 19:50:17,JNY_548077675,USR_69866,STN_GGN_01,Gurugram,OFFICE,19.8,85.0,65.9,CHAdeMO,75.0,True,42.97,41.4,40.1,49.79,1.242,0.0,7.0,NORMAL,False,False,EVENING,False
CHG_9E8B754536,2026-08-11 19:04:56,2026-08-11 19:04:56,2026-08-11 19:40:44,JNY_232863037,USR_47623,STN_DEL_03,Delhi,HIGHWAY,29.9,85.0,65.6,CCS2,120.0,True,36.15,34.7,21.08,35.81,1.698,0.0,53.0,NORMAL,False,True,EVENING,False
CHG_91BE5A9100,2026-08-11 19:07:55,2026-08-11 19:07:55,2026-08-11 19:33:12,JNY_172855245,USR_90759,STN_MUM_01,Mumbai,MALL,48.3,85.0,71.4,CCS2,90.0,True,26.2,24.65,20.38,25.29,1.241,0.2,5.0,NORMAL,False,False,EVENING,False
CHG_0C2CBA5E06,2026-08-11 19:16:58,2026-08-11 19:16:58,2026-08-11 20:29:38,JNY_597556762,USR_54062,STN_DEL_02,Delhi,OFFICE,34.1,80.0,75.4,CCS2,60.0,True,34.61,32.83,38.45,72.67,1.89,1.0,0.0,CHARGER_FAULT,True,True,EVENING,False
CHG_05DD9AED44,2026-08-11 19:19:58,2026-08-11 19:19:58,2026-08-11 19:33:19,JNY_248373568,USR_64614,STN_MUM_01,Mumbai,MALL,62.5,85.0,82.1,CCS2,120.0,True,18.47,17.64,10.78,13.35,1.239,0.2,2.0,NORMAL,False,False,EVENING,False
CHG_E450F60FD1,2026-08-11 19:20:10,2026-08-11 19:20:10,2026-08-11 19:46:31,JNY_385344807,USR_60306,STN_GGN_02,Gurugram,MALL,43.1,90.0,62.3,CCS2,120.0,True,29.22,28.27,17.86,26.36,1.476,0.2,12.0,NORMAL,False,False,EVENING,False
CHG_36485905CA,2026-08-11 19:28:41,2026-08-11 19:28:41,2026-08-11 19:59:09,JNY_229850970,USR_88348,STN_DEL_03,Delhi,HIGHWAY,35.8,85.0,62.4,CCS2,90.0,True,30.7,29.4,23.88,30.47,1.276,0.2,5.0,NORMAL,False,False,EVENING,False
CHG_B9EAE884FD,2026-08-11 19:30:23,2026-08-11 19:30:23,2026-08-11 20:04:27,JNY_650192422,USR_89939,STN_JPR_01,Jaipur,MALL,17.8,85.0,81.8,CCS2,120.0,True,54.97,53.46,32.07,34.08,1.063,0.6,5.0,NORMAL,False,False,EVENING,False
CHG_F5CCFF809B,2026-08-11 19:31:21,2026-08-11 19:31:21,2026-08-11 19:49:29,JNY_106405266,USR_66653,STN_DEL_01,Delhi,MALL,45.0,85.0,78.9,CCS2,150.0,True,31.56,29.86,14.73,18.14,1.232,0.2,2.0,NORMAL,False,False,EVENING,False
CHG_B3B175E865,2026-08-11 19:31:37,2026-08-11 19:31:37,2026-08-11 20:04:15,JNY_224433047,USR_32734,STN_GGN_02,Gurugram,MALL,35.3,85.0,70.2,CHAdeMO,75.0,True,34.89,33.7,32.56,32.65,1.003,0.4,0.0,NORMAL,False,False,EVENING,False
CHG_BA9D793499,2026-08-11 19:32:32,2026-08-11 19:32:32,2026-08-11 19:56:59,JNY_214573702,USR_23224,STN_GGN_01,Gurugram,OFFICE,24.6,85.0,89.7,CCS2,150.0,True,54.18,51.1,25.28,24.46,0.968,1.0,0.0,NORMAL,False,False,EVENING,False
CHG_217889B312,2026-08-11 19:36:11,2026-08-11 19:36:11,2026-08-11 22:17:40,JNY_681723540,USR_80131,STN_BLR_01,Bengaluru,OFFICE,25.3,90.0,68.2,TYPE2_AC,22.0,False,44.13,42.92,147.08,161.49,1.098,1.0,0.0,NORMAL,False,False,EVENING,False
CHG_D033EBD94D,2026-08-11 19:38:46,2026-08-11 19:38:46,2026-08-11 20:33:14,JNY_844141755,USR_27005,STN_DEL_03,Delhi,HIGHWAY,40.3,90.0,74.5,CCS2,60.0,True,37.03,35.9,45.25,54.48,1.204,0.4,11.0,NORMAL,False,False,EVENING,False
CHG_6A0F453C11,2026-08-11 19:41:08,2026-08-11 19:41:08,2026-08-11 19:53:07,JNY_397089857,USR_78454,STN_MUM_01,Mumbai,MALL,58.5,85.0,70.6,CCS2,120.0,True,18.71,18.02,10.91,11.99,1.099,0.2,2.0,NORMAL,False,False,EVENING,False
CHG_3864783E8C,2026-08-11 19:50:19,2026-08-11 19:50:19,2026-08-11 20:08:45,JNY_556420052,USR_55279,STN_JPR_01,Jaipur,MALL,57.8,90.0,74.4,CCS2,90.0,True,23.96,22.18,19.52,18.44,0.945,0.8,0.0,NORMAL,False,False,EVENING,False
CHG_BF5B53E3F9,2026-08-11 19:50:32,2026-08-11 19:50:32,2026-08-11 20:20:07,JNY_634159377,USR_10881,STN_JPR_01,Jaipur,MALL,20.5,85.0,61.7,CHAdeMO,100.0,True,39.8,38.62,27.86,29.59,1.062,0.6,0.0,NORMAL,False,False,EVENING,False
CHG_18431EFDD6,2026-08-11 19:52:34,2026-08-11 19:52:34,2026-08-11 20:02:46,JNY_547430233,USR_77751,STN_MUM_01,Mumbai,MALL,57.6,80.0,67.8,CCS2,120.0,True,15.19,15.04,8.44,10.21,1.21,0.2,6.0,NORMAL,False,False,EVENING,False
CHG_D97B253D61,2026-08-11 19:59:00,2026-08-11 19:59:00,2026-08-11 20:26:25,JNY_214221947,USR_59769,STN_DEL_03,Delhi,HIGHWAY,16.6,80.0,56.9,CCS2,120.0,True,36.07,34.58,20.04,27.43,1.369,0.2,8.0,NORMAL,False,False,EVENING,False
CHG_82C3C78722,2026-08-11 19:59:07,2026-08-11 19:59:07,2026-08-11 20:26:07,JNY_893317264,USR_72644,STN_DEL_02,Delhi,OFFICE,35.4,80.0,62.7,CHAdeMO,75.0,True,27.96,27.2,24.86,27.0,1.086,0.75,0.0,NORMAL,False,False,EVENING,False
CHG_F646EADD04,2026-08-11 20:00:25,2026-08-11 20:00:25,2026-08-11 21:21:23,JNY_701265477,USR_81207,STN_BLR_01,Bengaluru,OFFICE,37.1,80.0,60.1,TYPE2_AC,22.0,False,25.78,24.6,78.13,80.97,1.036,0.75,2.0,NORMAL,False,False,EVENING,False
CHG_D287C9C136,2026-08-11 20:03:19,2026-08-11 20:03:19,2026-08-11 20:23:49,JNY_776810016,USR_83481,STN_GGN_01,Gurugram,OFFICE,28.5,80.0,66.3,CCS2,120.0,True,34.14,32.73,18.97,20.51,1.081,1.0,0.0,NORMAL,False,False,EVENING,False
CHG_1ED1CBBA97,2026-08-11 20:07:59,2026-08-11 20:07:59,2026-08-11 20:22:50,JNY_866106811,USR_10679,STN_MUM_01,Mumbai,MALL,52.0,85.0,86.1,CCS2,150.0,True,28.41,27.01,13.26,14.86,1.121,0.2,2.0,NORMAL,False,False,EVENING,False
CHG_943728E9D3,2026-08-11 20:15:07,2026-08-11 20:15:07,2026-08-11 20:47:38,JNY_632988118,USR_26720,STN_JPR_02,Jaipur,HIGHWAY,26.0,80.0,69.6,CCS2,90.0,True,37.58,36.2,27.84,32.52,1.168,0.4,4.0,NORMAL,False,False,EVENING,False
CHG_09B1C17AF3,2026-08-11 20:25:20,2026-08-11 20:25:20,2026-08-11 23:05:18,JNY_727212640,USR_37883,STN_JPR_02,Jaipur,HIGHWAY,26.3,80.0,83.4,TYPE2_AC,22.0,False,44.79,43.12,135.71,159.97,1.179,0.4,0.0,MINOR_SLOWDOWN,True,False,EVENING,False
CHG_C82B863432,2026-08-11 20:29:53,2026-08-11 20:29:53,2026-08-11 20:52:52,JNY_755901008,USR_31125,STN_MUM_02,Mumbai,RESIDENTIAL,29.2,85.0,60.9,CCS2,120.0,True,33.98,31.72,19.82,22.99,1.16,0.5,2.0,NORMAL,False,False,EVENING,False
CHG_DC1E8B9CC5,2026-08-11 20:30:25,2026-08-11 20:30:25,2026-08-11 20:57:13,JNY_576503329,USR_57265,STN_BLR_01,Bengaluru,OFFICE,36.0,90.0,63.9,CCS2,90.0,True,34.51,32.71,28.12,26.81,0.954,0.75,0.0,NORMAL,False,False,EVENING,False
CHG_84D8350466,2026-08-11 20:33:55,2026-08-11 20:33:55,2026-08-11 20:56:41,JNY_974162421,USR_29834,STN_JPR_02,Jaipur,HIGHWAY,27.9,85.0,62.7,CCS2,120.0,True,35.8,35.62,20.88,22.78,1.091,0.6,0.0,NORMAL,False,False,EVENING,False
CHG_78ED674067,2026-08-11 20:34:58,2026-08-11 20:34:58,2026-08-11 21:08:52,JNY_335453971,USR_86298,STN_MUM_02,Mumbai,RESIDENTIAL,24.9,80.0,74.2,CCS2,90.0,True,40.88,39.49,30.28,33.92,1.12,0.25,3.0,NORMAL,False,False,EVENING,False
CHG_902387AEC4,2026-08-11 20:35:04,2026-08-11 20:35:04,2026-08-11 21:17:48,JNY_666744300,USR_94450,STN_MUM_01,Mumbai,MALL,19.2,80.0,84.6,CHAdeMO,75.0,True,51.44,49.2,45.72,42.75,0.935,0.6,0.0,NORMAL,False,False,EVENING,False
CHG_C2F504488D,2026-08-11 20:35:30,2026-08-11 20:35:30,2026-08-11 21:46:46,JNY_872140838,USR_56966,STN_DEL_01,Delhi,MALL,13.1,85.0,90.0,CHAdeMO,75.0,True,64.71,61.76,60.4,71.27,1.18,0.4,0.0,MINOR_SLOWDOWN,True,False,EVENING,False
CHG_337C250A25,2026-08-11 20:35:52,2026-08-11 20:35:52,2026-08-11 21:48:23,JNY_402501179,USR_24164,STN_MUM_02,Mumbai,RESIDENTIAL,14.6,80.0,76.1,CCS2,60.0,True,49.77,48.51,55.3,72.52,1.311,0.0,11.0,NORMAL,False,False,EVENING,False
CHG_80720DFACF,2026-08-11 20:36:00,2026-08-11 20:36:00,2026-08-12 00:26:30,JNY_203422740,USR_56361,STN_JPR_01,Jaipur,MALL,36.9,85.0,73.1,TYPE2_AC,11.0,False,35.16,34.41,223.75,230.51,1.03,0.4,0.0,NORMAL,False,False,EVENING,False
CHG_582D9BCB24,2026-08-11 20:41:02,2026-08-11 20:41:02,2026-08-11 21:05:41,JNY_581098477,USR_92530,STN_DEL_01,Delhi,MALL,26.7,85.0,84.0,CCS2,150.0,True,48.97,46.53,22.85,24.65,1.079,0.6,0.0,NORMAL,False,False,EVENING,False
CHG_DFA96F5E48,2026-08-11 20:43:40,2026-08-11 20:43:40,2026-08-11 21:09:11,JNY_263707989,USR_45740,STN_GGN_02,Gurugram,MALL,41.9,80.0,88.9,CCS2,120.0,True,33.87,32.69,18.82,25.53,1.357,0.2,4.0,MINOR_SLOWDOWN,True,False,EVENING,False
CHG_F46D511567,2026-08-11 20:47:10,2026-08-11 20:47:10,2026-08-11 21:16:17,JNY_372417600,USR_94484,STN_DEL_01,Delhi,MALL,29.9,80.0,87.1,CHAdeMO,100.0,True,43.64,43.42,29.09,29.12,1.001,0.4,0.0,NORMAL,False,False,EVENING,False
CHG_F3604C441E,2026-08-11 20:50:02,2026-08-11 20:50:02,2026-08-11 21:13:36,JNY_762598798,USR_75685,STN_GGN_01,Gurugram,OFFICE,38.1,85.0,64.8,CCS2,90.0,True,30.39,29.09,23.64,23.57,0.997,1.0,0.0,NORMAL,False,False,EVENING,False
CHG_F822B4EC60,2026-08-11 20:50:55,2026-08-11 20:50:55,2026-08-11 22:32:29,JNY_984888456,USR_24307,STN_DEL_02,Delhi,OFFICE,45.7,90.0,70.3,TYPE2_AC,22.0,False,31.14,29.67,103.81,101.57,0.978,1.0,0.0,NORMAL,False,False,EVENING,False
CHG_DCAF718B95,2026-08-11 20:53:01,2026-08-11 20:53:01,2026-08-11 21:17:38,JNY_607364206,USR_69492,STN_BLR_01,Bengaluru,OFFICE,43.1,80.0,82.8,CCS2,90.0,True,30.55,28.69,22.63,24.62,1.088,0.75,0.0,NORMAL,False,False,EVENING,False
CHG_793B484B33,2026-08-11 20:57:26,2026-08-11 20:57:26,2026-08-12 02:57:26,JNY_319848469,USR_26842,STN_MUM_01,Mumbai,MALL,19.7,80.0,90.0,TYPE2_AC,7.2,False,54.27,53.75,502.5,360.0,0.716,0.2,6.0,NORMAL,False,False,EVENING,False
CHG_0B5D719BAA,2026-08-11 20:57:40,2026-08-11 20:57:40,2026-08-11 21:29:30,JNY_223653242,USR_94988,STN_GGN_02,Gurugram,MALL,34.5,80.0,79.9,CCS2,90.0,True,36.35,34.88,26.93,31.84,1.182,0.2,3.0,NORMAL,False,False,EVENING,False
CHG_6B69F1E8DC,2026-08-11 20:58:19,2026-08-11 20:58:19,2026-08-11 21:45:00,JNY_417546668,USR_33915,STN_DEL_02,Delhi,OFFICE,29.6,80.0,79.2,CCS2,60.0,True,39.92,37.6,44.35,46.69,1.053,0.75,0.0,NORMAL,False,False,EVENING,False
CHG_CC93F802C1,2026-08-11 20:59:47,2026-08-11 20:59:47,2026-08-11 21:22:08,JNY_549533986,USR_16899,STN_JPR_01,Jaipur,MALL,30.5,85.0,62.2,CHAdeMO,100.0,True,33.9,32.47,23.73,22.36,0.942,0.6,0.0,NORMAL,False,False,EVENING,False
CHG_B5D240CE81,2026-08-11 21:03:12,2026-08-11 21:03:12,2026-08-11 21:26:38,JNY_984719362,USR_36321,STN_GGN_01,Gurugram,OFFICE,38.9,80.0,74.2,CCS2,90.0,True,30.5,28.91,22.59,23.43,1.037,1.0,0.0,NORMAL,False,False,NIGHT,False
CHG_B1AAD7A740,2026-08-11 21:04:48,2026-08-11 21:04:48,2026-08-12 02:23:40,JNY_758889235,USR_21698,STN_MUM_01,Mumbai,MALL,34.5,90.0,75.5,TYPE2_AC,11.0,False,41.9,38.68,279.35,318.87,1.141,0.4,0.0,NORMAL,False,False,NIGHT,False
CHG_2896E03517,2026-08-11 21:06:30,2026-08-11 21:06:30,2026-08-11 21:57:20,JNY_987438212,USR_13903,STN_DEL_02,Delhi,OFFICE,26.8,90.0,77.1,CHAdeMO,75.0,True,48.73,46.98,47.64,50.84,1.067,0.75,0.0,NORMAL,False,False,NIGHT,False
CHG_FD5068E016,2026-08-11 21:10:52,2026-08-11 21:10:52,2026-08-11 21:41:46,JNY_772576298,USR_24494,STN_DEL_02,Delhi,OFFICE,40.7,90.0,89.4,CCS2,120.0,True,44.07,41.92,26.93,30.91,1.148,1.0,0.0,MINOR_SLOWDOWN,True,False,NIGHT,False
CHG_D2EFF8F394,2026-08-11 21:19:12,2026-08-11 21:19:12,2026-08-11 23:35:34,JNY_488802044,USR_39485,STN_GGN_01,Gurugram,OFFICE,39.0,90.0,74.3,TYPE2_AC,22.0,False,37.89,37.5,126.31,136.37,1.08,1.0,0.0,NORMAL,False,False,NIGHT,False
CHG_DED96795E2,2026-08-11 21:20:35,2026-08-11 21:20:35,2026-08-11 21:50:14,JNY_398525867,USR_53357,STN_GGN_01,Gurugram,OFFICE,30.8,80.0,72.9,CCS2,90.0,True,35.87,34.21,26.57,29.65,1.116,0.5,0.0,NORMAL,False,False,NIGHT,False
CHG_997A058492,2026-08-11 21:35:27,2026-08-11 21:35:27,2026-08-11 22:05:17,JNY_240605348,USR_68601,STN_DEL_03,Delhi,HIGHWAY,38.0,80.0,67.8,CCS2,60.0,True,28.48,27.36,31.64,29.84,0.943,0.8,0.0,NORMAL,False,False,NIGHT,False
CHG_42F0F87ED1,2026-08-11 21:36:42,2026-08-11 21:36:42,2026-08-12 01:26:49,JNY_665459513,USR_90093,STN_BLR_01,Bengaluru,OFFICE,49.6,90.0,81.7,TYPE2_AC,11.0,False,33.01,31.31,220.05,230.13,1.046,1.0,5.0,NORMAL,False,False,NIGHT,False
CHG_EF912A1531,2026-08-11 21:37:17,2026-08-11 21:37:17,2026-08-11 22:02:08,JNY_712824500,USR_22769,STN_GGN_01,Gurugram,OFFICE,40.9,85.0,90.0,CCS2,120.0,True,39.69,38.41,23.15,24.86,1.074,1.0,0.0,NORMAL,False,False,NIGHT,False
CHG_4EEE573459,2026-08-11 22:00:56,2026-08-11 22:00:56,2026-08-11 22:29:54,JNY_948487010,USR_28671,STN_GGN_01,Gurugram,OFFICE,34.7,80.0,67.9,CHAdeMO,75.0,True,30.76,29.54,27.34,28.97,1.06,1.0,2.0,NORMAL,False,False,NIGHT,False
CHG_1EA7C01EF3,2026-08-11 22:05:35,2026-08-11 22:05:35,2026-08-11 22:13:42,JNY_282231278,USR_31235,STN_BLR_01,Bengaluru,OFFICE,49.3,80.0,60.5,CCS2,150.0,True,18.57,17.68,8.25,8.13,0.984,0.75,0.0,NORMAL,False,False,NIGHT,False
CHG_97F38FAC24,2026-08-11 22:08:01,2026-08-11 22:08:01,2026-08-11 22:41:31,JNY_827789095,USR_36050,STN_MUM_01,Mumbai,MALL,31.2,80.0,65.4,CCS2,60.0,True,31.92,30.51,35.46,33.51,0.945,0.6,0.0,NORMAL,False,False,NIGHT,False
CHG_DD7702F234,2026-08-11 22:09:15,2026-08-11 22:09:15,2026-08-11 22:36:08,JNY_271564467,USR_36774,STN_MUM_02,Mumbai,RESIDENTIAL,44.5,85.0,87.4,CCS2,90.0,True,35.4,34.13,27.53,26.89,0.977,0.5,0.0,NORMAL,False,False,NIGHT,False
CHG_F2860F0445,2026-08-11 22:24:44,2026-08-11 22:24:44,2026-08-11 22:58:09,JNY_474028065,USR_37496,STN_JPR_01,Jaipur,MALL,40.4,85.0,60.0,CCS2,90.0,True,26.76,25.69,20.81,33.42,1.606,1.0,0.0,CHARGER_FAULT,True,True,NIGHT,False
CHG_433FB80BBE,2026-08-11 22:30:32,2026-08-11 22:30:32,2026-08-11 22:49:20,JNY_783227116,USR_64376,STN_GGN_02,Gurugram,MALL,31.1,80.0,63.7,CCS2,120.0,True,31.15,29.62,17.31,18.81,1.087,1.0,0.0,NORMAL,False,False,NIGHT,False
CHG_96FE602FAF,2026-08-11 22:30:49,2026-08-11 22:30:49,2026-08-11 23:07:31,JNY_753594304,USR_75876,STN_JPR_02,Jaipur,HIGHWAY,39.0,90.0,79.4,CCS2,120.0,True,40.49,38.37,24.75,36.71,1.483,0.6,0.0,POWER_LIMITATION,True,False,NIGHT,False
CHG_8782EA0778,2026-08-11 22:34:57,2026-08-11 22:34:57,2026-08-11 23:04:57,JNY_961912815,USR_90202,STN_BLR_01,Bengaluru,OFFICE,28.5,90.0,80.7,CCS2,120.0,True,49.63,46.81,30.33,30.01,0.99,1.0,0.0,NORMAL,False,False,NIGHT,False
CHG_37A58DA218,2026-08-11 22:45:45,2026-08-11 22:45:45,2026-08-11 23:24:16,JNY_114363594,USR_12703,STN_JPR_01,Jaipur,MALL,30.7,85.0,62.7,CCS2,60.0,True,34.05,33.07,39.72,38.52,0.97,1.0,0.0,NORMAL,False,False,NIGHT,False
CHG_B3E942EF7A,2026-08-11 22:47:41,2026-08-11 22:47:41,2026-08-12 00:45:21,JNY_759120525,USR_60336,STN_DEL_01,Delhi,MALL,61.5,90.0,57.2,TYPE2_AC,11.0,False,16.3,15.43,108.68,117.68,1.083,0.8,3.0,NORMAL,False,False,NIGHT,False
CHG_10F7C5045A,2026-08-11 22:48:15,2026-08-11 22:48:15,2026-08-11 23:36:55,JNY_890838510,USR_72652,STN_GGN_01,Gurugram,OFFICE,31.4,80.0,80.7,CCS2,60.0,True,39.22,37.44,43.58,48.67,1.117,1.0,5.0,NORMAL,False,False,NIGHT,False
CHG_B072296C59,2026-08-11 23:36:13,2026-08-11 23:36:13,2026-08-12 00:05:09,JNY_684399846,USR_77539,STN_MUM_02,Mumbai,RESIDENTIAL,31.7,80.0,77.4,CCS2,90.0,True,37.38,36.61,27.69,28.93,1.045,1.0,0.0,NORMAL,False,False,NIGHT,False
CHG_45E89BC6ED,2026-08-11 23:47:14,2026-08-11 23:47:14,2026-08-12 00:14:53,JNY_206110902,USR_88948,STN_JPR_02,Jaipur,HIGHWAY,15.7,90.0,78.7,CCS2,150.0,True,58.47,56.61,28.59,27.66,0.968,1.0,0.0,NORMAL,False,False,NIGHT,False
CHG_A3FA6644F7,2026-08-12 00:00:28,2026-08-12 00:00:28,2026-08-12 00:31:38,JNY_448791148,USR_44701,STN_GGN_01,Gurugram,OFFICE,42.9,95.0,86.5,CCS2,120.0,True,45.07,42.44,28.79,31.17,1.083,1.0,0.0,NORMAL,False,False,NIGHT,False
CHG_F68DB13E10,2026-08-12 01:50:05,2026-08-12 01:50:05,2026-08-12 02:28:08,JNY_286641163,USR_26117,STN_MUM_02,Mumbai,RESIDENTIAL,20.9,80.0,76.3,CCS2,90.0,True,45.09,44.2,33.4,38.05,1.139,1.0,3.0,NORMAL,False,False,NIGHT,False
CHG_6C8C713322,2026-08-12 02:11:45,2026-08-12 02:11:45,2026-08-12 04:09:07,JNY_387120636,USR_14650,STN_MUM_01,Mumbai,MALL,46.1,95.0,66.6,TYPE2_AC,22.0,False,32.57,31.8,113.49,117.38,1.034,1.0,0.0,NORMAL,False,False,NIGHT,False
CHG_0840FAC886,2026-08-12 02:21:04,2026-08-12 02:21:04,2026-08-12 02:40:28,JNY_483626878,USR_83531,STN_MUM_02,Mumbai,RESIDENTIAL,29.2,80.0,81.9,CCS2,150.0,True,41.61,39.3,18.49,19.41,1.05,0.75,0.0,NORMAL,False,False,NIGHT,False
CHG_D299D81503,2026-08-12 02:22:14,2026-08-12 02:22:14,2026-08-12 02:51:40,JNY_677938773,USR_21816,STN_MUM_02,Mumbai,RESIDENTIAL,30.8,85.0,79.1,CHAdeMO,100.0,True,42.87,41.44,30.01,29.43,0.981,1.0,0.0,NORMAL,False,False,NIGHT,False
CHG_1B074C15BF,2026-08-12 02:30:13,2026-08-12 02:30:13,2026-08-12 03:28:30,JNY_236320803,USR_10268,STN_DEL_02,Delhi,OFFICE,14.6,85.0,85.5,CCS2,90.0,True,60.19,58.91,46.82,58.29,1.245,1.0,0.0,MINOR_SLOWDOWN,True,False,NIGHT,False
CHG_16C1193046,2026-08-12 03:12:30,2026-08-12 03:12:30,2026-08-12 03:37:16,JNY_812544673,USR_96157,STN_DEL_03,Delhi,HIGHWAY,25.1,90.0,65.0,CCS2,120.0,True,42.19,41.52,25.78,24.78,0.961,1.0,0.0,NORMAL,False,False,NIGHT,False
CHG_FBFE357A9F,2026-08-12 04:01:21,2026-08-12 04:01:21,2026-08-12 04:26:59,JNY_483358517,USR_10111,STN_JPR_01,Jaipur,MALL,31.3,85.0,65.8,CCS2,90.0,True,35.33,32.6,27.48,25.64,0.933,1.0,0.0,NORMAL,False,False,NIGHT,False
CHG_0011372BCF,2026-08-12 04:05:45,2026-08-12 04:05:45,2026-08-12 08:19:02,JNY_346496700,USR_94360,STN_MUM_02,Mumbai,RESIDENTIAL,33.1,85.0,75.4,TYPE2_AC,11.0,False,39.13,38.08,249.03,253.29,1.017,1.0,0.0,NORMAL,False,False,NIGHT,False
CHG_92777AB4CD,2026-08-12 04:19:17,2026-08-12 04:19:17,2026-08-12 04:44:24,JNY_972203606,USR_42905,STN_JPR_01,Jaipur,MALL,32.0,80.0,65.3,CCS2,90.0,True,31.34,29.63,23.22,25.13,1.082,0.8,0.0,NORMAL,False,False,NIGHT,False
CHG_F4B1C712E2,2026-08-12 04:32:26,2026-08-12 04:32:26,2026-08-12 04:40:12,JNY_350930478,USR_74421,STN_GGN_01,Gurugram,OFFICE,61.4,85.0,74.6,CCS2,150.0,True,17.61,17.03,8.22,7.78,0.947,1.0,0.0,NORMAL,False,False,NIGHT,False
CHG_8637EC48A5,2026-08-12 04:59:29,2026-08-12 04:59:29,2026-08-12 05:21:23,JNY_876950596,USR_36643,STN_MUM_01,Mumbai,MALL,37.7,90.0,65.8,CCS2,120.0,True,34.41,33.38,21.03,21.92,1.042,1.0,0.0,NORMAL,False,False,NIGHT,False
CHG_CFA6B47423,2026-08-12 05:21:28,2026-08-12 05:21:28,2026-08-12 07:48:02,JNY_737882803,USR_82063,STN_DEL_02,Delhi,OFFICE,25.0,80.0,80.1,TYPE2_AC,22.0,False,44.05,42.78,133.5,146.58,1.098,0.5,3.0,NORMAL,False,False,NIGHT,False
CHG_B7B5DFEC97,2026-08-12 05:26:34,2026-08-12 05:26:34,2026-08-12 05:46:49,JNY_368851617,USR_26659,STN_JPR_02,Jaipur,HIGHWAY,17.8,80.0,58.5,CCS2,120.0,True,36.39,34.88,20.22,20.26,1.002,0.8,2.0,NORMAL,False,False,NIGHT,False
CHG_A0238601EA,2026-08-12 05:27:00,2026-08-12 05:27:00,2026-08-12 05:54:50,JNY_644911765,USR_93216,STN_DEL_03,Delhi,HIGHWAY,33.6,85.0,66.0,CCS2,90.0,True,33.92,31.87,26.39,27.84,1.055,1.0,3.0,NORMAL,False,False,NIGHT,False
CHG_52420CFE6D,2026-08-12 05:27:22,2026-08-12 05:27:22,2026-08-12 06:11:25,JNY_680642114,USR_77093,STN_BLR_01,Bengaluru,OFFICE,26.6,85.0,63.5,CCS2,60.0,True,37.08,35.73,43.26,44.05,1.018,1.0,3.0,NORMAL,False,False,NIGHT,False
CHG_EC16955C95,2026-08-12 05:31:30,2026-08-12 05:31:30,2026-08-12 06:18:39,JNY_205860726,USR_53069,STN_DEL_02,Delhi,OFFICE,21.6,85.0,79.8,CHAdeMO,75.0,True,50.59,48.74,47.22,47.16,0.999,1.0,0.0,NORMAL,False,False,NIGHT,False
CHG_FE1A6FBFA0,2026-08-12 05:42:13,2026-08-12 05:42:13,2026-08-12 06:11:02,JNY_828950274,USR_28399,STN_MUM_02,Mumbai,RESIDENTIAL,16.9,85.0,71.3,CCS2,120.0,True,48.56,45.33,28.32,28.82,1.017,0.5,0.0,NORMAL,False,False,NIGHT,False
CHG_548B1B20C9,2026-08-12 05:47:34,2026-08-12 05:47:34,2026-08-12 06:23:01,JNY_593157589,USR_28196,STN_MUM_02,Mumbai,RESIDENTIAL,32.0,90.0,60.2,CCS2,90.0,True,34.92,33.68,28.45,35.45,1.246,0.25,2.0,NORMAL,False,False,NIGHT,False
CHG_6BDC78C9E8,2026-08-12 05:53:15,2026-08-12 05:53:15,2026-08-12 06:24:51,JNY_459120747,USR_65633,STN_BLR_01,Bengaluru,OFFICE,31.0,85.0,70.9,CCS2,90.0,True,38.29,35.64,29.78,31.61,1.061,0.75,0.0,NORMAL,False,False,NIGHT,False
CHG_F7CBA54340,2026-08-12 05:55:17,2026-08-12 05:55:17,2026-08-12 06:45:07,JNY_502477174,USR_23373,STN_MUM_02,Mumbai,RESIDENTIAL,21.0,85.0,73.5,CHAdeMO,75.0,True,47.04,45.55,43.9,49.84,1.135,0.5,0.0,NORMAL,False,False,NIGHT,False
CHG_15F2389552,2026-08-12 06:19:28,2026-08-12 06:19:28,2026-08-12 06:39:14,JNY_564104548,USR_40697,STN_DEL_01,Delhi,MALL,50.6,80.0,61.2,CCS2,60.0,True,17.99,17.24,19.99,19.78,0.99,0.8,4.0,NORMAL,False,False,MORNING,False
CHG_6A0AD37B39,2026-08-12 06:23:42,2026-08-12 06:23:42,2026-08-12 07:01:49,JNY_282829068,USR_42672,STN_JPR_02,Jaipur,HIGHWAY,14.0,85.0,73.3,CCS2,90.0,True,52.04,49.19,40.48,38.13,0.942,0.6,0.0,NORMAL,False,False,MORNING,False
CHG_73FCAF5C71,2026-08-12 06:28:23,2026-08-12 06:28:23,2026-08-12 07:04:29,JNY_964723443,USR_88971,STN_DEL_01,Delhi,MALL,34.6,80.0,72.7,CCS2,60.0,True,33.01,31.68,36.67,36.1,0.984,0.4,0.0,NORMAL,False,False,MORNING,False
CHG_3B8660F3D2,2026-08-12 06:30:02,2026-08-12 06:30:02,2026-08-12 06:47:26,JNY_842084264,USR_76915,STN_DEL_01,Delhi,MALL,47.1,85.0,83.2,CCS2,120.0,True,31.53,30.57,18.39,17.4,0.946,0.6,0.0,NORMAL,False,False,MORNING,False
CHG_9D5452FF5A,2026-08-12 06:30:25,2026-08-12 06:30:25,2026-08-12 12:30:25,JNY_834812001,USR_80551,STN_GGN_02,Gurugram,MALL,23.1,80.0,79.2,TYPE2_AC,7.2,False,45.06,43.15,417.27,360.0,0.863,0.8,0.0,NORMAL,False,False,MORNING,False
CHG_9D922240A0,2026-08-12 06:34:52,2026-08-12 06:34:52,2026-08-12 06:51:56,JNY_996642951,USR_14393,STN_DEL_03,Delhi,HIGHWAY,51.5,85.0,60.6,CCS2,90.0,True,20.3,19.47,15.79,17.08,1.082,1.0,0.0,NORMAL,False,False,MORNING,False
CHG_430C926DE2,2026-08-12 06:35:44,2026-08-12 06:35:44,2026-08-12 07:11:36,JNY_755092139,USR_68696,STN_DEL_02,Delhi,OFFICE,41.4,85.0,67.1,CCS2,60.0,True,29.26,28.01,34.13,35.87,1.051,0.75,0.0,NORMAL,False,False,MORNING,False
CHG_1D645B5984,2026-08-12 06:39:40,2026-08-12 06:39:40,2026-08-12 06:59:56,JNY_185001813,USR_74836,STN_DEL_03,Delhi,HIGHWAY,43.6,90.0,77.4,CCS2,150.0,True,35.91,34.98,17.56,20.27,1.154,0.2,2.0,NORMAL,False,False,MORNING,False
CHG_F0A3F46CA9,2026-08-12 06:51:03,2026-08-12 06:51:03,2026-08-12 07:23:35,JNY_113376109,USR_97684,STN_GGN_02,Gurugram,MALL,42.2,85.0,65.9,CCS2,60.0,True,28.21,27.06,32.91,32.55,0.989,1.0,0.0,NORMAL,False,False,MORNING,False
CHG_F6E1D069C4,2026-08-12 06:55:55,2026-08-12 06:55:55,2026-08-12 10:07:19,JNY_982230620,USR_99836,STN_BLR_01,Bengaluru,OFFICE,41.1,85.0,69.0,TYPE2_AC,11.0,False,30.29,29.43,192.76,191.4,0.993,1.0,0.0,NORMAL,False,False,MORNING,False
CHG_96B86E8C26,2026-08-12 06:56:51,2026-08-12 06:56:51,2026-08-12 07:30:36,JNY_198803915,USR_92514,STN_GGN_02,Gurugram,MALL,29.7,85.0,78.8,CCS2,90.0,True,43.58,40.83,33.89,33.76,0.996,0.4,0.0,NORMAL,False,False,MORNING,False
CHG_A4E0ADFC05,2026-08-12 07:03:17,2026-08-12 07:03:17,2026-08-12 07:22:28,JNY_378885830,USR_63043,STN_GGN_01,Gurugram,OFFICE,45.0,90.0,75.0,CCS2,120.0,True,33.75,32.92,20.62,19.2,0.931,1.0,0.0,NORMAL,False,False,MORNING,False
CHG_D28B7D2AB2,2026-08-12 07:04:43,2026-08-12 07:04:43,2026-08-12 07:26:35,JNY_498292185,USR_24729,STN_MUM_02,Mumbai,RESIDENTIAL,38.2,90.0,60.0,CCS2,120.0,True,31.08,29.69,18.99,21.88,1.152,0.5,3.0,NORMAL,False,False,MORNING,False
CHG_1F0F96B253,2026-08-12 07:04:44,2026-08-12 07:04:44,2026-08-12 07:25:56,JNY_330177466,USR_96817,STN_BLR_01,Bengaluru,OFFICE,37.8,80.0,58.1,CHAdeMO,75.0,True,24.52,24.01,21.79,21.21,0.973,0.75,0.0,NORMAL,False,False,MORNING,False
CHG_FA437FB805,2026-08-12 07:06:44,2026-08-12 07:06:44,2026-08-12 07:42:58,JNY_210286635,USR_44967,STN_GGN_01,Gurugram,OFFICE,17.9,90.0,81.2,CCS2,120.0,True,58.55,56.53,35.78,36.24,1.013,1.0,0.0,NORMAL,False,False,MORNING,False
CHG_FA4BA30177,2026-08-12 07:15:44,2026-08-12 07:15:44,2026-08-12 08:11:19,JNY_882898719,USR_58913,STN_BLR_01,Bengaluru,OFFICE,20.1,85.0,86.9,CHAdeMO,75.0,True,56.4,53.37,52.64,55.58,1.056,0.75,0.0,NORMAL,False,False,MORNING,False
CHG_5A646976F7,2026-08-12 07:18:35,2026-08-12 07:18:35,2026-08-12 07:49:26,JNY_652607389,USR_35940,STN_JPR_01,Jaipur,MALL,33.7,85.0,70.8,CCS2,90.0,True,36.32,34.27,28.25,30.85,1.092,0.8,0.0,NORMAL,False,False,MORNING,False
CHG_A5CD7346EF,2026-08-12 07:24:59,2026-08-12 07:24:59,2026-08-12 07:48:01,JNY_271103207,USR_31495,STN_BLR_01,Bengaluru,OFFICE,20.0,80.0,65.9,CCS2,120.0,True,39.54,38.59,21.97,23.04,1.049,0.5,0.0,NORMAL,False,False,MORNING,False
CHG_CD56F03758,2026-08-12 07:32:08,2026-08-12 07:32:08,2026-08-12 07:58:10,JNY_193069637,USR_42250,STN_BLR_01,Bengaluru,OFFICE,28.8,80.0,82.6,CHAdeMO,100.0,True,42.29,40.4,28.19,26.04,0.924,1.0,0.0,NORMAL,False,False,MORNING,False
CHG_FD57E41A9F,2026-08-12 07:33:27,2026-08-12 07:33:27,2026-08-12 08:14:56,JNY_107501179,USR_27749,STN_GGN_01,Gurugram,OFFICE,19.5,85.0,56.8,CCS2,60.0,True,37.2,35.55,43.4,41.49,0.956,1.0,2.0,NORMAL,False,False,MORNING,False
CHG_4A73928B86,2026-08-12 07:35:33,2026-08-12 07:35:33,2026-08-12 08:03:07,JNY_390899216,USR_84622,STN_MUM_01,Mumbai,MALL,34.2,80.0,63.9,CHAdeMO,75.0,True,29.27,28.08,26.01,27.58,1.06,0.6,0.0,NORMAL,False,False,MORNING,False
CHG_1B1F24237D,2026-08-12 07:35:52,2026-08-12 07:35:52,2026-08-12 08:09:36,JNY_967428756,USR_35128,STN_DEL_03,Delhi,HIGHWAY,31.0,80.0,76.9,CCS2,90.0,True,37.68,35.01,27.91,33.74,1.209,0.2,4.0,NORMAL,False,False,MORNING,False
CHG_841BDCB0A1,2026-08-12 07:36:53,2026-08-12 07:36:53,2026-08-12 07:55:19,JNY_131356823,USR_12480,STN_DEL_03,Delhi,HIGHWAY,57.1,85.0,70.5,CHAdeMO,75.0,True,19.67,19.17,18.36,18.44,1.005,0.6,0.0,NORMAL,False,False,MORNING,False
CHG_6923C64375,2026-08-12 07:40:33,2026-08-12 07:40:33,2026-08-12 08:34:25,JNY_741468225,USR_78356,STN_BLR_01,Bengaluru,OFFICE,46.3,85.0,90.0,CCS2,60.0,True,34.83,33.41,40.64,53.88,1.326,1.0,0.0,POWER_LIMITATION,True,False,MORNING,False
CHG_CACBE6EDE7,2026-08-12 07:43:43,2026-08-12 07:43:43,2026-08-12 08:30:22,JNY_516850440,USR_52667,STN_JPR_01,Jaipur,MALL,13.0,85.0,90.0,CCS2,120.0,True,64.8,62.61,37.8,46.66,1.234,0.2,8.0,NORMAL,False,False,MORNING,False
CHG_FB786931E4,2026-08-12 07:44:16,2026-08-12 07:44:16,2026-08-12 08:10:30,JNY_225052717,USR_51813,STN_JPR_02,Jaipur,HIGHWAY,32.5,80.0,69.5,CCS2,90.0,True,33.01,31.59,24.45,26.23,1.073,0.6,0.0,NORMAL,False,False,MORNING,False
CHG_15C2BD2008,2026-08-12 07:50:48,2026-08-12 07:50:48,2026-08-12 08:11:04,JNY_729783778,USR_19050,STN_DEL_03,Delhi,HIGHWAY,62.0,85.0,81.0,CHAdeMO,75.0,True,18.63,17.74,17.39,20.28,1.166,0.2,5.0,NORMAL,False,False,MORNING,False
CHG_DF282B1374,2026-08-12 07:54:07,2026-08-12 07:54:07,2026-08-12 08:28:00,JNY_463069925,USR_97239,STN_BLR_01,Bengaluru,OFFICE,19.2,85.0,79.0,CHAdeMO,100.0,True,51.98,49.22,36.39,33.89,0.931,1.0,0.0,NORMAL,False,False,MORNING,False
CHG_94DDF02AC1,2026-08-12 08:05:29,2026-08-12 08:05:29,2026-08-12 08:28:06,JNY_482458149,USR_47106,STN_JPR_02,Jaipur,HIGHWAY,39.4,85.0,87.1,CCS2,120.0,True,39.72,36.7,23.17,22.62,0.977,0.4,0.0,NORMAL,False,False,MORNING,False
CHG_C58F9CF94A,2026-08-12 08:24:04,2026-08-12 08:24:04,2026-08-12 08:40:36,JNY_414093150,USR_13169,STN_DEL_01,Delhi,MALL,56.3,85.0,73.4,CCS2,90.0,True,21.07,20.4,16.38,16.54,1.01,0.6,4.0,NORMAL,False,False,MORNING,False
CHG_2DB49086D7,2026-08-12 08:24:27,2026-08-12 08:24:27,2026-08-12 08:43:56,JNY_122059034,USR_98224,STN_JPR_01,Jaipur,MALL,34.7,85.0,63.8,CCS2,120.0,True,32.09,30.72,18.72,19.5,1.042,0.6,0.0,NORMAL,False,False,MORNING,False
CHG_FD9D6AC8D9,2026-08-12 08:24:42,2026-08-12 08:24:42,2026-08-12 08:43:56,JNY_190928222,USR_46518,STN_DEL_02,Delhi,OFFICE,27.0,85.0,60.0,CCS2,120.0,True,34.8,33.89,20.3,19.25,0.948,0.75,0.0,NORMAL,False,False,MORNING,False
CHG_4621D4B544,2026-08-12 08:25:00,2026-08-12 08:25:00,2026-08-12 08:53:48,JNY_422731577,USR_81524,STN_MUM_02,Mumbai,RESIDENTIAL,23.5,85.0,75.4,CCS2,120.0,True,46.37,44.44,27.05,28.81,1.065,0.5,0.0,NORMAL,False,False,MORNING,False
CHG_AD69D94225,2026-08-12 08:28:40,2026-08-12 08:28:40,2026-08-12 09:01:10,JNY_657481881,USR_99418,STN_GGN_02,Gurugram,MALL,35.5,80.0,80.9,CCS2,90.0,True,36.0,34.25,26.67,32.51,1.219,0.2,2.0,NORMAL,False,False,MORNING,False
CHG_6C62830BCF,2026-08-12 08:32:36,2026-08-12 08:32:36,2026-08-12 08:48:07,JNY_236964698,USR_75958,STN_DEL_01,Delhi,MALL,38.7,80.0,59.1,CCS2,120.0,True,24.41,23.48,13.56,15.52,1.144,0.4,10.0,NORMAL,False,False,MORNING,False
CHG_A56123FCE3,2026-08-12 08:37:31,2026-08-12 08:37:31,2026-08-12 09:08:37,JNY_991984610,USR_82401,STN_JPR_01,Jaipur,MALL,14.4,85.0,57.3,CCS2,90.0,True,40.45,39.5,31.46,31.11,0.989,0.6,0.0,NORMAL,False,False,MORNING,False
CHG_AEA0D77F9B,2026-08-12 08:38:06,2026-08-12 08:38:06,2026-08-12 09:03:33,JNY_828109818,USR_77883,STN_JPR_02,Jaipur,HIGHWAY,62.5,95.0,86.5,CCS2,90.0,True,28.11,26.99,23.95,25.45,1.063,0.4,3.0,NORMAL,False,False,MORNING,False
CHG_F379A2CE45,2026-08-12 08:41:03,2026-08-12 08:41:03,2026-08-12 08:59:45,JNY_719147180,USR_67265,STN_DEL_01,Delhi,MALL,24.1,80.0,77.8,CCS2,150.0,True,43.49,41.76,19.33,18.7,0.968,0.8,0.0,NORMAL,False,False,MORNING,False
CHG_1B1F19E5E3,2026-08-12 08:41:37,2026-08-12 08:41:37,2026-08-12 09:05:18,JNY_444212147,USR_66844,STN_GGN_01,Gurugram,OFFICE,19.1,85.0,70.9,CCS2,150.0,True,46.72,45.03,21.8,23.69,1.086,1.0,0.0,NORMAL,False,False,MORNING,False
CHG_4730789C81,2026-08-12 08:44:39,2026-08-12 08:44:39,2026-08-12 09:12:47,JNY_604810773,USR_97000,STN_DEL_03,Delhi,HIGHWAY,23.8,85.0,76.7,CCS2,120.0,True,46.94,44.62,27.38,28.14,1.028,0.4,0.0,NORMAL,False,False,MORNING,False
CHG_5EF38B1A0E,2026-08-12 08:47:10,2026-08-12 08:47:10,2026-08-12 14:47:10,JNY_224584710,USR_74890,STN_JPR_01,Jaipur,MALL,24.2,85.0,88.7,TYPE2_AC,11.0,False,53.93,51.35,343.19,360.0,1.049,0.4,0.0,NORMAL,False,False,MORNING,False
CHG_3D6AF6B436,2026-08-12 08:48:23,2026-08-12 08:48:23,2026-08-12 08:59:13,JNY_140037511,USR_33121,STN_DEL_03,Delhi,HIGHWAY,61.7,85.0,75.8,CCS2,120.0,True,17.66,16.73,10.3,10.84,1.052,0.6,3.0,NORMAL,False,False,MORNING,False
CHG_CD06F3B544,2026-08-12 08:50:35,2026-08-12 08:50:35,2026-08-12 09:25:14,JNY_978359978,USR_66361,STN_DEL_03,Delhi,HIGHWAY,22.1,80.0,84.4,CCS2,120.0,True,48.87,48.48,27.15,34.66,1.277,0.4,10.0,NORMAL,False,False,MORNING,False
CHG_6A27BB94D3,2026-08-12 08:51:08,2026-08-12 08:51:08,2026-08-12 09:04:19,JNY_252597562,USR_56180,STN_BLR_01,Bengaluru,OFFICE,54.8,80.0,87.1,CCS2,150.0,True,21.95,21.15,9.76,13.19,1.353,1.0,0.0,POWER_LIMITATION,True,False,MORNING,False
CHG_CCEF4BF6EF,2026-08-12 08:52:32,2026-08-12 08:52:32,2026-08-12 09:14:56,JNY_854261535,USR_23115,STN_JPR_02,Jaipur,HIGHWAY,35.6,85.0,66.2,CCS2,120.0,True,32.7,31.87,19.08,22.41,1.175,0.2,7.0,NORMAL,False,False,MORNING,False
CHG_391FB99D1A,2026-08-12 08:55:09,2026-08-12 08:55:09,2026-08-12 09:18:39,JNY_923015340,USR_27654,STN_DEL_02,Delhi,OFFICE,57.0,95.0,75.6,CCS2,90.0,True,28.73,27.83,24.47,23.51,0.961,1.0,0.0,NORMAL,False,False,MORNING,False
CHG_E1712A7B7B,2026-08-12 08:56:20,2026-08-12 08:56:20,2026-08-12 10:47:05,JNY_237087253,USR_27720,STN_GGN_02,Gurugram,MALL,42.2,80.0,83.2,TYPE2_AC,22.0,False,31.45,29.88,95.3,110.75,1.162,0.2,4.0,NORMAL,False,False,MORNING,False
CHG_2291B32656,2026-08-12 08:57:52,2026-08-12 08:57:52,2026-08-12 09:15:38,JNY_205719374,USR_13765,STN_DEL_03,Delhi,HIGHWAY,35.6,85.0,68.8,CCS2,150.0,True,33.99,32.01,15.86,17.77,1.12,0.2,3.0,NORMAL,False,False,MORNING,False
CHG_FC802A4F1C,2026-08-12 09:06:42,2026-08-12 09:06:42,2026-08-12 09:34:33,JNY_405491455,USR_55551,STN_DEL_03,Delhi,HIGHWAY,26.5,80.0,76.2,CCS2,120.0,True,40.77,37.74,22.65,27.85,1.23,0.2,7.0,NORMAL,False,False,MORNING,False
CHG_C91DED81C8,2026-08-12 09:06:47,2026-08-12 09:06:47,2026-08-12 09:20:41,JNY_235439948,USR_63501,STN_GGN_01,Gurugram,OFFICE,48.9,85.0,71.1,CCS2,120.0,True,25.67,24.8,14.97,13.91,0.929,0.75,0.0,NORMAL,False,False,MORNING,False
CHG_5A2466F3FC,2026-08-12 09:07:37,2026-08-12 09:07:37,2026-08-12 13:19:39,JNY_871547128,USR_80229,STN_DEL_02,Delhi,OFFICE,23.5,80.0,61.2,TYPE2_AC,11.0,False,34.58,33.73,209.56,252.04,1.203,0.5,6.0,NORMAL,False,False,MORNING,False
CHG_0B5E2D1DD7,2026-08-12 09:08:24,2026-08-12 09:08:24,2026-08-12 09:27:24,JNY_951779230,USR_50394,STN_MUM_02,Mumbai,RESIDENTIAL,36.4,85.0,66.0,CCS2,120.0,True,32.08,30.06,18.71,19.01,1.016,1.0,2.0,NORMAL,False,False,MORNING,False
CHG_D0F836494D,2026-08-12 09:13:11,2026-08-12 09:13:11,2026-08-12 09:32:41,JNY_198012048,USR_69758,STN_MUM_02,Mumbai,RESIDENTIAL,62.4,85.0,66.7,CCS2,60.0,True,15.07,14.29,17.59,19.5,1.109,1.0,3.0,NORMAL,False,False,MORNING,False
CHG_BB3FA2B13F,2026-08-12 09:16:22,2026-08-12 09:16:22,2026-08-12 10:01:21,JNY_207029439,USR_50340,STN_DEL_01,Delhi,MALL,18.7,90.0,63.9,CCS2,90.0,True,45.56,43.82,37.12,44.99,1.212,0.4,6.0,NORMAL,False,False,MORNING,False
CHG_A8EF5EFF7A,2026-08-12 09:30:02,2026-08-12 09:30:02,2026-08-12 09:48:30,JNY_284037179,USR_37538,STN_BLR_01,Bengaluru,OFFICE,24.9,90.0,59.2,CCS2,150.0,True,38.54,37.57,18.84,18.48,0.981,0.75,0.0,NORMAL,False,False,MORNING,False
CHG_1D309B9FC2,2026-08-12 09:37:10,2026-08-12 09:37:10,2026-08-12 14:13:07,JNY_119193453,USR_67463,STN_DEL_01,Delhi,MALL,46.4,95.0,82.7,TYPE2_AC,11.0,False,40.19,37.71,280.13,275.96,0.985,0.8,0.0,NORMAL,False,False,MORNING,False
CHG_95BA31161A,2026-08-12 09:37:27,2026-08-12 09:37:27,2026-08-12 10:07:03,JNY_517016371,USR_45619,STN_JPR_02,Jaipur,HIGHWAY,17.4,80.0,74.2,CCS2,120.0,True,46.45,44.26,25.81,29.6,1.147,0.4,4.0,NORMAL,False,False,MORNING,False
CHG_AAFCAB48BF,2026-08-12 09:39:46,2026-08-12 09:39:46,2026-08-12 09:54:29,JNY_662444979,USR_94500,STN_JPR_02,Jaipur,HIGHWAY,59.6,85.0,73.1,CCS2,90.0,True,18.57,17.35,14.44,14.72,1.019,1.0,5.0,NORMAL,False,False,MORNING,False
CHG_15B9F265F7,2026-08-12 09:41:14,2026-08-12 09:41:14,2026-08-12 10:15:31,JNY_426954321,USR_97409,STN_DEL_02,Delhi,OFFICE,32.2,80.0,90.0,CCS2,90.0,True,43.02,41.6,31.87,34.29,1.076,0.75,3.0,NORMAL,False,False,MORNING,False
CHG_26972C5B12,2026-08-12 09:44:04,2026-08-12 09:44:04,2026-08-12 10:34:58,JNY_941997788,USR_38467,STN_MUM_02,Mumbai,RESIDENTIAL,34.9,85.0,82.8,CCS2,60.0,True,41.48,40.42,48.4,50.91,1.052,1.0,0.0,NORMAL,False,False,MORNING,False
CHG_057124E625,2026-08-12 09:49:24,2026-08-12 09:49:24,2026-08-12 10:07:06,JNY_233234105,USR_52963,STN_GGN_02,Gurugram,MALL,31.0,80.0,76.6,CCS2,150.0,True,37.53,36.2,16.68,17.71,1.062,0.6,0.0,NORMAL,False,False,MORNING,False
CHG_1ACE0BB4C1,2026-08-12 09:51:44,2026-08-12 09:51:44,2026-08-12 10:29:43,JNY_749346030,USR_18360,STN_JPR_02,Jaipur,HIGHWAY,24.8,80.0,84.0,CCS2,90.0,True,46.37,44.3,34.35,37.98,1.106,0.4,8.0,NORMAL,False,False,MORNING,False
CHG_DFC07F5A10,2026-08-12 09:55:23,2026-08-12 09:55:23,2026-08-12 10:46:12,JNY_441517959,USR_52695,STN_JPR_01,Jaipur,MALL,19.4,85.0,82.8,CCS2,90.0,True,54.32,51.47,42.25,50.82,1.203,0.6,0.0,MINOR_SLOWDOWN,True,False,MORNING,False
CHG_B6B2DEC8D6,2026-08-12 09:58:50,2026-08-12 09:58:50,2026-08-12 10:20:03,JNY_521884712,USR_14169,STN_MUM_02,Mumbai,RESIDENTIAL,36.8,80.0,89.0,CCS2,120.0,True,38.45,37.97,21.36,21.22,0.994,0.75,0.0,NORMAL,False,False,MORNING,False
CHG_9DC8C758A4,2026-08-12 09:59:01,2026-08-12 09:59:01,2026-08-12 10:50:14,JNY_688229958,USR_16621,STN_DEL_03,Delhi,HIGHWAY,21.8,90.0,81.5,CHAdeMO,100.0,True,55.58,52.57,40.76,51.22,1.257,0.2,6.0,NORMAL,False,False,MORNING,False
CHG_35FB2E4E89,2026-08-12 09:59:39,2026-08-12 09:59:39,2026-08-12 10:50:42,JNY_246185016,USR_62113,STN_DEL_03,Delhi,HIGHWAY,16.3,85.0,68.6,CHAdeMO,75.0,True,47.13,45.68,43.99,51.06,1.161,0.6,0.0,MINOR_SLOWDOWN,True,False,MORNING,False
CHG_82BCE24FB7,2026-08-12 09:59:50,2026-08-12 09:59:50,2026-08-12 13:20:33,JNY_548457107,USR_60700,STN_GGN_01,Gurugram,OFFICE,59.7,85.0,67.5,TYPE2_AC,7.2,False,17.08,16.29,166.03,200.72,1.209,0.25,10.0,NORMAL,False,False,MORNING,False
CHG_EF4F2D5511,2026-08-12 09:59:53,2026-08-12 09:59:53,2026-08-12 10:31:48,JNY_895231977,USR_85223,STN_GGN_02,Gurugram,MALL,31.2,90.0,67.7,CCS2,90.0,True,39.81,38.56,32.44,31.93,0.984,0.4,0.0,NORMAL,False,False,MORNING,False
CHG_5EF4EEDCD9,2026-08-12 10:03:09,2026-08-12 10:03:09,2026-08-12 10:18:04,JNY_317128448,USR_43213,STN_JPR_02,Jaipur,HIGHWAY,38.9,90.0,64.2,CCS2,150.0,True,32.81,31.89,16.04,14.92,0.93,0.6,0.0,NORMAL,False,False,MORNING,False
CHG_ACB4686AF4,2026-08-12 10:03:41,2026-08-12 10:03:41,2026-08-12 10:47:57,JNY_394733009,USR_74298,STN_GGN_01,Gurugram,OFFICE,42.6,85.0,83.5,CCS2,120.0,True,35.4,33.88,20.65,44.27,2.144,0.75,0.0,CHARGER_FAULT,True,True,MORNING,False
CHG_0719B4C746,2026-08-12 10:04:05,2026-08-12 10:04:05,2026-08-12 10:27:34,JNY_448530666,USR_90541,STN_JPR_01,Jaipur,MALL,42.9,85.0,90.0,CCS2,150.0,True,37.89,35.39,17.68,23.49,1.329,0.6,0.0,POWER_LIMITATION,True,False,MORNING,False
CHG_04B6E72AAB,2026-08-12 10:08:57,2026-08-12 10:08:57,2026-08-12 10:27:57,JNY_885009612,USR_42154,STN_GGN_02,Gurugram,MALL,53.5,90.0,88.8,CCS2,120.0,True,32.41,31.33,19.81,19.01,0.96,0.6,0.0,NORMAL,False,False,MORNING,False
CHG_09CDE1A82F,2026-08-12 10:10:10,2026-08-12 10:10:10,2026-08-12 10:58:20,JNY_289789918,USR_96882,STN_GGN_01,Gurugram,OFFICE,12.3,80.0,78.8,CCS2,90.0,True,53.35,51.53,39.52,48.17,1.219,0.25,3.0,NORMAL,False,False,MORNING,False
CHG_9076CA5E2C,2026-08-12 10:12:59,2026-08-12 10:12:59,2026-08-12 14:26:56,JNY_686897510,USR_88735,STN_MUM_01,Mumbai,MALL,32.4,85.0,79.3,TYPE2_AC,11.0,False,41.71,39.58,265.44,253.97,0.957,0.8,0.0,NORMAL,False,False,MORNING,False
CHG_FBC921857A,2026-08-12 10:16:21,2026-08-12 10:16:21,2026-08-12 12:17:04,JNY_827472634,USR_58802,STN_MUM_01,Mumbai,MALL,18.2,95.0,83.4,CHAdeMO,50.0,True,64.05,60.75,98.21,120.72,1.229,0.4,9.0,NORMAL,False,False,MORNING,False
CHG_AF00EAD7FE,2026-08-12 10:18:48,2026-08-12 10:18:48,2026-08-12 10:51:16,JNY_116740438,USR_88054,STN_DEL_02,Delhi,OFFICE,14.8,80.0,66.4,CCS2,90.0,True,43.29,40.94,32.07,32.48,1.013,0.5,0.0,NORMAL,False,False,MORNING,False
CHG_1A8C63EF27,2026-08-12 10:22:48,2026-08-12 10:22:48,2026-08-12 10:48:40,JNY_852405671,USR_39465,STN_GGN_01,Gurugram,OFFICE,26.2,80.0,74.5,CCS2,120.0,True,40.08,39.88,22.27,25.88,1.162,0.25,3.0,NORMAL,False,False,MORNING,False
CHG_3B26944223,2026-08-12 10:23:27,2026-08-12 10:23:27,2026-08-12 13:18:30,JNY_530952237,USR_46206,STN_MUM_01,Mumbai,MALL,38.1,85.0,62.2,TYPE2_AC,11.0,False,29.17,28.53,185.64,175.05,0.943,0.6,0.0,NORMAL,False,False,MORNING,False
CHG_C73B90C466,2026-08-12 10:32:32,2026-08-12 10:32:32,2026-08-12 11:15:47,JNY_849005804,USR_23380,STN_JPR_02,Jaipur,HIGHWAY,21.0,90.0,72.6,CCS2,90.0,True,50.09,47.92,40.82,43.25,1.06,0.4,0.0,NORMAL,False,False,MORNING,False
CHG_3A4740C920,2026-08-12 10:37:37,2026-08-12 10:37:37,2026-08-12 11:30:57,JNY_883525788,USR_89279,STN_MUM_02,Mumbai,RESIDENTIAL,24.7,90.0,88.0,CHAdeMO,75.0,True,57.46,57.09,56.19,53.34,0.949,1.0,0.0,NORMAL,False,False,MORNING,False
CHG_8D314B2645,2026-08-12 10:38:31,2026-08-12 10:38:31,2026-08-12 11:04:05,JNY_341761612,USR_12408,STN_MUM_02,Mumbai,RESIDENTIAL,28.8,85.0,79.4,CCS2,120.0,True,44.62,43.31,26.03,25.58,0.983,1.0,0.0,NORMAL,False,False,MORNING,False
CHG_787BCF957A,2026-08-12 10:39:57,2026-08-12 10:39:57,2026-08-12 11:00:56,JNY_577714162,USR_91429,STN_GGN_02,Gurugram,MALL,49.6,90.0,80.8,CCS2,120.0,True,32.64,31.17,19.95,20.99,1.052,1.0,0.0,NORMAL,False,False,MORNING,False
CHG_15D8CBF94F,2026-08-12 10:42:56,2026-08-12 10:42:56,2026-08-12 11:08:21,JNY_337243991,USR_48849,STN_DEL_01,Delhi,MALL,26.4,80.0,82.9,CCS2,120.0,True,44.43,41.98,24.69,25.43,1.03,0.8,0.0,NORMAL,False,False,MORNING,False
CHG_021840633D,2026-08-12 10:46:07,2026-08-12 10:46:07,2026-08-12 11:44:59,JNY_694140029,USR_45618,STN_JPR_02,Jaipur,HIGHWAY,21.6,90.0,69.1,CCS2,60.0,True,47.26,44.81,57.77,58.87,1.019,0.4,3.0,NORMAL,False,False,MORNING,False
CHG_AA1C697AC0,2026-08-12 10:46:10,2026-08-12 10:46:10,2026-08-12 11:12:58,JNY_246822566,USR_47440,STN_DEL_01,Delhi,MALL,33.7,80.0,90.0,CCS2,120.0,True,41.67,40.31,23.15,26.81,1.158,0.4,10.0,NORMAL,False,False,MORNING,False
CHG_8C0FF0C031,2026-08-12 10:59:22,2026-08-12 10:59:22,2026-08-12 12:53:07,JNY_483097020,USR_37787,STN_MUM_02,Mumbai,RESIDENTIAL,59.3,80.0,75.0,TYPE2_AC,11.0,False,15.53,14.6,94.09,113.76,1.209,0.75,0.0,MINOR_SLOWDOWN,True,False,MORNING,False
CHG_52EA92ADE7,2026-08-12 11:05:36,2026-08-12 11:05:36,2026-08-12 11:35:37,JNY_453169065,USR_67110,STN_BLR_01,Bengaluru,OFFICE,33.8,85.0,64.8,CCS2,90.0,True,33.18,31.07,25.8,30.02,1.164,0.5,3.0,NORMAL,False,False,MORNING,False
CHG_318AF9B24E,2026-08-12 11:13:32,2026-08-12 11:13:32,2026-08-12 12:01:43,JNY_901662559,USR_75058,STN_DEL_01,Delhi,MALL,25.3,85.0,69.9,CCS2,60.0,True,41.73,40.51,48.69,48.19,0.99,0.4,0.0,NORMAL,False,False,MORNING,False
CHG_481F58348C,2026-08-12 11:17:47,2026-08-12 11:17:47,2026-08-12 11:46:36,JNY_722137503,USR_47452,STN_MUM_02,Mumbai,RESIDENTIAL,23.3,80.0,87.3,CCS2,120.0,True,49.5,48.19,27.5,28.83,1.048,0.5,0.0,NORMAL,False,False,MORNING,False
CHG_7BC6D4E7BB,2026-08-12 11:18:03,2026-08-12 11:18:03,2026-08-12 11:50:27,JNY_600459704,USR_57189,STN_BLR_01,Bengaluru,OFFICE,28.8,90.0,67.3,CCS2,150.0,True,41.19,39.63,20.14,32.4,1.609,0.5,6.0,POWER_LIMITATION,True,True,MORNING,False
CHG_CBF2C918EF,2026-08-12 11:20:41,2026-08-12 11:20:41,2026-08-12 11:49:05,JNY_308545424,USR_41315,STN_JPR_01,Jaipur,MALL,32.0,85.0,88.9,CCS2,120.0,True,47.12,44.15,27.48,28.41,1.034,0.6,4.0,NORMAL,False,False,MORNING,False
CHG_598C4D5DCE,2026-08-12 11:22:06,2026-08-12 11:22:06,2026-08-12 11:53:50,JNY_187396600,USR_17586,STN_JPR_01,Jaipur,MALL,14.6,85.0,76.4,CCS2,120.0,True,53.79,51.45,31.37,31.75,1.012,0.8,0.0,NORMAL,False,False,MORNING,False
CHG_6D2460C428,2026-08-12 11:23:19,2026-08-12 11:23:19,2026-08-12 11:50:07,JNY_400867464,USR_94139,STN_JPR_01,Jaipur,MALL,30.1,80.0,72.6,CHAdeMO,100.0,True,36.23,35.42,24.15,26.81,1.11,0.4,6.0,NORMAL,False,False,MORNING,False
CHG_947D93DC12,2026-08-12 11:25:02,2026-08-12 11:25:02,2026-08-12 11:39:25,JNY_518623005,USR_39888,STN_BLR_01,Bengaluru,OFFICE,44.2,80.0,56.3,CCS2,120.0,True,20.16,19.26,11.2,14.4,1.286,0.25,3.0,NORMAL,False,False,MORNING,False
CHG_F3064551B8,2026-08-12 11:30:05,2026-08-12 11:30:05,2026-08-12 12:25:34,JNY_802219009,USR_41216,STN_JPR_02,Jaipur,HIGHWAY,30.6,85.0,77.5,CCS2,60.0,True,42.16,40.86,49.19,55.5,1.128,0.2,3.0,NORMAL,False,False,MORNING,False
CHG_957AC0ADF1,2026-08-12 11:33:48,2026-08-12 11:33:48,2026-08-12 15:28:38,JNY_103234950,USR_86016,STN_GGN_01,Gurugram,OFFICE,35.6,85.0,69.4,TYPE2_AC,11.0,False,34.28,32.68,218.17,234.83,1.076,0.5,0.0,NORMAL,False,False,MORNING,False
CHG_4FE9687161,2026-08-12 11:40:39,2026-08-12 11:40:39,2026-08-12 12:05:14,JNY_710120471,USR_35456,STN_DEL_03,Delhi,HIGHWAY,30.1,90.0,59.7,CCS2,120.0,True,35.76,34.73,21.85,24.6,1.126,0.4,6.0,NORMAL,False,False,MORNING,False
CHG_0C171FC755,2026-08-12 11:45:11,2026-08-12 11:45:11,2026-08-12 17:45:11,JNY_971111509,USR_65043,STN_JPR_01,Jaipur,MALL,18.9,90.0,68.2,TYPE2_AC,11.0,False,48.49,46.22,323.27,360.0,1.114,0.2,23.0,NORMAL,False,False,MORNING,False
CHG_7DA21A4666,2026-08-12 11:52:49,2026-08-12 11:52:49,2026-08-12 15:04:51,JNY_532714653,USR_96065,STN_BLR_01,Bengaluru,OFFICE,35.6,80.0,75.0,TYPE2_AC,11.0,False,33.3,32.46,201.82,192.04,0.952,0.75,0.0,NORMAL,False,False,MORNING,False
CHG_1919854A7C,2026-08-12 11:54:53,2026-08-12 11:54:53,2026-08-12 12:38:04,JNY_342705507,USR_99459,STN_MUM_01,Mumbai,MALL,30.1,85.0,64.2,CCS2,60.0,True,35.25,33.88,41.12,43.18,1.05,0.8,0.0,NORMAL,False,False,MORNING,False
CHG_CDDDC17D65,2026-08-12 11:55:28,2026-08-12 11:55:28,2026-08-12 12:27:51,JNY_700290876,USR_59400,STN_BLR_01,Bengaluru,OFFICE,35.4,85.0,87.7,CCS2,120.0,True,43.5,41.49,25.37,32.4,1.277,0.25,3.0,NORMAL,False,False,MORNING,False
CHG_5535BC30AD,2026-08-12 12:03:22,2026-08-12 12:03:22,2026-08-12 14:43:12,JNY_162942305,USR_39834,STN_MUM_02,Mumbai,RESIDENTIAL,31.3,90.0,56.9,TYPE2_AC,22.0,False,33.4,31.67,111.33,159.85,1.436,1.0,0.0,POWER_LIMITATION,True,False,AFTERNOON,False
CHG_ED9A9C9ACE,2026-08-12 12:04:54,2026-08-12 12:04:54,2026-08-12 18:04:54,JNY_222664403,USR_61752,STN_BLR_01,Bengaluru,OFFICE,12.2,90.0,70.1,TYPE2_AC,11.0,False,54.54,52.65,363.59,360.0,0.99,0.25,19.0,NORMAL,False,False,AFTERNOON,False
CHG_1138EDF3A7,2026-08-12 12:05:03,2026-08-12 12:05:03,2026-08-12 15:35:27,JNY_106125812,USR_58227,STN_JPR_01,Jaipur,MALL,45.9,80.0,75.1,TYPE2_AC,11.0,False,25.61,24.62,155.21,210.41,1.356,0.4,11.0,NORMAL,False,False,AFTERNOON,False
CHG_84E1AC7CE0,2026-08-12 12:05:31,2026-08-12 12:05:31,2026-08-12 12:41:50,JNY_801875914,USR_28213,STN_MUM_01,Mumbai,MALL,26.2,90.0,66.3,CCS2,90.0,True,42.3,39.42,34.47,36.33,1.054,0.6,0.0,NORMAL,False,False,AFTERNOON,False
CHG_AFFA46A3B6,2026-08-12 12:09:57,2026-08-12 12:09:57,2026-08-12 12:45:28,JNY_189296988,USR_66057,STN_JPR_02,Jaipur,HIGHWAY,12.2,85.0,77.3,CCS2,120.0,True,56.27,54.47,32.83,35.52,1.082,0.4,5.0,NORMAL,False,False,AFTERNOON,False
CHG_667E4BF5D8,2026-08-12 12:11:21,2026-08-12 12:11:21,2026-08-12 12:50:33,JNY_644297265,USR_68610,STN_GGN_01,Gurugram,OFFICE,23.5,80.0,87.1,CCS2,120.0,True,49.21,47.96,27.34,39.21,1.434,0.0,13.0,NORMAL,False,False,AFTERNOON,False
CHG_BC7E86E256,2026-08-12 12:14:55,2026-08-12 12:14:55,2026-08-12 12:41:55,JNY_435273020,USR_71911,STN_DEL_03,Delhi,HIGHWAY,36.4,80.0,81.0,CHAdeMO,100.0,True,35.32,33.89,23.54,27.01,1.147,0.4,0.0,NORMAL,False,False,AFTERNOON,False
CHG_CC4D536E3D,2026-08-12 12:16:31,2026-08-12 12:16:31,2026-08-12 13:12:49,JNY_248893277,USR_15918,STN_DEL_03,Delhi,HIGHWAY,19.9,90.0,89.3,CCS2,120.0,True,62.6,60.73,38.26,56.3,1.472,0.2,19.0,NORMAL,False,False,AFTERNOON,False
CHG_E55D0FD42F,2026-08-12 12:19:36,2026-08-12 12:19:36,2026-08-12 15:45:29,JNY_848934458,USR_49152,STN_GGN_01,Gurugram,OFFICE,38.9,85.0,65.3,TYPE2_AC,11.0,False,30.1,28.89,191.57,205.89,1.075,0.5,0.0,NORMAL,False,False,AFTERNOON,False
CHG_26A53D05C3,2026-08-12 12:25:28,2026-08-12 12:25:28,2026-08-12 12:52:07,JNY_388763271,USR_19741,STN_BLR_01,Bengaluru,OFFICE,33.5,80.0,76.6,CCS2,120.0,True,35.62,33.46,19.79,26.65,1.347,0.0,8.0,NORMAL,False,False,AFTERNOON,False
CHG_5648548BEA,2026-08-12 12:27:40,2026-08-12 12:27:40,2026-08-12 12:42:31,JNY_424309038,USR_86857,STN_MUM_01,Mumbai,MALL,55.1,90.0,67.6,CCS2,150.0,True,23.59,22.75,11.53,14.86,1.288,0.2,8.0,NORMAL,False,False,AFTERNOON,False
CHG_37A337D2E0,2026-08-12 12:32:14,2026-08-12 12:32:14,2026-08-12 13:40:43,JNY_706543435,USR_86427,STN_GGN_02,Gurugram,MALL,47.8,80.0,75.5,TYPE2_AC,22.0,False,24.31,23.68,73.67,68.5,0.93,0.6,0.0,NORMAL,False,False,AFTERNOON,False
CHG_957605B382,2026-08-12 12:37:12,2026-08-12 12:37:12,2026-08-12 13:06:34,JNY_282460528,USR_36682,STN_DEL_01,Delhi,MALL,24.3,90.0,74.2,CCS2,150.0,True,48.75,46.09,23.83,29.37,1.232,0.4,2.0,MINOR_SLOWDOWN,True,False,AFTERNOON,False
CHG_709A4485D8,2026-08-12 12:37:57,2026-08-12 12:37:57,2026-08-12 13:44:02,JNY_474599231,USR_44538,STN_MUM_02,Mumbai,RESIDENTIAL,23.3,80.0,85.3,CHAdeMO,50.0,True,48.37,46.52,64.49,66.09,1.025,0.75,0.0,NORMAL,False,False,AFTERNOON,False
CHG_3C1FDE1CA0,2026-08-12 12:48:13,2026-08-12 12:48:13,2026-08-12 13:12:50,JNY_692311792,USR_40641,STN_JPR_02,Jaipur,HIGHWAY,35.4,95.0,62.6,CCS2,150.0,True,37.31,36.85,19.07,24.62,1.291,0.4,9.0,NORMAL,False,False,AFTERNOON,False
CHG_C1A959702D,2026-08-12 12:50:24,2026-08-12 12:50:24,2026-08-12 17:22:02,JNY_836100305,USR_86088,STN_GGN_02,Gurugram,MALL,16.8,80.0,71.0,TYPE2_AC,11.0,False,44.87,43.26,271.95,271.65,0.999,0.6,0.0,NORMAL,False,False,AFTERNOON,False
CHG_6673B5E618,2026-08-12 13:00:05,2026-08-12 13:00:05,2026-08-12 13:15:32,JNY_787112100,USR_28717,STN_JPR_01,Jaipur,MALL,53.8,80.0,70.9,CCS2,120.0,True,18.58,17.67,10.32,15.45,1.497,0.2,15.0,NORMAL,False,False,AFTERNOON,False
CHG_574F55B7BD,2026-08-12 13:05:20,2026-08-12 13:05:20,2026-08-12 13:37:19,JNY_715362276,USR_54091,STN_MUM_02,Mumbai,RESIDENTIAL,28.5,80.0,78.3,CCS2,90.0,True,40.32,39.02,29.87,31.99,1.071,1.0,0.0,NORMAL,False,False,AFTERNOON,False
CHG_52CC0E8426,2026-08-12 13:08:46,2026-08-12 13:08:46,2026-08-12 13:18:31,JNY_972725668,USR_37109,STN_MUM_02,Mumbai,RESIDENTIAL,59.4,80.0,82.6,CCS2,120.0,True,17.02,16.32,9.45,9.75,1.032,0.75,0.0,NORMAL,False,False,AFTERNOON,False
CHG_8965E54C4D,2026-08-12 13:16:08,2026-08-12 13:16:08,2026-08-12 13:47:55,JNY_889195527,USR_12698,STN_DEL_01,Delhi,MALL,28.5,90.0,89.8,CCS2,150.0,True,55.23,54.13,27.0,31.79,1.178,0.2,4.0,NORMAL,False,False,AFTERNOON,False
CHG_5135ABCD5C,2026-08-12 13:16:37,2026-08-12 13:16:37,2026-08-12 19:16:37,JNY_123630673,USR_29041,STN_GGN_01,Gurugram,OFFICE,39.6,90.0,90.0,TYPE2_AC,11.0,False,45.36,43.51,302.4,360.0,1.19,0.0,39.0,NORMAL,False,False,AFTERNOON,False
CHG_93C89764A7,2026-08-12 13:34:21,2026-08-12 13:34:21,2026-08-12 14:05:38,JNY_666505686,USR_42147,STN_MUM_01,Mumbai,MALL,18.7,85.0,83.6,CCS2,120.0,True,55.43,53.61,32.33,31.28,0.968,0.4,0.0,NORMAL,False,False,AFTERNOON,False
CHG_3A737123B5,2026-08-12 13:36:10,2026-08-12 13:36:10,2026-08-12 14:19:14,JNY_716398874,USR_15281,STN_MUM_02,Mumbai,RESIDENTIAL,23.0,80.0,72.5,CCS2,60.0,True,41.33,39.91,45.92,43.08,0.938,1.0,0.0,NORMAL,False,False,AFTERNOON,False
CHG_0EAB7F5785,2026-08-12 13:36:52,2026-08-12 13:36:52,2026-08-12 14:46:31,JNY_361712543,USR_57362,STN_DEL_02,Delhi,OFFICE,23.5,85.0,77.6,CCS2,60.0,True,47.72,45.63,55.68,69.66,1.251,0.5,2.0,MINOR_SLOWDOWN,True,False,AFTERNOON,False
CHG_FA90A5E63A,2026-08-12 13:39:29,2026-08-12 13:39:29,2026-08-12 15:00:29,JNY_835087491,USR_48449,STN_DEL_03,Delhi,HIGHWAY,16.6,80.0,86.9,CHAdeMO,50.0,True,55.09,53.22,73.46,81.02,1.103,0.4,4.0,NORMAL,False,False,AFTERNOON,False
CHG_0D0AD731A5,2026-08-12 13:56:31,2026-08-12 13:56:31,2026-08-12 14:38:07,JNY_662400128,USR_10366,STN_BLR_01,Bengaluru,OFFICE,33.9,85.0,85.9,CCS2,90.0,True,43.89,41.52,34.14,41.6,1.219,0.75,0.0,MINOR_SLOWDOWN,True,False,AFTERNOON,False
CHG_CEDEB39E5A,2026-08-12 14:07:20,2026-08-12 14:07:20,2026-08-12 14:42:13,JNY_731235093,USR_59905,STN_GGN_01,Gurugram,OFFICE,36.2,85.0,79.2,CHAdeMO,100.0,True,38.65,37.38,27.05,34.9,1.29,0.25,3.0,NORMAL,False,False,AFTERNOON,False
CHG_2735132C86,2026-08-12 14:07:30,2026-08-12 14:07:30,2026-08-12 14:32:01,JNY_662674646,USR_88773,STN_BLR_01,Bengaluru,OFFICE,45.3,90.0,80.3,CCS2,150.0,True,35.89,34.1,17.55,24.52,1.397,0.25,13.0,NORMAL,False,False,AFTERNOON,False
CHG_6E03AD7DEB,2026-08-12 14:13:49,2026-08-12 14:13:49,2026-08-12 17:35:59,JNY_935824060,USR_19320,STN_MUM_02,Mumbai,RESIDENTIAL,38.9,80.0,75.8,TYPE2_AC,11.0,False,31.15,29.55,188.81,202.17,1.071,1.0,0.0,NORMAL,False,False,AFTERNOON,False
CHG_71EACBF311,2026-08-12 14:17:40,2026-08-12 14:17:40,2026-08-12 14:46:42,JNY_584235518,USR_51475,STN_JPR_02,Jaipur,HIGHWAY,11.9,80.0,73.0,CCS2,120.0,True,49.71,48.72,27.62,29.05,1.052,0.6,0.0,NORMAL,False,False,AFTERNOON,False
CHG_7A49C92920,2026-08-12 14:17:54,2026-08-12 14:17:54,2026-08-12 14:30:48,JNY_689761758,USR_71775,STN_JPR_02,Jaipur,HIGHWAY,43.4,80.0,73.7,CCS2,150.0,True,26.97,26.1,11.99,12.91,1.077,0.2,2.0,NORMAL,False,False,AFTERNOON,False
CHG_397256A0F6,2026-08-12 14:17:58,2026-08-12 14:17:58,2026-08-12 15:08:10,JNY_464526223,USR_67488,STN_JPR_01,Jaipur,MALL,24.9,85.0,77.9,CCS2,120.0,True,46.82,45.76,27.31,50.22,1.839,0.6,0.0,CHARGER_FAULT,True,True,AFTERNOON,False
CHG_B242FF05C1,2026-08-12 14:23:44,2026-08-12 14:23:44,2026-08-12 14:51:38,JNY_748415428,USR_87563,STN_BLR_01,Bengaluru,OFFICE,21.2,80.0,67.2,CCS2,120.0,True,39.51,37.57,21.95,27.91,1.271,0.25,5.0,NORMAL,False,False,AFTERNOON,False
CHG_8DA751D89E,2026-08-12 14:23:51,2026-08-12 14:23:51,2026-08-12 20:23:51,JNY_782335183,USR_40263,STN_JPR_01,Jaipur,MALL,33.7,80.0,88.0,TYPE2_AC,7.2,False,40.74,40.19,377.26,360.0,0.954,0.6,0.0,NORMAL,False,False,AFTERNOON,False
CHG_E3DE12958D,2026-08-12 14:24:18,2026-08-12 14:24:18,2026-08-12 14:49:26,JNY_253257381,USR_30152,STN_JPR_02,Jaipur,HIGHWAY,44.7,85.0,67.6,CHAdeMO,75.0,True,27.24,27.11,25.43,25.14,0.989,0.6,0.0,NORMAL,False,False,AFTERNOON,False
CHG_CCB5DCE8E1,2026-08-12 14:29:16,2026-08-12 14:29:16,2026-08-12 15:04:05,JNY_271999702,USR_63859,STN_GGN_02,Gurugram,MALL,24.9,90.0,82.4,CCS2,120.0,True,53.64,51.88,32.78,34.82,1.062,0.6,0.0,NORMAL,False,False,AFTERNOON,False
CHG_1DA2B070DB,2026-08-12 14:32:33,2026-08-12 14:32:33,2026-08-12 15:36:22,JNY_210804275,USR_45409,STN_DEL_01,Delhi,MALL,37.3,85.0,89.8,CHAdeMO,50.0,True,42.83,40.48,59.97,63.82,1.064,0.8,0.0,NORMAL,False,False,AFTERNOON,False
CHG_5DB41271A1,2026-08-12 14:33:52,2026-08-12 14:33:52,2026-08-12 20:33:52,JNY_382176693,USR_42566,STN_JPR_01,Jaipur,MALL,15.2,85.0,79.6,TYPE2_AC,11.0,False,55.56,53.73,353.57,360.0,1.018,0.6,0.0,NORMAL,False,False,AFTERNOON,False
CHG_CF033E2EC3,2026-08-12 14:34:21,2026-08-12 14:34:21,2026-08-12 15:27:34,JNY_314843766,USR_29466,STN_DEL_03,Delhi,HIGHWAY,18.3,95.0,67.6,CCS2,90.0,True,51.85,49.94,44.17,53.22,1.205,0.4,0.0,MINOR_SLOWDOWN,True,False,AFTERNOON,False
CHG_11CA607CF0,2026-08-12 14:36:41,2026-08-12 14:36:41,2026-08-12 15:59:21,JNY_878758685,USR_11659,STN_DEL_02,Delhi,OFFICE,28.5,80.0,75.8,CCS2,60.0,True,39.04,37.98,43.37,82.67,1.906,0.75,0.0,CHARGER_FAULT,True,True,AFTERNOON,False
CHG_361C05FD5B,2026-08-12 14:41:57,2026-08-12 14:41:57,2026-08-12 15:30:51,JNY_266927222,USR_99721,STN_JPR_01,Jaipur,MALL,12.4,90.0,74.0,CCS2,120.0,True,57.42,55.81,35.09,48.91,1.394,0.4,5.0,MINOR_SLOWDOWN,True,False,AFTERNOON,False
CHG_335F3B5443,2026-08-12 14:45:32,2026-08-12 14:45:32,2026-08-12 15:16:26,JNY_886137309,USR_71608,STN_MUM_01,Mumbai,MALL,41.0,85.0,90.0,CCS2,90.0,True,39.6,38.0,30.8,30.91,1.003,1.0,0.0,NORMAL,False,False,AFTERNOON,False
CHG_BA6C52955D,2026-08-12 14:50:18,2026-08-12 14:50:18,2026-08-12 15:15:37,JNY_738896320,USR_41502,STN_MUM_02,Mumbai,RESIDENTIAL,38.8,85.0,67.9,CCS2,90.0,True,31.37,30.31,24.4,25.33,1.038,1.0,0.0,NORMAL,False,False,AFTERNOON,False
CHG_40B2EC1B06,2026-08-12 14:51:58,2026-08-12 14:51:58,2026-08-12 15:10:10,JNY_721828553,USR_34132,STN_MUM_01,Mumbai,MALL,49.3,80.0,73.9,CCS2,90.0,True,22.69,21.39,16.81,18.22,1.084,0.4,2.0,NORMAL,False,False,AFTERNOON,False
CHG_AADECAEAE2,2026-08-12 14:53:45,2026-08-12 14:53:45,2026-08-12 15:46:11,JNY_514127122,USR_58193,STN_MUM_01,Mumbai,MALL,16.2,80.0,69.1,CCS2,60.0,True,44.09,41.72,48.98,52.45,1.071,0.4,3.0,NORMAL,False,False,AFTERNOON,False
CHG_DF2ED714BC,2026-08-12 15:01:17,2026-08-12 15:01:17,2026-08-12 15:28:51,JNY_914092954,USR_57436,STN_MUM_02,Mumbai,RESIDENTIAL,29.9,80.0,74.3,CHAdeMO,100.0,True,37.22,34.8,24.82,27.57,1.111,1.0,2.0,NORMAL,False,False,AFTERNOON,False
CHG_3BB901A2F9,2026-08-12 15:06:18,2026-08-12 15:06:18,2026-08-12 15:32:08,JNY_875775376,USR_96803,STN_GGN_01,Gurugram,OFFICE,44.5,85.0,76.7,CCS2,90.0,True,31.06,29.68,24.16,25.83,1.069,0.5,3.0,NORMAL,False,False,AFTERNOON,False
CHG_C7B18D0E70,2026-08-12 15:12:22,2026-08-12 15:12:22,2026-08-12 15:28:32,JNY_758218564,USR_84805,STN_BLR_01,Bengaluru,OFFICE,48.9,80.0,67.3,CCS2,90.0,True,20.93,19.75,15.5,16.17,1.043,0.5,0.0,NORMAL,False,False,AFTERNOON,False
CHG_5E797A50A3,2026-08-12 15:14:44,2026-08-12 15:14:44,2026-08-12 15:41:52,JNY_910338878,USR_65660,STN_BLR_01,Bengaluru,OFFICE,42.4,80.0,73.9,CHAdeMO,75.0,True,27.79,27.05,24.7,27.14,1.099,0.5,0.0,NORMAL,False,False,AFTERNOON,False
CHG_5B07CE4936,2026-08-12 15:18:50,2026-08-12 15:18:50,2026-08-12 16:20:15,JNY_335105197,USR_48526,STN_DEL_03,Delhi,HIGHWAY,42.2,95.0,76.8,CCS2,60.0,True,40.55,38.98,51.81,61.42,1.185,0.2,4.0,NORMAL,False,False,AFTERNOON,False
CHG_94C31278E5,2026-08-12 15:24:21,2026-08-12 15:24:21,2026-08-12 15:45:13,JNY_310813101,USR_86147,STN_GGN_01,Gurugram,OFFICE,24.7,80.0,60.8,CCS2,120.0,True,33.62,32.42,18.68,20.88,1.118,0.75,5.0,NORMAL,False,False,AFTERNOON,False
CHG_E2874EF940,2026-08-12 15:33:03,2026-08-12 15:33:03,2026-08-12 15:57:51,JNY_535943216,USR_71513,STN_MUM_02,Mumbai,RESIDENTIAL,40.2,85.0,90.0,CCS2,120.0,True,40.32,39.24,23.52,24.81,1.055,1.0,0.0,NORMAL,False,False,AFTERNOON,False
CHG_B94D6AE166,2026-08-12 15:34:54,2026-08-12 15:34:54,2026-08-12 18:56:51,JNY_127278367,USR_12186,STN_DEL_02,Delhi,OFFICE,24.5,85.0,89.2,TYPE2_AC,22.0,False,53.97,52.85,171.71,201.96,1.176,0.5,9.0,NORMAL,False,False,AFTERNOON,False
CHG_D4D72E6E64,2026-08-12 15:39:51,2026-08-12 15:39:51,2026-08-12 16:03:02,JNY_336428928,USR_10159,STN_GGN_01,Gurugram,OFFICE,38.4,95.0,67.6,CCS2,120.0,True,38.26,36.37,24.44,23.2,0.949,0.75,0.0,NORMAL,False,False,AFTERNOON,False
CHG_BE7D23F5ED,2026-08-12 16:03:04,2026-08-12 16:03:04,2026-08-12 16:40:59,JNY_135282320,USR_98660,STN_DEL_03,Delhi,HIGHWAY,21.7,80.0,90.0,CCS2,90.0,True,52.47,49.09,38.87,37.92,0.976,0.6,1.0,NORMAL,False,False,AFTERNOON,False
CHG_24941CFD47,2026-08-12 16:03:21,2026-08-12 16:03:21,2026-08-12 16:27:35,JNY_723274104,USR_83854,STN_BLR_01,Bengaluru,OFFICE,43.3,85.0,65.9,CHAdeMO,75.0,True,27.48,26.31,25.65,24.24,0.945,0.75,0.0,NORMAL,False,False,AFTERNOON,False
CHG_33711E2B2C,2026-08-12 16:06:21,2026-08-12 16:06:21,2026-08-12 16:28:06,JNY_351028913,USR_87725,STN_GGN_01,Gurugram,OFFICE,47.6,85.0,65.9,CCS2,90.0,True,24.65,23.85,19.17,21.76,1.135,0.25,3.0,NORMAL,False,False,AFTERNOON,False
CHG_F2F99F9B3F,2026-08-12 16:07:47,2026-08-12 16:07:47,2026-08-12 17:25:01,JNY_832586922,USR_39032,STN_GGN_01,Gurugram,OFFICE,36.7,90.0,77.1,CHAdeMO,50.0,True,41.09,38.96,60.27,77.25,1.282,0.25,4.0,NORMAL,False,False,AFTERNOON,False
CHG_C18BEE8EF9,2026-08-12 16:10:03,2026-08-12 16:10:03,2026-08-12 17:25:37,JNY_348453130,USR_43604,STN_GGN_01,Gurugram,OFFICE,35.0,85.0,77.2,CHAdeMO,50.0,True,38.6,37.14,54.04,75.58,1.399,0.5,11.0,MINOR_SLOWDOWN,True,False,AFTERNOON,False
CHG_E60DC55147,2026-08-12 16:18:38,2026-08-12 16:18:38,2026-08-12 21:47:44,JNY_270983151,USR_51152,STN_BLR_01,Bengaluru,OFFICE,41.4,85.0,84.3,TYPE2_AC,11.0,False,36.75,35.54,233.89,329.11,1.407,0.25,9.0,NORMAL,False,False,AFTERNOON,False
CHG_43DF184C1C,2026-08-12 16:20:46,2026-08-12 16:20:46,2026-08-12 16:51:50,JNY_724501630,USR_54621,STN_JPR_01,Jaipur,MALL,19.5,80.0,65.2,CCS2,90.0,True,39.45,38.3,29.22,31.08,1.064,0.6,0.0,NORMAL,False,False,AFTERNOON,False
CHG_97E6BB1D5A,2026-08-12 16:21:43,2026-08-12 16:21:43,2026-08-12 17:16:29,JNY_206136012,USR_79474,STN_MUM_02,Mumbai,RESIDENTIAL,34.9,90.0,75.7,CCS2,60.0,True,41.71,41.19,50.98,54.77,1.074,1.0,0.0,NORMAL,False,False,AFTERNOON,False
CHG_384B3BFC03,2026-08-12 16:29:52,2026-08-12 16:29:52,2026-08-12 17:31:15,JNY_617598376,USR_10742,STN_GGN_02,Gurugram,MALL,19.6,85.0,84.6,CCS2,90.0,True,55.33,53.97,43.03,61.4,1.427,0.4,11.0,MINOR_SLOWDOWN,True,False,AFTERNOON,False
CHG_6F7FFF97E2,2026-08-12 16:30:59,2026-08-12 16:30:59,2026-08-12 17:02:04,JNY_641122490,USR_64647,STN_MUM_01,Mumbai,MALL,28.0,90.0,76.6,CCS2,120.0,True,47.49,45.15,29.02,31.09,1.071,0.4,0.0,NORMAL,False,False,AFTERNOON,False
CHG_917593848E,2026-08-12 16:33:52,2026-08-12 16:33:52,2026-08-12 17:06:16,JNY_481319515,USR_44662,STN_MUM_02,Mumbai,RESIDENTIAL,19.6,85.0,88.2,CCS2,120.0,True,57.68,56.58,33.65,32.42,0.963,0.75,0.0,NORMAL,False,False,AFTERNOON,False
CHG_9925C21860,2026-08-12 16:33:57,2026-08-12 16:33:57,2026-08-12 17:57:53,JNY_803831223,USR_77268,STN_DEL_01,Delhi,MALL,20.7,85.0,73.6,CHAdeMO,50.0,True,47.32,45.15,66.25,83.94,1.267,0.2,9.0,NORMAL,False,False,AFTERNOON,False
CHG_7989D88DFE,2026-08-12 16:34:36,2026-08-12 16:34:36,2026-08-12 17:16:17,JNY_220042252,USR_80554,STN_JPR_01,Jaipur,MALL,25.5,80.0,81.3,CCS2,90.0,True,44.31,42.74,32.82,41.69,1.27,0.2,5.0,NORMAL,False,False,AFTERNOON,False
CHG_0F474F8C85,2026-08-12 16:37:00,2026-08-12 16:37:00,2026-08-12 17:00:21,JNY_710793389,USR_27306,STN_GGN_02,Gurugram,MALL,30.6,85.0,77.8,CCS2,120.0,True,42.32,40.75,24.69,23.35,0.946,0.8,0.0,NORMAL,False,False,AFTERNOON,False
CHG_51E0B064B0,2026-08-12 16:39:36,2026-08-12 16:39:36,2026-08-12 18:16:04,JNY_324433587,USR_66052,STN_BLR_01,Bengaluru,OFFICE,19.6,85.0,81.5,CHAdeMO,50.0,True,53.3,51.7,74.62,96.47,1.293,0.25,8.0,NORMAL,False,False,AFTERNOON,False
CHG_B67BD17CE3,2026-08-12 16:44:08,2026-08-12 16:44:08,2026-08-12 17:01:44,JNY_535281217,USR_71044,STN_DEL_02,Delhi,OFFICE,51.5,85.0,72.3,CCS2,120.0,True,24.22,23.45,14.13,17.61,1.246,0.25,8.0,NORMAL,False,False,AFTERNOON,False
CHG_7D82A70598,2026-08-12 16:51:27,2026-08-12 16:51:27,2026-08-12 17:25:39,JNY_882152877,USR_84612,STN_JPR_02,Jaipur,HIGHWAY,49.8,80.0,77.1,CHAdeMO,50.0,True,23.28,22.74,31.05,34.22,1.102,0.2,4.0,NORMAL,False,False,AFTERNOON,False
CHG_B93C4C13B5,2026-08-12 16:57:24,2026-08-12 16:57:24,2026-08-12 17:23:42,JNY_816225841,USR_22817,STN_JPR_01,Jaipur,MALL,49.2,85.0,71.9,CHAdeMO,75.0,True,25.74,25.16,24.02,26.3,1.095,0.8,4.0,NORMAL,False,False,AFTERNOON,False
CHG_1F96048021,2026-08-12 16:58:18,2026-08-12 16:58:18,2026-08-12 17:16:57,JNY_314536925,USR_12396,STN_MUM_02,Mumbai,RESIDENTIAL,43.4,90.0,62.2,CCS2,120.0,True,28.99,28.0,17.71,18.65,1.053,1.0,4.0,NORMAL,False,False,AFTERNOON,False
CHG_94DB878965,2026-08-12 17:03:01,2026-08-12 17:03:01,2026-08-12 17:22:34,JNY_983381479,USR_59867,STN_GGN_02,Gurugram,MALL,39.4,80.0,87.1,CCS2,120.0,True,35.36,33.81,19.65,19.56,0.996,0.6,0.0,NORMAL,False,False,EVENING,False
CHG_0AD355F01B,2026-08-12 17:04:52,2026-08-12 17:04:52,2026-08-12 17:23:36,JNY_985050136,USR_20224,STN_MUM_01,Mumbai,MALL,46.2,90.0,64.5,CCS2,120.0,True,28.25,27.22,17.26,18.74,1.085,0.4,6.0,NORMAL,False,False,EVENING,False
CHG_3D90EA8CA5,2026-08-12 17:09:54,2026-08-12 17:09:54,2026-08-12 17:28:27,JNY_985589647,USR_95275,STN_MUM_02,Mumbai,RESIDENTIAL,42.8,80.0,90.0,CCS2,120.0,True,33.48,32.1,18.6,18.57,0.998,0.75,0.0,NORMAL,False,False,EVENING,False
CHG_13D2902EB3,2026-08-12 17:12:22,2026-08-12 17:12:22,2026-08-12 21:56:17,JNY_561882323,USR_85109,STN_DEL_02,Delhi,OFFICE,19.3,85.0,90.0,TYPE2_AC,22.0,False,59.13,55.7,188.14,283.93,1.509,0.5,3.0,POWER_LIMITATION,True,True,EVENING,False
CHG_4020D7352B,2026-08-12 17:19:24,2026-08-12 17:19:24,2026-08-12 17:42:54,JNY_494078468,USR_52439,STN_DEL_01,Delhi,MALL,60.0,85.0,65.8,CCS2,60.0,True,16.45,15.71,19.19,23.5,1.225,0.2,4.0,NORMAL,False,False,EVENING,False
CHG_D6BCB90F0D,2026-08-12 17:19:32,2026-08-12 17:19:32,2026-08-12 17:45:46,JNY_877647212,USR_43203,STN_GGN_01,Gurugram,OFFICE,24.8,80.0,74.6,CCS2,150.0,True,41.18,40.65,18.3,26.25,1.434,0.25,12.0,NORMAL,False,False,EVENING,False
CHG_8A902B4788,2026-08-12 17:20:47,2026-08-12 17:20:47,2026-08-12 17:46:43,JNY_897342950,USR_81254,STN_DEL_02,Delhi,OFFICE,23.6,80.0,51.1,CCS2,90.0,True,28.82,26.98,21.35,25.94,1.215,0.25,5.0,NORMAL,False,False,EVENING,False
CHG_4511F71D66,2026-08-12 17:21:35,2026-08-12 17:21:35,2026-08-12 17:46:00,JNY_375556793,USR_88455,STN_GGN_02,Gurugram,MALL,39.2,80.0,73.5,CCS2,90.0,True,29.99,29.28,22.21,24.43,1.1,0.4,3.0,NORMAL,False,False,EVENING,False
CHG_6FC2DC47EA,2026-08-12 17:29:34,2026-08-12 17:29:34,2026-08-12 18:23:54,JNY_814642982,USR_17006,STN_MUM_02,Mumbai,RESIDENTIAL,33.2,90.0,69.3,CCS2,60.0,True,39.36,36.89,48.11,54.35,1.13,0.75,0.0,MINOR_SLOWDOWN,True,False,EVENING,False
CHG_0D2859C4EF,2026-08-12 17:32:10,2026-08-12 17:32:10,2026-08-12 17:50:42,JNY_373515543,USR_59353,STN_JPR_01,Jaipur,MALL,49.0,80.0,76.5,CCS2,120.0,True,23.71,22.94,13.17,18.54,1.407,0.2,10.0,NORMAL,False,False,EVENING,False
CHG_CBB2DC0DCC,2026-08-12 17:36:34,2026-08-12 17:36:34,2026-08-12 17:59:29,JNY_384492462,USR_46493,STN_DEL_01,Delhi,MALL,37.9,85.0,77.7,CCS2,150.0,True,36.6,35.29,17.08,22.93,1.343,0.2,12.0,NORMAL,False,False,EVENING,False
CHG_32EADA3AA2,2026-08-12 17:44:17,2026-08-12 17:44:17,2026-08-12 18:24:31,JNY_374015331,USR_98228,STN_JPR_02,Jaipur,HIGHWAY,30.5,90.0,64.8,CCS2,90.0,True,38.56,37.1,31.42,40.25,1.281,0.2,7.0,NORMAL,False,False,EVENING,False
CHG_304EFAAECD,2026-08-12 17:45:15,2026-08-12 17:45:15,2026-08-12 18:32:42,JNY_860889535,USR_19308,STN_MUM_01,Mumbai,MALL,24.4,85.0,56.8,CHAdeMO,75.0,True,34.42,33.27,32.13,47.46,1.477,0.2,16.0,NORMAL,False,False,EVENING,False
CHG_0940C28FCA,2026-08-12 17:47:23,2026-08-12 17:47:23,2026-08-12 18:07:46,JNY_902894149,USR_96492,STN_MUM_01,Mumbai,MALL,43.7,80.0,61.2,CCS2,90.0,True,22.22,21.26,16.46,20.39,1.239,0.2,2.0,NORMAL,False,False,EVENING,False
CHG_121BF07E84,2026-08-12 17:48:23,2026-08-12 17:48:23,2026-08-12 18:10:26,JNY_850620730,USR_35638,STN_DEL_01,Delhi,MALL,49.6,80.0,65.1,CCS2,120.0,True,19.79,18.84,10.99,22.06,2.006,0.0,10.0,POWER_LIMITATION,True,True,EVENING,False
CHG_A616326C17,2026-08-12 17:50:07,2026-08-12 17:50:07,2026-08-12 18:31:16,JNY_604269577,USR_42583,STN_BLR_01,Bengaluru,OFFICE,43.2,95.0,86.9,CCS2,90.0,True,45.01,42.57,38.35,41.16,1.073,0.5,0.0,NORMAL,False,False,EVENING,False
CHG_D92C2F89CC,2026-08-12 17:51:59,2026-08-12 17:51:59,2026-08-12 18:19:46,JNY_540672926,USR_97662,STN_GGN_01,Gurugram,OFFICE,42.0,85.0,68.0,CCS2,120.0,True,29.24,27.58,17.06,27.8,1.63,0.0,26.0,NORMAL,False,True,EVENING,False
CHG_250B92F0D1,2026-08-12 17:57:43,2026-08-12 17:57:43,2026-08-12 22:22:42,JNY_873780519,USR_13043,STN_MUM_01,Mumbai,MALL,23.4,80.0,60.5,TYPE2_AC,11.0,False,34.24,32.18,207.53,265.0,1.277,0.2,7.0,NORMAL,False,False,EVENING,False
CHG_E9627DC5CB,2026-08-12 17:58:42,2026-08-12 17:58:42,2026-08-12 18:22:28,JNY_146370916,USR_75517,STN_MUM_01,Mumbai,MALL,35.2,80.0,90.0,CCS2,150.0,True,40.32,39.52,17.92,23.78,1.327,0.2,9.0,NORMAL,False,False,EVENING,False
CHG_AA814348D4,2026-08-12 18:01:25,2026-08-12 18:01:25,2026-08-12 18:57:33,JNY_948347882,USR_35443,STN_JPR_01,Jaipur,MALL,32.8,80.0,66.6,CHAdeMO,50.0,True,31.44,29.79,41.91,56.14,1.34,0.2,8.0,NORMAL,False,False,EVENING,False
CHG_C2B0223981,2026-08-12 18:01:52,2026-08-12 18:01:52,2026-08-12 22:47:49,JNY_609359778,USR_19960,STN_DEL_01,Delhi,MALL,47.2,85.0,63.5,TYPE2_AC,7.2,False,24.0,23.37,233.36,285.96,1.225,0.4,6.0,NORMAL,False,False,EVENING,False
CHG_1A215899ED,2026-08-12 18:02:30,2026-08-12 18:02:30,2026-08-12 19:27:06,JNY_561142492,USR_82469,STN_MUM_01,Mumbai,MALL,12.0,85.0,80.9,CHAdeMO,50.0,True,59.06,56.56,82.68,84.6,1.023,0.4,0.0,NORMAL,False,False,EVENING,False
CHG_DB446DDE29,2026-08-12 18:09:42,2026-08-12 18:09:42,2026-08-12 19:19:12,JNY_857305350,USR_31201,STN_DEL_02,Delhi,OFFICE,29.5,90.0,68.7,CHAdeMO,50.0,True,41.56,40.14,60.96,69.51,1.14,0.25,4.0,NORMAL,False,False,EVENING,False
CHG_FB84A5A379,2026-08-12 18:10:20,2026-08-12 18:10:20,2026-08-12 18:32:57,JNY_344285011,USR_29227,STN_MUM_01,Mumbai,MALL,36.5,80.0,62.1,CCS2,90.0,True,27.01,25.87,20.01,22.62,1.13,0.4,7.0,NORMAL,False,False,EVENING,False
CHG_03FA2ACAC0,2026-08-12 18:21:58,2026-08-12 18:21:58,2026-08-12 20:10:25,JNY_403721775,USR_20851,STN_MUM_02,Mumbai,RESIDENTIAL,47.1,85.0,90.0,TYPE2_AC,22.0,False,34.11,32.77,108.53,108.46,0.999,1.0,0.0,NORMAL,False,False,EVENING,False
CHG_0D835921B1,2026-08-12 18:30:53,2026-08-12 18:30:53,2026-08-13 00:30:53,JNY_656862304,USR_24088,STN_GGN_02,Gurugram,MALL,25.8,85.0,84.7,TYPE2_AC,11.0,False,50.14,48.75,319.09,360.0,1.128,0.4,11.0,POWER_LIMITATION,True,False,EVENING,False
CHG_D5A293EB84,2026-08-12 18:31:35,2026-08-12 18:31:35,2026-08-12 18:51:24,JNY_660714758,USR_36138,STN_JPR_01,Jaipur,MALL,51.9,85.0,70.3,CCS2,90.0,True,23.27,23.04,18.1,19.82,1.095,0.2,3.0,NORMAL,False,False,EVENING,False
CHG_ABE71A2097,2026-08-12 18:34:19,2026-08-12 18:34:19,2026-08-12 19:00:52,JNY_108821843,USR_18565,STN_DEL_01,Delhi,MALL,16.1,80.0,85.8,CCS2,150.0,True,54.83,51.45,24.37,26.55,1.09,0.2,2.0,NORMAL,False,False,EVENING,False
CHG_A31C38B6FC,2026-08-12 18:34:50,2026-08-12 18:34:50,2026-08-12 19:06:44,JNY_285304093,USR_42275,STN_DEL_01,Delhi,MALL,26.0,80.0,68.6,CHAdeMO,75.0,True,37.04,36.3,32.93,31.91,0.969,0.4,0.0,NORMAL,False,False,EVENING,False
CHG_F0FF7A4BB6,2026-08-12 18:46:59,2026-08-12 18:46:59,2026-08-12 19:12:31,JNY_152401450,USR_24748,STN_MUM_02,Mumbai,RESIDENTIAL,34.7,85.0,90.0,CCS2,120.0,True,45.27,44.75,26.41,25.54,0.967,0.5,0.0,NORMAL,False,False,EVENING,False
CHG_32264236CD,2026-08-12 18:52:03,2026-08-12 18:52:03,2026-08-12 22:32:50,JNY_496518529,USR_92026,STN_GGN_01,Gurugram,OFFICE,53.5,80.0,73.3,TYPE2_AC,7.2,False,19.42,18.3,179.86,220.8,1.228,0.25,3.0,NORMAL,False,False,EVENING,False
CHG_1059BC2127,2026-08-12 18:54:57,2026-08-12 18:54:57,2026-08-12 19:33:03,JNY_355841668,USR_17095,STN_GGN_01,Gurugram,OFFICE,38.7,85.0,63.1,CHAdeMO,75.0,True,29.22,28.02,27.27,38.11,1.397,0.25,5.0,MINOR_SLOWDOWN,True,False,EVENING,False
CHG_4A4DE49632,2026-08-12 19:01:57,2026-08-12 19:01:57,2026-08-13 01:01:57,JNY_452410130,USR_61371,STN_GGN_02,Gurugram,MALL,16.5,80.0,88.1,TYPE2_AC,11.0,False,55.94,53.87,339.05,360.0,1.062,0.2,4.0,NORMAL,False,False,EVENING,False
CHG_FE75BBB814,2026-08-12 19:02:10,2026-08-12 19:02:10,2026-08-12 22:23:22,JNY_458415418,USR_92653,STN_GGN_02,Gurugram,MALL,25.1,90.0,86.4,TYPE2_AC,22.0,False,56.07,53.5,186.91,201.21,1.076,0.4,3.0,NORMAL,False,False,EVENING,False
CHG_A17062BEB0,2026-08-12 19:02:52,2026-08-12 19:02:52,2026-08-12 19:46:37,JNY_559259204,USR_24215,STN_DEL_03,Delhi,HIGHWAY,25.0,90.0,59.9,CCS2,90.0,True,38.94,37.55,31.72,43.76,1.379,0.2,11.0,NORMAL,False,False,EVENING,False
CHG_635DBF3B2F,2026-08-12 19:04:13,2026-08-12 19:04:13,2026-08-12 20:19:55,JNY_599238678,USR_11687,STN_BLR_01,Bengaluru,OFFICE,37.7,90.0,81.1,CCS2,60.0,True,42.42,41.21,51.84,75.71,1.46,0.0,38.0,NORMAL,False,False,EVENING,False
CHG_2D7591389F,2026-08-12 19:04:26,2026-08-12 19:04:26,2026-08-12 19:44:08,JNY_880993284,USR_34819,STN_MUM_01,Mumbai,MALL,13.6,80.0,71.9,CCS2,90.0,True,47.74,45.72,35.36,39.7,1.123,0.4,0.0,NORMAL,False,False,EVENING,False
CHG_800993F03B,2026-08-12 19:05:01,2026-08-12 19:05:01,2026-08-12 19:38:10,JNY_737486435,USR_32010,STN_DEL_02,Delhi,OFFICE,47.4,80.0,82.6,CHAdeMO,50.0,True,26.93,25.84,35.9,33.16,0.924,0.75,0.0,NORMAL,False,False,EVENING,False
CHG_429F906EBD,2026-08-12 19:07:55,2026-08-12 19:07:55,2026-08-12 22:14:01,JNY_110547905,USR_78132,STN_GGN_02,Gurugram,MALL,37.7,85.0,86.9,TYPE2_AC,22.0,False,41.1,39.46,130.78,186.11,1.423,0.0,6.0,NORMAL,False,False,EVENING,False
CHG_F39D5EF170,2026-08-12 19:13:41,2026-08-12 19:13:41,2026-08-12 19:39:54,JNY_359169001,USR_88707,STN_MUM_01,Mumbai,MALL,31.7,80.0,81.6,CCS2,120.0,True,39.41,39.1,21.9,26.22,1.198,0.2,3.0,NORMAL,False,False,EVENING,False
CHG_91DCA996A8,2026-08-12 19:14:20,2026-08-12 19:14:20,2026-08-12 19:35:38,JNY_201047925,USR_99160,STN_BLR_01,Bengaluru,OFFICE,12.1,80.0,59.9,CCS2,120.0,True,40.67,37.79,22.6,21.32,0.943,0.75,0.0,NORMAL,False,False,EVENING,False
CHG_14D47611A6,2026-08-12 19:16:32,2026-08-12 19:16:32,2026-08-12 20:08:39,JNY_680258980,USR_29102,STN_JPR_01,Jaipur,MALL,32.9,90.0,84.5,CCS2,90.0,True,48.25,46.06,39.31,52.13,1.326,0.4,6.0,MINOR_SLOWDOWN,True,False,EVENING,False
CHG_1C8A8A8C9E,2026-08-12 19:18:38,2026-08-12 19:18:38,2026-08-12 19:44:16,JNY_999575287,USR_78607,STN_GGN_02,Gurugram,MALL,29.3,85.0,76.0,CCS2,120.0,True,42.33,40.9,24.69,25.64,1.038,0.4,0.0,NORMAL,False,False,EVENING,False
CHG_986A332738,2026-08-12 19:20:32,2026-08-12 19:20:32,2026-08-12 19:53:26,JNY_864443126,USR_70977,STN_DEL_02,Delhi,OFFICE,16.2,80.0,89.5,CCS2,120.0,True,57.1,55.57,31.72,32.9,1.037,1.0,0.0,NORMAL,False,False,EVENING,False
CHG_B511EBFC58,2026-08-12 19:32:02,2026-08-12 19:32:02,2026-08-12 20:13:54,JNY_137848077,USR_45362,STN_BLR_01,Bengaluru,OFFICE,44.0,90.0,68.4,CCS2,60.0,True,31.46,29.83,38.46,41.87,1.089,0.5,0.0,NORMAL,False,False,EVENING,False
CHG_243194052E,2026-08-12 19:33:29,2026-08-12 19:33:29,2026-08-12 20:01:05,JNY_822462998,USR_98754,STN_JPR_01,Jaipur,MALL,26.2,80.0,89.3,CCS2,150.0,True,48.04,46.23,21.35,27.61,1.293,0.4,11.0,NORMAL,False,False,EVENING,False
CHG_DFEE9C6908,2026-08-12 19:35:54,2026-08-12 19:35:54,2026-08-12 20:20:02,JNY_911459325,USR_67103,STN_JPR_02,Jaipur,HIGHWAY,23.7,80.0,73.5,CHAdeMO,75.0,True,41.38,39.92,36.78,44.14,1.2,0.2,9.0,NORMAL,False,False,EVENING,False
CHG_AF76CD6357,2026-08-12 19:36:36,2026-08-12 19:36:36,2026-08-12 20:20:43,JNY_771177527,USR_39206,STN_DEL_03,Delhi,HIGHWAY,25.2,90.0,64.9,CCS2,90.0,True,42.06,40.14,34.27,44.12,1.287,0.2,4.0,NORMAL,False,False,EVENING,False
CHG_68BDD8FF1A,2026-08-12 19:39:43,2026-08-12 19:39:43,2026-08-12 22:38:34,JNY_910463029,USR_54387,STN_BLR_01,Bengaluru,OFFICE,36.7,80.0,64.0,TYPE2_AC,22.0,False,27.71,26.9,83.98,178.86,2.13,0.75,3.0,CHARGER_FAULT,True,True,EVENING,False
CHG_952A722E64,2026-08-12 19:44:13,2026-08-12 19:44:13,2026-08-12 20:14:54,JNY_107448893,USR_30953,STN_DEL_02,Delhi,OFFICE,19.2,90.0,71.2,CCS2,120.0,True,50.41,47.45,30.81,30.7,0.996,1.0,0.0,NORMAL,False,False,EVENING,False
CHG_E08829C04D,2026-08-12 19:44:54,2026-08-12 19:44:54,2026-08-12 20:02:10,JNY_153685331,USR_20481,STN_BLR_01,Bengaluru,OFFICE,39.3,85.0,64.8,CCS2,120.0,True,29.61,27.74,17.27,17.27,1.0,1.0,0.0,NORMAL,False,False,EVENING,False
CHG_E75999626F,2026-08-12 19:48:06,2026-08-12 19:48:06,2026-08-12 21:05:02,JNY_209198005,USR_55612,STN_GGN_02,Gurugram,MALL,15.2,80.0,81.9,CHAdeMO,50.0,True,53.07,50.13,70.76,76.94,1.087,0.2,2.0,NORMAL,False,False,EVENING,False
CHG_18CB1027B2,2026-08-12 19:48:47,2026-08-12 19:48:47,2026-08-12 21:21:58,JNY_431273894,USR_32861,STN_BLR_01,Bengaluru,OFFICE,19.7,90.0,81.8,CHAdeMO,50.0,True,57.51,55.17,84.34,93.2,1.105,1.0,3.0,NORMAL,False,False,EVENING,False
CHG_9E7B2ADAB2,2026-08-12 19:49:02,2026-08-12 19:49:02,2026-08-12 21:37:22,JNY_233758093,USR_43285,STN_GGN_01,Gurugram,OFFICE,27.9,85.0,64.4,TYPE2_AC,22.0,False,36.77,36.15,117.0,108.33,0.926,1.0,0.0,NORMAL,False,False,EVENING,False
CHG_5B44BFC2FA,2026-08-12 19:50:44,2026-08-12 19:50:44,2026-08-12 20:28:50,JNY_481477559,USR_92603,STN_GGN_02,Gurugram,MALL,36.5,85.0,67.6,CHAdeMO,75.0,True,32.79,31.9,30.6,38.11,1.245,0.2,5.0,NORMAL,False,False,EVENING,False
CHG_A5357CED81,2026-08-12 19:51:33,2026-08-12 19:51:33,2026-08-12 20:26:27,JNY_998917885,USR_93128,STN_JPR_01,Jaipur,MALL,26.5,80.0,68.2,CCS2,90.0,True,36.49,35.74,27.03,34.91,1.292,0.2,6.0,NORMAL,False,False,EVENING,False
CHG_7D2FFE05DF,2026-08-12 19:53:51,2026-08-12 19:53:51,2026-08-12 20:52:07,JNY_593137028,USR_53202,STN_JPR_01,Jaipur,MALL,29.8,80.0,74.1,CHAdeMO,50.0,True,37.2,36.2,49.6,58.27,1.175,0.2,6.0,NORMAL,False,False,EVENING,False
CHG_36E7D562A8,2026-08-12 19:55:32,2026-08-12 19:55:32,2026-08-12 21:30:09,JNY_897077296,USR_18053,STN_MUM_02,Mumbai,RESIDENTIAL,14.5,85.0,77.6,CHAdeMO,50.0,True,54.71,54.35,76.59,94.62,1.235,0.0,6.0,NORMAL,False,False,EVENING,False
CHG_23B22A686F,2026-08-12 19:58:08,2026-08-12 19:58:08,2026-08-12 20:36:45,JNY_391057891,USR_47746,STN_BLR_01,Bengaluru,OFFICE,15.2,85.0,90.0,CCS2,120.0,True,62.82,60.81,36.65,38.62,1.054,0.75,0.0,NORMAL,False,False,EVENING,False
CHG_21290C9F2C,2026-08-12 20:02:15,2026-08-12 20:02:15,2026-08-12 20:32:21,JNY_711075519,USR_30937,STN_DEL_03,Delhi,HIGHWAY,42.3,80.0,82.1,CCS2,90.0,True,30.95,29.61,22.93,30.1,1.313,0.2,5.0,NORMAL,False,False,EVENING,False
CHG_DDC5976791,2026-08-12 20:07:23,2026-08-12 20:07:23,2026-08-12 20:50:19,JNY_144533871,USR_26515,STN_BLR_01,Bengaluru,OFFICE,30.3,95.0,59.8,CHAdeMO,75.0,True,38.69,37.42,39.55,42.94,1.086,0.75,0.0,NORMAL,False,False,EVENING,False
CHG_1926D6B928,2026-08-12 20:10:25,2026-08-12 20:10:25,2026-08-12 23:37:20,JNY_444397643,USR_66423,STN_MUM_01,Mumbai,MALL,36.9,80.0,72.3,TYPE2_AC,11.0,False,31.16,29.7,188.86,206.93,1.096,0.4,6.0,NORMAL,False,False,EVENING,False
CHG_5FA7D44F59,2026-08-12 20:12:35,2026-08-12 20:12:35,2026-08-12 20:46:03,JNY_347360669,USR_66948,STN_JPR_01,Jaipur,MALL,24.7,90.0,65.3,CCS2,120.0,True,42.64,41.08,26.06,33.47,1.285,0.8,2.0,MINOR_SLOWDOWN,True,False,EVENING,False
CHG_3C0599FDF3,2026-08-12 20:15:21,2026-08-12 20:15:21,2026-08-12 23:02:30,JNY_800706365,USR_30681,STN_GGN_01,Gurugram,OFFICE,34.9,90.0,90.0,TYPE2_AC,22.0,False,49.59,48.26,165.3,167.15,1.011,1.0,0.0,NORMAL,False,False,EVENING,False
CHG_48B157E65B,2026-08-12 20:18:26,2026-08-12 20:18:26,2026-08-12 21:05:48,JNY_290100983,USR_59313,STN_DEL_01,Delhi,MALL,43.3,95.0,86.0,CCS2,90.0,True,44.46,42.23,37.88,47.38,1.251,0.2,2.0,NORMAL,False,False,EVENING,False
CHG_E87CDB980F,2026-08-12 20:20:47,2026-08-12 20:20:47,2026-08-12 21:10:43,JNY_613347227,USR_12513,STN_BLR_01,Bengaluru,OFFICE,18.1,85.0,84.6,CHAdeMO,75.0,True,56.6,54.03,52.82,49.94,0.945,0.75,0.0,NORMAL,False,False,EVENING,False
CHG_39729C81D7,2026-08-12 20:21:09,2026-08-12 20:21:09,2026-08-12 20:39:59,JNY_867664414,USR_38783,STN_GGN_02,Gurugram,MALL,31.0,80.0,71.5,CCS2,120.0,True,35.03,32.98,19.46,18.84,0.968,0.4,0.0,NORMAL,False,False,EVENING,False
CHG_71153DF028,2026-08-12 20:22:38,2026-08-12 20:22:38,2026-08-12 21:07:24,JNY_618664299,USR_80190,STN_GGN_02,Gurugram,MALL,29.2,85.0,89.2,CHAdeMO,75.0,True,49.77,47.75,46.46,44.78,0.964,0.8,0.0,NORMAL,False,False,EVENING,False
CHG_940F5D113E,2026-08-12 20:23:38,2026-08-12 20:23:38,2026-08-12 20:51:32,JNY_321109270,USR_55721,STN_GGN_02,Gurugram,MALL,33.7,80.0,90.0,CCS2,120.0,True,41.67,40.1,23.15,27.92,1.206,0.2,5.0,NORMAL,False,False,EVENING,False
CHG_8DB8C381C0,2026-08-12 20:25:51,2026-08-12 20:25:51,2026-08-12 21:47:59,JNY_483433451,USR_40633,STN_GGN_02,Gurugram,MALL,23.8,85.0,87.9,CHAdeMO,50.0,True,53.79,51.28,75.31,82.14,1.091,0.4,0.0,NORMAL,False,False,EVENING,False
CHG_AFD395CBC5,2026-08-12 20:27:01,2026-08-12 20:27:01,2026-08-12 22:47:03,JNY_508040878,USR_43659,STN_BLR_01,Bengaluru,OFFICE,24.4,80.0,81.8,TYPE2_AC,22.0,False,45.48,43.69,137.82,140.03,1.016,1.0,0.0,NORMAL,False,False,EVENING,False
CHG_4A10551467,2026-08-12 20:27:04,2026-08-12 20:27:04,2026-08-12 21:44:43,JNY_149399386,USR_66438,STN_MUM_01,Mumbai,MALL,26.2,85.0,90.0,CHAdeMO,50.0,True,52.92,51.49,74.09,77.66,1.048,0.6,0.0,NORMAL,False,False,EVENING,False
CHG_7C7CAB936E,2026-08-12 20:27:16,2026-08-12 20:27:16,2026-08-12 20:51:30,JNY_173317727,USR_42470,STN_GGN_01,Gurugram,OFFICE,34.9,80.0,81.5,CHAdeMO,100.0,True,36.76,35.33,24.5,24.24,0.989,0.75,0.0,NORMAL,False,False,EVENING,False
CHG_B33488C4A5,2026-08-12 20:30:38,2026-08-12 20:30:38,2026-08-12 21:14:15,JNY_151894761,USR_49074,STN_BLR_01,Bengaluru,OFFICE,42.8,85.0,69.3,CHAdeMO,50.0,True,29.24,28.18,40.94,43.62,1.065,1.0,0.0,NORMAL,False,False,EVENING,False
CHG_503A5428DE,2026-08-12 20:34:58,2026-08-12 20:34:58,2026-08-12 20:58:36,JNY_873093822,USR_62290,STN_JPR_01,Jaipur,MALL,32.3,85.0,77.2,CCS2,120.0,True,40.68,38.71,23.73,23.63,0.996,0.6,0.0,NORMAL,False,False,EVENING,False
CHG_F82288F76F,2026-08-12 20:46:10,2026-08-12 20:46:10,2026-08-12 21:43:28,JNY_327090249,USR_72573,STN_GGN_01,Gurugram,OFFICE,32.4,80.0,72.6,CCS2,60.0,True,34.56,32.72,38.4,57.31,1.492,0.5,9.0,MINOR_SLOWDOWN,True,False,EVENING,False
CHG_0E5BCF17AE,2026-08-12 20:49:05,2026-08-12 20:49:05,2026-08-12 21:23:32,JNY_314100755,USR_70858,STN_MUM_02,Mumbai,RESIDENTIAL,40.5,80.0,90.0,CCS2,90.0,True,35.55,33.59,26.33,34.46,1.309,0.25,9.0,NORMAL,False,False,EVENING,False
CHG_CA6855CE27,2026-08-12 21:03:05,2026-08-12 21:03:05,2026-08-12 21:51:23,JNY_605803961,USR_40043,STN_GGN_01,Gurugram,OFFICE,16.0,90.0,83.2,CHAdeMO,100.0,True,61.57,58.91,45.15,48.3,1.07,1.0,0.0,NORMAL,False,False,NIGHT,False
CHG_C796B4C15D,2026-08-12 21:09:51,2026-08-12 21:09:51,2026-08-12 22:15:56,JNY_313197651,USR_82359,STN_DEL_03,Delhi,HIGHWAY,30.9,90.0,75.0,CHAdeMO,75.0,True,44.33,42.66,43.34,66.09,1.525,0.2,27.0,NORMAL,False,True,NIGHT,False
CHG_4F6B208078,2026-08-12 21:12:04,2026-08-12 21:12:04,2026-08-12 21:28:50,JNY_370741119,USR_46289,STN_MUM_01,Mumbai,MALL,48.7,80.0,78.0,CCS2,120.0,True,24.41,23.63,13.56,16.78,1.237,0.6,0.0,MINOR_SLOWDOWN,True,False,NIGHT,False
CHG_210B55A225,2026-08-12 21:13:04,2026-08-12 21:13:04,2026-08-12 21:58:27,JNY_858792853,USR_99222,STN_JPR_02,Jaipur,HIGHWAY,16.7,90.0,82.1,CCS2,120.0,True,60.18,56.88,36.78,45.39,1.234,0.2,5.0,NORMAL,False,False,NIGHT,False
CHG_76C972037E,2026-08-12 21:17:05,2026-08-12 21:17:05,2026-08-12 21:39:40,JNY_310682369,USR_37382,STN_BLR_01,Bengaluru,OFFICE,42.4,80.0,68.1,CHAdeMO,75.0,True,25.61,24.36,22.76,22.59,0.992,1.0,1.0,NORMAL,False,False,NIGHT,False
CHG_E15E0FA3C3,2026-08-12 21:18:06,2026-08-12 21:18:06,2026-08-12 22:11:32,JNY_375808330,USR_50546,STN_JPR_01,Jaipur,MALL,26.4,85.0,69.5,CHAdeMO,50.0,True,40.73,38.08,57.02,53.44,0.937,0.8,0.0,NORMAL,False,False,NIGHT,False
CHG_5B72242861,2026-08-12 21:24:47,2026-08-12 21:24:47,2026-08-12 21:59:40,JNY_712673803,USR_13035,STN_DEL_01,Delhi,MALL,18.6,85.0,70.1,CCS2,90.0,True,46.55,45.3,36.2,34.88,0.964,0.6,0.0,NORMAL,False,False,NIGHT,False
CHG_6682F08361,2026-08-12 21:31:24,2026-08-12 21:31:24,2026-08-12 21:50:56,JNY_883896912,USR_26581,STN_JPR_01,Jaipur,MALL,41.6,95.0,75.6,CCS2,150.0,True,40.37,38.3,20.63,19.54,0.947,0.8,0.0,NORMAL,False,False,NIGHT,False
CHG_6992B109B9,2026-08-12 21:31:29,2026-08-12 21:31:29,2026-08-12 22:25:21,JNY_913736860,USR_25919,STN_DEL_01,Delhi,MALL,18.9,85.0,89.3,CHAdeMO,75.0,True,59.03,57.53,55.09,53.87,0.978,0.8,0.0,NORMAL,False,False,NIGHT,False
CHG_0370C6D0B4,2026-08-12 21:47:41,2026-08-12 21:47:41,2026-08-12 22:08:54,JNY_656470550,USR_66504,STN_GGN_01,Gurugram,OFFICE,49.4,90.0,59.1,CCS2,90.0,True,23.99,22.99,19.55,21.23,1.086,1.0,0.0,NORMAL,False,False,NIGHT,False
CHG_5A2BF4A3AF,2026-08-12 21:50:29,2026-08-12 21:50:29,2026-08-12 22:10:08,JNY_624488934,USR_74478,STN_GGN_02,Gurugram,MALL,36.9,85.0,88.4,CCS2,150.0,True,42.52,39.47,19.84,19.66,0.991,0.6,0.0,NORMAL,False,False,NIGHT,False
CHG_22DA6DD285,2026-08-12 21:50:44,2026-08-12 21:50:44,2026-08-12 22:16:35,JNY_862515378,USR_93183,STN_JPR_02,Jaipur,HIGHWAY,21.5,80.0,75.6,CCS2,120.0,True,44.23,42.23,24.57,25.86,1.053,0.6,0.0,NORMAL,False,False,NIGHT,False
CHG_4E55E11199,2026-08-12 21:51:01,2026-08-12 21:51:01,2026-08-12 22:20:12,JNY_360027354,USR_35035,STN_JPR_02,Jaipur,HIGHWAY,15.8,85.0,74.4,CCS2,120.0,True,51.48,49.67,30.03,29.19,0.972,0.8,0.0,NORMAL,False,False,NIGHT,False
CHG_AC168EBC64,2026-08-12 21:52:33,2026-08-12 21:52:33,2026-08-12 22:34:22,JNY_144919962,USR_38781,STN_GGN_01,Gurugram,OFFICE,27.7,80.0,56.1,CHAdeMO,50.0,True,29.34,28.42,39.12,41.82,1.069,1.0,0.0,NORMAL,False,False,NIGHT,False
CHG_FADC9DEE69,2026-08-12 21:53:20,2026-08-12 21:53:20,2026-08-13 02:05:51,JNY_457590553,USR_27044,STN_GGN_01,Gurugram,OFFICE,23.3,80.0,68.6,TYPE2_AC,11.0,False,38.9,37.77,235.73,252.52,1.071,1.0,0.0,NORMAL,False,False,NIGHT,False
CHG_AB1BCB4EB9,2026-08-12 21:56:49,2026-08-12 21:56:49,2026-08-12 22:14:22,JNY_328295517,USR_91425,STN_JPR_01,Jaipur,MALL,37.6,85.0,68.9,CCS2,120.0,True,32.66,31.13,19.05,17.56,0.922,1.0,0.0,NORMAL,False,False,NIGHT,False
CHG_9774980D6B,2026-08-12 22:22:26,2026-08-12 22:22:26,2026-08-12 22:48:35,JNY_703911624,USR_64126,STN_MUM_02,Mumbai,RESIDENTIAL,39.6,80.0,80.9,CCS2,90.0,True,32.68,31.29,24.21,26.16,1.08,1.0,1.0,NORMAL,False,False,NIGHT,False
CHG_75E4975F03,2026-08-12 22:27:22,2026-08-12 22:27:22,2026-08-13 00:18:19,JNY_446054408,USR_10639,STN_DEL_03,Delhi,HIGHWAY,37.8,85.0,79.4,TYPE2_AC,22.0,False,37.48,35.92,119.24,110.96,0.931,0.6,0.0,NORMAL,False,False,NIGHT,False
CHG_A8AD569218,2026-08-12 22:32:17,2026-08-12 22:32:17,2026-08-12 22:47:01,JNY_672998688,USR_80332,STN_MUM_02,Mumbai,RESIDENTIAL,44.6,80.0,90.0,CCS2,150.0,True,31.86,30.72,14.16,14.74,1.041,0.75,0.0,NORMAL,False,False,NIGHT,False
CHG_C1074F6778,2026-08-12 22:33:55,2026-08-12 22:33:55,2026-08-13 04:33:55,JNY_958306121,USR_47688,STN_MUM_01,Mumbai,MALL,21.9,85.0,73.5,TYPE2_AC,7.2,False,46.38,45.23,450.9,360.0,0.798,1.0,4.0,NORMAL,False,False,NIGHT,False
CHG_796545FD2C,2026-08-12 22:37:23,2026-08-12 22:37:23,2026-08-12 23:15:53,JNY_271006984,USR_80455,STN_DEL_02,Delhi,OFFICE,12.3,80.0,72.7,CCS2,90.0,True,49.22,47.55,36.46,38.5,1.056,1.0,0.0,NORMAL,False,False,NIGHT,False
CHG_5F4CAE7C74,2026-08-12 23:00:38,2026-08-12 23:00:38,2026-08-12 23:31:55,JNY_976520047,USR_25522,STN_MUM_01,Mumbai,MALL,23.9,85.0,89.0,CCS2,120.0,True,54.38,51.95,31.72,31.29,0.986,0.8,0.0,NORMAL,False,False,NIGHT,False
CHG_8A05603079,2026-08-12 23:47:15,2026-08-12 23:47:15,2026-08-13 00:40:03,JNY_733382172,USR_90096,STN_JPR_01,Jaipur,MALL,30.2,85.0,78.6,CCS2,60.0,True,43.07,40.67,50.25,52.81,1.051,1.0,3.0,NORMAL,False,False,NIGHT,False
CHG_C413028824,2026-08-12 23:52:50,2026-08-12 23:52:50,2026-08-13 00:13:37,JNY_993050738,USR_90133,STN_JPR_01,Jaipur,MALL,43.2,90.0,77.8,CCS2,120.0,True,36.41,34.94,22.25,20.79,0.934,1.0,0.0,NORMAL,False,False,NIGHT,False
CHG_2CD7697346,2026-08-13 00:14:19,2026-08-13 00:14:19,2026-08-13 00:26:03,JNY_553872591,USR_35492,STN_GGN_02,Gurugram,MALL,43.7,80.0,70.3,CCS2,150.0,True,25.52,24.98,11.34,11.75,1.036,1.0,0.0,NORMAL,False,False,NIGHT,False
CHG_042BBC4B86,2026-08-13 01:00:45,2026-08-13 01:00:45,2026-08-13 01:13:24,JNY_927867926,USR_97140,STN_DEL_02,Delhi,OFFICE,48.3,85.0,69.5,CCS2,150.0,True,25.51,24.09,11.9,12.65,1.063,1.0,0.0,NORMAL,False,False,NIGHT,False
CHG_4EE20D98BB,2026-08-13 01:05:33,2026-08-13 01:05:33,2026-08-13 01:26:43,JNY_798020628,USR_55153,STN_DEL_01,Delhi,MALL,45.4,85.0,60.0,CHAdeMO,75.0,True,23.76,22.26,22.18,21.18,0.955,1.0,0.0,NORMAL,False,False,NIGHT,False
CHG_A1CCEAD45E,2026-08-13 01:33:12,2026-08-13 01:33:12,2026-08-13 02:15:33,JNY_118473220,USR_89429,STN_DEL_02,Delhi,OFFICE,32.8,80.0,80.5,CCS2,60.0,True,38.0,36.47,42.22,42.35,1.003,1.0,0.0,NORMAL,False,False,NIGHT,False
CHG_5BB854EE7B,2026-08-13 01:47:22,2026-08-13 01:47:22,2026-08-13 03:53:11,JNY_107699701,USR_56216,STN_DEL_03,Delhi,HIGHWAY,39.0,90.0,78.0,TYPE2_AC,22.0,False,39.78,37.93,132.6,125.83,0.949,1.0,0.0,NORMAL,False,False,NIGHT,False
CHG_775DE1F3E1,2026-08-13 01:52:33,2026-08-13 01:52:33,2026-08-13 04:26:31,JNY_559641266,USR_51752,STN_DEL_02,Delhi,OFFICE,31.0,90.0,74.4,TYPE2_AC,22.0,False,43.9,42.38,146.32,153.97,1.052,1.0,0.0,NORMAL,False,False,NIGHT,False
CHG_16C898373E,2026-08-13 02:22:38,2026-08-13 02:22:38,2026-08-13 04:26:02,JNY_474430614,USR_83620,STN_DEL_03,Delhi,HIGHWAY,28.0,80.0,80.0,TYPE2_AC,22.0,False,41.6,38.29,126.06,123.4,0.979,1.0,1.0,NORMAL,False,False,NIGHT,False
CHG_E42A27DC5E,2026-08-13 03:23:30,2026-08-13 03:23:30,2026-08-13 06:04:28,JNY_332774710,USR_92217,STN_DEL_03,Delhi,HIGHWAY,36.1,80.0,79.8,TYPE2_AC,22.0,False,35.03,33.7,106.16,160.98,1.516,1.0,2.0,POWER_LIMITATION,True,True,NIGHT,False
CHG_2A8E9472DA,2026-08-13 03:33:56,2026-08-13 03:33:56,2026-08-13 09:33:56,JNY_656168662,USR_23881,STN_MUM_02,Mumbai,RESIDENTIAL,25.9,90.0,86.6,TYPE2_AC,7.2,False,55.51,53.5,565.39,360.0,0.637,1.0,0.0,NORMAL,False,False,NIGHT,False
CHG_CCEEE60F0B,2026-08-13 03:44:41,2026-08-13 03:44:41,2026-08-13 04:06:07,JNY_343576148,USR_84569,STN_BLR_01,Bengaluru,OFFICE,38.2,90.0,82.5,CCS2,150.0,True,42.73,41.31,20.89,21.45,1.027,1.0,0.0,NORMAL,False,False,NIGHT,False
CHG_4F48DF3BCA,2026-08-13 03:46:14,2026-08-13 03:46:14,2026-08-13 04:01:35,JNY_341522822,USR_85617,STN_DEL_03,Delhi,HIGHWAY,54.5,80.0,80.8,CCS2,90.0,True,20.6,19.79,15.26,15.36,1.006,1.0,0.0,NORMAL,False,False,NIGHT,False
CHG_A7D2DF9335,2026-08-13 03:59:03,2026-08-13 03:59:03,2026-08-13 04:38:49,JNY_335844233,USR_56467,STN_JPR_01,Jaipur,MALL,36.2,90.0,84.9,CCS2,90.0,True,45.68,42.98,37.22,39.77,1.069,1.0,0.0,NORMAL,False,False,NIGHT,False
CHG_F244717E8C,2026-08-13 04:27:17,2026-08-13 04:27:17,2026-08-13 09:55:49,JNY_380550801,USR_40401,STN_BLR_01,Bengaluru,OFFICE,28.5,85.0,61.5,TYPE2_AC,7.2,False,34.75,33.63,337.82,328.54,0.973,1.0,0.0,NORMAL,False,False,NIGHT,False
CHG_7A008C2456,2026-08-13 05:19:10,2026-08-13 05:19:10,2026-08-13 05:54:39,JNY_685828466,USR_48185,STN_DEL_01,Delhi,MALL,12.5,85.0,70.6,CCS2,120.0,True,51.19,49.12,29.86,35.5,1.189,0.8,0.0,MINOR_SLOWDOWN,True,False,NIGHT,False
CHG_E972BDE4D5,2026-08-13 05:28:03,2026-08-13 05:28:03,2026-08-13 06:09:43,JNY_251545806,USR_74993,STN_DEL_01,Delhi,MALL,42.8,85.0,77.2,CCS2,60.0,True,32.58,31.63,38.01,41.67,1.096,0.8,1.0,NORMAL,False,False,NIGHT,False
CHG_918DB9CE6F,2026-08-13 05:34:57,2026-08-13 05:34:57,2026-08-13 11:34:57,JNY_739416605,USR_19431,STN_MUM_01,Mumbai,MALL,13.9,80.0,62.4,TYPE2_AC,7.2,False,41.25,39.84,381.91,360.0,0.943,0.8,5.0,NORMAL,False,False,NIGHT,False
CHG_D3B8457C76,2026-08-13 05:35:05,2026-08-13 05:35:05,2026-08-13 07:52:05,JNY_411334407,USR_39068,STN_GGN_02,Gurugram,MALL,19.5,85.0,70.7,TYPE2_AC,22.0,False,46.31,44.13,147.35,137.01,0.93,1.0,0.0,NORMAL,False,False,NIGHT,False
CHG_3EF6CABC05,2026-08-13 05:46:49,2026-08-13 05:46:49,2026-08-13 07:25:03,JNY_189387250,USR_39749,STN_BLR_01,Bengaluru,OFFICE,37.4,80.0,74.2,TYPE2_AC,22.0,False,31.61,29.85,95.79,98.23,1.026,1.0,0.0,NORMAL,False,False,NIGHT,False
CHG_D5C63280E2,2026-08-13 05:47:27,2026-08-13 05:47:27,2026-08-13 11:17:58,JNY_537954104,USR_51671,STN_JPR_02,Jaipur,HIGHWAY,25.8,85.0,82.3,TYPE2_AC,11.0,False,48.72,46.73,310.05,330.52,1.066,0.8,5.0,NORMAL,False,False,NIGHT,False
CHG_C6568FD824,2026-08-13 05:51:35,2026-08-13 05:51:35,2026-08-13 06:23:16,JNY_779751080,USR_70437,STN_BLR_01,Bengaluru,OFFICE,24.5,95.0,61.0,CHAdeMO,100.0,True,43.01,42.79,32.97,31.69,0.961,0.75,0.0,NORMAL,False,False,NIGHT,False
CHG_6EEC647A3A,2026-08-13 06:09:20,2026-08-13 06:09:20,2026-08-13 06:32:09,JNY_268863918,USR_74130,STN_MUM_01,Mumbai,MALL,20.6,80.0,73.9,CCS2,120.0,True,43.9,42.46,24.39,22.82,0.936,0.8,1.0,NORMAL,False,False,MORNING,False
CHG_6B793441DE,2026-08-13 06:11:35,2026-08-13 06:11:35,2026-08-13 06:30:32,JNY_259236909,USR_95099,STN_JPR_02,Jaipur,HIGHWAY,28.0,80.0,69.5,CCS2,150.0,True,36.14,34.84,16.06,18.95,1.18,1.0,5.0,NORMAL,False,False,MORNING,False
CHG_E8B6C94379,2026-08-13 06:12:03,2026-08-13 06:12:03,2026-08-13 06:37:46,JNY_574960689,USR_98368,STN_MUM_01,Mumbai,MALL,30.2,85.0,57.5,CCS2,90.0,True,31.51,30.19,24.51,25.73,1.05,0.8,0.0,NORMAL,False,False,MORNING,False
CHG_4622623744,2026-08-13 06:16:09,2026-08-13 06:16:09,2026-08-13 06:40:49,JNY_170193018,USR_66592,STN_GGN_02,Gurugram,MALL,52.4,90.0,78.3,CCS2,90.0,True,29.44,27.85,23.99,24.67,1.029,0.4,2.0,NORMAL,False,False,MORNING,False
CHG_7D1A8A9080,2026-08-13 06:20:06,2026-08-13 06:20:06,2026-08-13 12:20:06,JNY_192248057,USR_69281,STN_BLR_01,Bengaluru,OFFICE,17.1,90.0,75.6,TYPE2_AC,7.2,False,55.11,53.76,561.33,360.0,0.641,1.0,0.0,NORMAL,False,False,MORNING,False
CHG_543AB7B653,2026-08-13 06:25:52,2026-08-13 06:25:52,2026-08-13 06:54:29,JNY_380886120,USR_15785,STN_GGN_02,Gurugram,MALL,30.7,85.0,81.3,CCS2,120.0,True,44.15,43.51,25.75,28.63,1.112,0.4,0.0,NORMAL,False,False,MORNING,False
CHG_899814B87A,2026-08-13 06:28:12,2026-08-13 06:28:12,2026-08-13 06:50:34,JNY_535821353,USR_95062,STN_MUM_01,Mumbai,MALL,26.6,90.0,60.5,CCS2,120.0,True,38.36,37.48,23.44,22.37,0.954,0.6,1.0,NORMAL,False,False,MORNING,False
CHG_75F25E8222,2026-08-13 06:29:14,2026-08-13 06:29:14,2026-08-13 06:57:50,JNY_201099576,USR_48608,STN_MUM_02,Mumbai,RESIDENTIAL,29.1,85.0,74.4,CCS2,120.0,True,41.59,39.9,24.26,28.61,1.179,0.5,5.0,NORMAL,False,False,MORNING,False
CHG_F9B71E2AF2,2026-08-13 06:29:41,2026-08-13 06:29:41,2026-08-13 06:41:15,JNY_258484278,USR_41530,STN_DEL_03,Delhi,HIGHWAY,61.1,85.0,61.6,CCS2,90.0,True,14.72,14.19,11.45,11.57,1.01,0.4,0.0,NORMAL,False,False,MORNING,False
CHG_ED84485128,2026-08-13 06:31:31,2026-08-13 06:31:31,2026-08-13 06:54:05,JNY_458674935,USR_29646,STN_DEL_02,Delhi,OFFICE,16.8,85.0,75.8,CCS2,150.0,True,51.7,48.24,24.12,22.57,0.936,1.0,0.0,NORMAL,False,False,MORNING,False
CHG_F4A10A99B0,2026-08-13 06:34:46,2026-08-13 06:34:46,2026-08-13 07:02:33,JNY_226042925,USR_60109,STN_MUM_02,Mumbai,RESIDENTIAL,58.3,85.0,82.7,CHAdeMO,75.0,True,22.08,21.11,20.61,27.79,1.349,0.25,7.0,NORMAL,False,False,MORNING,False
CHG_D209BE1ABC,2026-08-13 06:36:29,2026-08-13 06:36:29,2026-08-13 06:53:44,JNY_823698728,USR_13789,STN_JPR_01,Jaipur,MALL,51.7,80.0,78.8,CCS2,90.0,True,22.3,21.5,16.52,17.26,1.045,1.0,0.0,NORMAL,False,False,MORNING,False
CHG_20A740205D,2026-08-13 06:38:56,2026-08-13 06:38:56,2026-08-13 08:47:28,JNY_450351332,USR_47434,STN_MUM_02,Mumbai,RESIDENTIAL,15.1,80.0,64.1,TYPE2_AC,22.0,False,41.6,38.96,126.06,128.54,1.02,0.5,0.0,NORMAL,False,False,MORNING,False
CHG_E79124F112,2026-08-13 06:47:53,2026-08-13 06:47:53,2026-08-13 08:21:36,JNY_448823694,USR_85152,STN_JPR_02,Jaipur,HIGHWAY,59.3,80.0,71.3,TYPE2_AC,11.0,False,14.76,14.28,89.45,93.72,1.048,0.6,5.0,NORMAL,False,False,MORNING,False
CHG_4728709397,2026-08-13 06:49:13,2026-08-13 06:49:13,2026-08-13 12:04:07,JNY_335135665,USR_56187,STN_DEL_02,Delhi,OFFICE,17.5,85.0,70.6,TYPE2_AC,11.0,False,47.66,46.5,303.26,314.9,1.038,1.0,0.0,NORMAL,False,False,MORNING,False
CHG_AD253985E9,2026-08-13 06:52:27,2026-08-13 06:52:27,2026-08-13 08:50:34,JNY_144920363,USR_19716,STN_MUM_02,Mumbai,RESIDENTIAL,31.7,80.0,65.6,TYPE2_AC,22.0,False,31.68,30.33,96.01,118.12,1.23,0.75,0.0,MINOR_SLOWDOWN,True,False,MORNING,False
CHG_F30AC311DE,2026-08-13 06:52:44,2026-08-13 06:52:44,2026-08-13 07:35:58,JNY_813496844,USR_70319,STN_JPR_02,Jaipur,HIGHWAY,17.7,80.0,90.0,CHAdeMO,100.0,True,56.07,54.74,37.38,43.24,1.157,0.2,7.0,NORMAL,False,False,MORNING,False
CHG_9A36FCD5A9,2026-08-13 06:58:36,2026-08-13 06:58:36,2026-08-13 08:11:13,JNY_558927686,USR_13505,STN_BLR_01,Bengaluru,OFFICE,51.1,85.0,61.9,TYPE2_AC,22.0,False,20.98,20.24,66.77,72.62,1.088,1.0,1.0,NORMAL,False,False,MORNING,False
CHG_9C742010A0,2026-08-13 07:07:57,2026-08-13 07:07:57,2026-08-13 13:07:57,JNY_594432652,USR_26910,STN_JPR_01,Jaipur,MALL,47.0,85.0,86.2,TYPE2_AC,7.2,False,32.76,31.01,318.46,360.0,1.13,0.4,0.0,NORMAL,False,False,MORNING,False
CHG_703FB3E814,2026-08-13 07:08:21,2026-08-13 07:08:21,2026-08-13 07:27:54,JNY_129671258,USR_23183,STN_MUM_02,Mumbai,RESIDENTIAL,52.3,85.0,87.7,CCS2,120.0,True,28.68,27.7,16.73,19.56,1.169,0.25,6.0,NORMAL,False,False,MORNING,False
CHG_2E95D3E051,2026-08-13 07:11:22,2026-08-13 07:11:22,2026-08-13 08:37:21,JNY_357672755,USR_28085,STN_BLR_01,Bengaluru,OFFICE,42.6,80.0,72.3,TYPE2_AC,22.0,False,27.04,26.28,81.94,85.99,1.049,0.75,0.0,NORMAL,False,False,MORNING,False
CHG_D890FC689A,2026-08-13 07:17:32,2026-08-13 07:17:32,2026-08-13 07:49:04,JNY_893008280,USR_29589,STN_BLR_01,Bengaluru,OFFICE,36.1,90.0,88.4,CCS2,120.0,True,47.65,45.68,29.12,31.54,1.083,1.0,0.0,NORMAL,False,False,MORNING,False
CHG_46EE50F804,2026-08-13 07:21:02,2026-08-13 07:21:02,2026-08-13 07:38:11,JNY_187107907,USR_40950,STN_GGN_01,Gurugram,OFFICE,49.4,85.0,84.2,CCS2,120.0,True,29.98,28.72,17.49,17.15,0.981,0.75,0.0,NORMAL,False,False,MORNING,False
CHG_D0C63C8FC7,2026-08-13 07:26:23,2026-08-13 07:26:23,2026-08-13 10:15:59,JNY_910577544,USR_96529,STN_JPR_02,Jaipur,HIGHWAY,39.8,95.0,76.2,TYPE2_AC,22.0,False,42.06,40.72,146.58,169.61,1.157,0.4,10.0,NORMAL,False,False,MORNING,False
CHG_F74BED5486,2026-08-13 07:26:59,2026-08-13 07:26:59,2026-08-13 08:51:04,JNY_626751598,USR_52172,STN_JPR_01,Jaipur,MALL,34.3,85.0,59.2,CHAdeMO,50.0,True,30.01,28.49,42.02,84.09,2.001,0.6,5.0,CHARGER_FAULT,True,True,MORNING,False
CHG_0A02DA55BF,2026-08-13 07:28:46,2026-08-13 07:28:46,2026-08-13 08:14:10,JNY_573762945,USR_49897,STN_MUM_01,Mumbai,MALL,26.5,95.0,69.3,CHAdeMO,100.0,True,47.47,45.55,36.39,45.41,1.248,0.4,10.0,NORMAL,False,False,MORNING,False
CHG_0A6D0C765D,2026-08-13 07:29:50,2026-08-13 07:29:50,2026-08-13 08:15:12,JNY_431846672,USR_52223,STN_DEL_03,Delhi,HIGHWAY,18.7,85.0,81.7,CCS2,90.0,True,54.17,52.58,42.13,45.38,1.077,0.6,0.0,NORMAL,False,False,MORNING,False
CHG_0009590F42,2026-08-13 07:30:28,2026-08-13 07:30:28,2026-08-13 08:19:49,JNY_705020414,USR_96005,STN_DEL_01,Delhi,MALL,20.3,85.0,85.9,CCS2,90.0,True,55.58,53.97,43.23,49.35,1.142,0.4,0.0,NORMAL,False,False,MORNING,False
CHG_25D981C183,2026-08-13 07:33:59,2026-08-13 07:33:59,2026-08-13 09:02:20,JNY_314485768,USR_69706,STN_DEL_02,Delhi,OFFICE,43.8,85.0,69.4,TYPE2_AC,22.0,False,28.59,27.54,90.98,88.35,0.971,1.0,0.0,NORMAL,False,False,MORNING,False
CHG_D68ABC66B3,2026-08-13 07:37:02,2026-08-13 07:37:02,2026-08-13 08:13:09,JNY_818169134,USR_53801,STN_GGN_01,Gurugram,OFFICE,38.2,85.0,65.7,CCS2,60.0,True,30.75,30.43,35.87,36.12,1.007,1.0,0.0,NORMAL,False,False,MORNING,False
CHG_41DD752D77,2026-08-13 07:37:42,2026-08-13 07:37:42,2026-08-13 07:51:30,JNY_856885038,USR_58101,STN_DEL_02,Delhi,OFFICE,57.1,80.0,67.6,CHAdeMO,75.0,True,15.48,15.13,13.76,13.82,1.004,0.75,4.0,NORMAL,False,False,MORNING,False
CHG_2B70CF4674,2026-08-13 07:49:50,2026-08-13 07:49:50,2026-08-13 13:49:50,JNY_242792668,USR_17378,STN_DEL_01,Delhi,MALL,27.3,90.0,87.3,TYPE2_AC,11.0,False,54.74,52.61,364.91,360.0,0.987,0.6,0.0,NORMAL,False,False,MORNING,False
CHG_36E8C0696F,2026-08-13 07:53:28,2026-08-13 07:53:28,2026-08-13 13:53:28,JNY_398998386,USR_71976,STN_DEL_03,Delhi,HIGHWAY,23.7,80.0,82.8,TYPE2_AC,7.2,False,46.62,44.11,431.63,360.0,0.834,0.4,0.0,NORMAL,False,False,MORNING,False
CHG_C640A87120,2026-08-13 07:55:43,2026-08-13 07:55:43,2026-08-13 13:43:12,JNY_884753305,USR_62856,STN_DEL_01,Delhi,MALL,40.5,85.0,90.0,TYPE2_AC,11.0,False,40.05,37.93,254.86,347.49,1.363,0.2,7.0,NORMAL,False,False,MORNING,False
CHG_DD02E13413,2026-08-13 07:58:19,2026-08-13 07:58:19,2026-08-13 08:25:45,JNY_850504087,USR_93927,STN_BLR_01,Bengaluru,OFFICE,27.3,80.0,71.3,CCS2,90.0,True,37.58,34.66,27.83,27.45,0.986,1.0,0.0,NORMAL,False,False,MORNING,False
CHG_D584C59293,2026-08-13 07:58:47,2026-08-13 07:58:47,2026-08-13 08:19:19,JNY_211235054,USR_82570,STN_BLR_01,Bengaluru,OFFICE,27.0,80.0,67.3,CCS2,120.0,True,35.67,34.38,19.82,20.55,1.037,1.0,0.0,NORMAL,False,False,MORNING,False
CHG_963E2E0E29,2026-08-13 08:02:47,2026-08-13 08:02:47,2026-08-13 08:53:01,JNY_863675771,USR_12184,STN_JPR_02,Jaipur,HIGHWAY,26.6,80.0,90.0,CCS2,120.0,True,48.06,45.75,26.7,50.25,1.882,0.6,0.0,CHARGER_FAULT,True,True,MORNING,False
CHG_0B0BF62486,2026-08-13 08:12:01,2026-08-13 08:12:01,2026-08-13 08:55:29,JNY_474074493,USR_29741,STN_MUM_01,Mumbai,MALL,22.4,85.0,73.9,CCS2,90.0,True,46.26,45.34,35.98,43.47,1.208,0.2,4.0,NORMAL,False,False,MORNING,False
CHG_37FD7A943B,2026-08-13 08:14:45,2026-08-13 08:14:45,2026-08-13 10:54:39,JNY_652684562,USR_56947,STN_BLR_01,Bengaluru,OFFICE,23.3,85.0,81.7,TYPE2_AC,22.0,False,50.41,47.27,160.39,159.9,0.997,1.0,0.0,NORMAL,False,False,MORNING,False
CHG_782DBB8BD8,2026-08-13 08:15:57,2026-08-13 08:15:57,2026-08-13 12:15:29,JNY_410364823,USR_76192,STN_DEL_02,Delhi,OFFICE,39.3,85.0,83.7,TYPE2_AC,11.0,False,38.25,35.6,243.41,239.55,0.984,1.0,0.0,NORMAL,False,False,MORNING,False
CHG_36FE24A810,2026-08-13 08:16:08,2026-08-13 08:16:08,2026-08-13 08:41:52,JNY_827230851,USR_58167,STN_GGN_01,Gurugram,OFFICE,15.4,80.0,78.7,CCS2,150.0,True,50.84,48.68,22.6,25.74,1.139,1.0,4.0,NORMAL,False,False,MORNING,False
CHG_76A3037A16,2026-08-13 08:16:59,2026-08-13 08:16:59,2026-08-13 13:08:33,JNY_983244307,USR_11624,STN_JPR_01,Jaipur,MALL,30.3,80.0,90.0,TYPE2_AC,11.0,False,44.73,42.86,271.09,291.57,1.076,0.6,0.0,NORMAL,False,False,MORNING,False
CHG_E8217998D3,2026-08-13 08:18:56,2026-08-13 08:18:56,2026-08-13 08:44:25,JNY_737883550,USR_71877,STN_DEL_03,Delhi,HIGHWAY,39.6,90.0,70.0,CHAdeMO,100.0,True,35.28,33.32,25.87,25.5,0.985,0.8,0.0,NORMAL,False,False,MORNING,False
CHG_21AE35C101,2026-08-13 08:21:05,2026-08-13 08:21:05,2026-08-13 08:41:20,JNY_461411444,USR_94637,STN_BLR_01,Bengaluru,OFFICE,34.1,85.0,66.8,CCS2,120.0,True,34.0,32.5,19.83,20.25,1.021,0.5,0.0,NORMAL,False,False,MORNING,False
CHG_1C4D64E15C,2026-08-13 08:23:48,2026-08-13 08:23:48,2026-08-13 09:10:13,JNY_537780430,USR_62445,STN_BLR_01,Bengaluru,OFFICE,28.0,80.0,86.3,CCS2,60.0,True,44.88,42.82,49.86,46.43,0.931,1.0,0.0,NORMAL,False,False,MORNING,False
CHG_EAB84C217B,2026-08-13 08:23:55,2026-08-13 08:23:55,2026-08-13 09:58:57,JNY_530302377,USR_75276,STN_DEL_01,Delhi,MALL,25.9,90.0,84.3,CHAdeMO,50.0,True,54.04,52.04,79.25,95.05,1.199,0.2,4.0,NORMAL,False,False,MORNING,False
CHG_AA557A4189,2026-08-13 08:27:36,2026-08-13 08:27:36,2026-08-13 08:58:15,JNY_479740578,USR_24875,STN_JPR_01,Jaipur,MALL,19.7,80.0,59.6,CCS2,90.0,True,35.94,34.96,26.62,30.66,1.152,0.6,3.0,NORMAL,False,False,MORNING,False
CHG_CA01CC1C89,2026-08-13 08:34:18,2026-08-13 08:34:18,2026-08-13 12:22:49,JNY_715485871,USR_92062,STN_GGN_02,Gurugram,MALL,21.5,80.0,67.0,TYPE2_AC,11.0,False,39.2,37.98,237.55,228.52,0.962,0.6,0.0,NORMAL,False,False,MORNING,False
CHG_4A27876C02,2026-08-13 08:42:51,2026-08-13 08:42:51,2026-08-13 11:11:29,JNY_565226578,USR_29310,STN_MUM_02,Mumbai,RESIDENTIAL,36.1,90.0,87.0,TYPE2_AC,22.0,False,46.89,45.06,156.31,148.65,0.951,1.0,0.0,NORMAL,False,False,MORNING,False
CHG_7DA917A83F,2026-08-13 08:44:38,2026-08-13 08:44:38,2026-08-13 09:39:34,JNY_801180216,USR_53676,STN_DEL_02,Delhi,OFFICE,21.5,90.0,77.0,CHAdeMO,75.0,True,52.74,50.94,51.57,54.94,1.065,1.0,0.0,NORMAL,False,False,MORNING,False
CHG_507ABE953E,2026-08-13 08:46:40,2026-08-13 08:46:40,2026-08-13 09:34:14,JNY_452459675,USR_94862,STN_DEL_01,Delhi,MALL,19.3,90.0,75.6,CCS2,120.0,True,53.45,51.38,32.66,47.58,1.457,0.0,17.0,NORMAL,False,False,MORNING,False
CHG_999C64055D,2026-08-13 08:48:23,2026-08-13 08:48:23,2026-08-13 09:02:58,JNY_941948607,USR_18385,STN_DEL_03,Delhi,HIGHWAY,46.8,85.0,69.0,CCS2,150.0,True,26.36,26.03,12.3,14.59,1.186,0.2,5.0,NORMAL,False,False,MORNING,False
CHG_6E7EF9080F,2026-08-13 08:50:09,2026-08-13 08:50:09,2026-08-13 09:15:09,JNY_198925504,USR_66742,STN_GGN_02,Gurugram,MALL,48.7,85.0,84.5,CCS2,90.0,True,30.67,29.17,23.86,25.01,1.048,0.4,0.0,NORMAL,False,False,MORNING,False
CHG_9381C4B4D8,2026-08-13 08:50:23,2026-08-13 08:50:23,2026-08-13 09:31:17,JNY_287059292,USR_49710,STN_DEL_03,Delhi,HIGHWAY,29.6,95.0,90.0,CCS2,120.0,True,58.86,55.73,37.6,40.9,1.088,0.2,3.0,NORMAL,False,False,MORNING,False
CHG_D581164C58,2026-08-13 09:02:10,2026-08-13 09:02:10,2026-08-13 09:16:21,JNY_848842453,USR_91166,STN_DEL_01,Delhi,MALL,50.7,85.0,72.1,CCS2,120.0,True,24.73,23.51,14.43,14.2,0.984,0.4,0.0,NORMAL,False,False,MORNING,False
CHG_C608D9A142,2026-08-13 09:04:57,2026-08-13 09:04:57,2026-08-13 09:44:47,JNY_543474725,USR_50784,STN_MUM_02,Mumbai,RESIDENTIAL,15.9,85.0,66.1,CCS2,90.0,True,45.68,44.16,35.53,39.84,1.121,1.0,3.0,NORMAL,False,False,MORNING,False
CHG_BF13C61816,2026-08-13 09:05:20,2026-08-13 09:05:20,2026-08-13 09:37:53,JNY_485599800,USR_73589,STN_MUM_01,Mumbai,MALL,35.7,95.0,59.1,CCS2,120.0,True,35.05,33.78,22.39,32.57,1.454,0.2,24.0,NORMAL,False,False,MORNING,False
CHG_17B09B4B19,2026-08-13 09:05:45,2026-08-13 09:05:45,2026-08-13 09:40:43,JNY_163544873,USR_84331,STN_GGN_02,Gurugram,MALL,28.0,80.0,81.3,CCS2,90.0,True,42.28,41.01,31.32,34.97,1.117,0.6,0.0,MINOR_SLOWDOWN,True,False,MORNING,False
CHG_8699E73096,2026-08-13 09:06:15,2026-08-13 09:06:15,2026-08-13 11:05:23,JNY_107090540,USR_73078,STN_DEL_03,Delhi,HIGHWAY,48.2,90.0,64.4,TYPE2_AC,22.0,False,26.92,26.69,89.73,119.14,1.328,0.2,9.0,NORMAL,False,False,MORNING,False
CHG_E7ED84E97D,2026-08-13 09:08:32,2026-08-13 09:08:32,2026-08-13 09:38:35,JNY_391139466,USR_72063,STN_BLR_01,Bengaluru,OFFICE,18.0,85.0,71.5,CCS2,120.0,True,47.91,45.75,27.94,30.05,1.075,0.75,0.0,NORMAL,False,False,MORNING,False
CHG_7AFF87D06D,2026-08-13 09:08:42,2026-08-13 09:08:42,2026-08-13 09:47:24,JNY_934959542,USR_71009,STN_JPR_01,Jaipur,MALL,44.9,90.0,59.2,CCS2,60.0,True,26.7,25.75,32.63,38.7,1.186,0.2,2.0,NORMAL,False,False,MORNING,False
CHG_2028BF8E45,2026-08-13 09:10:21,2026-08-13 09:10:21,2026-08-13 09:29:29,JNY_816065816,USR_47614,STN_JPR_02,Jaipur,HIGHWAY,43.8,90.0,78.3,CCS2,150.0,True,36.17,34.8,17.69,19.15,1.083,0.4,0.0,NORMAL,False,False,MORNING,False
CHG_E2AB879AE9,2026-08-13 09:12:45,2026-08-13 09:12:45,2026-08-13 09:51:34,JNY_507029385,USR_98250,STN_DEL_01,Delhi,MALL,18.8,80.0,86.7,CCS2,120.0,True,53.06,50.28,29.48,38.83,1.317,0.2,9.0,NORMAL,False,False,MORNING,False
CHG_C33A782E99,2026-08-13 09:13:03,2026-08-13 09:13:03,2026-08-13 11:56:48,JNY_709303815,USR_51388,STN_MUM_02,Mumbai,RESIDENTIAL,36.7,90.0,84.3,TYPE2_AC,22.0,False,44.93,42.41,149.77,163.76,1.093,0.75,0.0,NORMAL,False,False,MORNING,False
CHG_C26E3B9889,2026-08-13 09:16:00,2026-08-13 09:16:00,2026-08-13 09:49:28,JNY_387617854,USR_42192,STN_DEL_03,Delhi,HIGHWAY,28.5,80.0,72.1,CCS2,90.0,True,37.13,35.79,27.5,33.47,1.217,0.2,8.0,NORMAL,False,False,MORNING,False
CHG_745D33D26F,2026-08-13 09:17:31,2026-08-13 09:17:31,2026-08-13 10:43:13,JNY_577283916,USR_33202,STN_MUM_01,Mumbai,MALL,15.4,90.0,71.9,CHAdeMO,50.0,True,53.64,51.16,78.67,85.71,1.089,0.4,0.0,NORMAL,False,False,MORNING,False
CHG_8DF5FC77F8,2026-08-13 09:18:03,2026-08-13 09:18:03,2026-08-13 09:51:15,JNY_182812279,USR_64166,STN_DEL_02,Delhi,OFFICE,38.5,85.0,76.6,CHAdeMO,75.0,True,35.62,33.21,33.24,33.21,0.999,0.75,0.0,NORMAL,False,False,MORNING,False
CHG_3DBD6715D0,2026-08-13 09:28:57,2026-08-13 09:28:57,2026-08-13 09:58:49,JNY_950863187,USR_41777,STN_MUM_01,Mumbai,MALL,51.4,90.0,82.4,CHAdeMO,75.0,True,31.81,30.75,31.1,29.87,0.96,1.0,0.0,NORMAL,False,False,MORNING,False
CHG_382343987E,2026-08-13 09:29:27,2026-08-13 09:29:27,2026-08-13 09:57:59,JNY_433619446,USR_67692,STN_MUM_01,Mumbai,MALL,24.4,80.0,72.1,CHAdeMO,100.0,True,40.09,37.47,26.73,28.55,1.068,0.6,0.0,NORMAL,False,False,MORNING,False
CHG_EA74884F43,2026-08-13 09:38:11,2026-08-13 09:38:11,2026-08-13 09:50:08,JNY_907885915,USR_16918,STN_MUM_01,Mumbai,MALL,38.7,80.0,64.8,CCS2,150.0,True,26.76,25.71,11.89,11.96,1.005,0.6,0.0,NORMAL,False,False,MORNING,False
CHG_3AA6EDBBD9,2026-08-13 09:50:10,2026-08-13 09:50:10,2026-08-13 10:34:54,JNY_802150128,USR_69247,STN_DEL_01,Delhi,MALL,19.4,85.0,84.7,CCS2,90.0,True,55.56,52.75,43.22,44.74,1.035,0.6,0.0,NORMAL,False,False,MORNING,False
CHG_DE5D3092A7,2026-08-13 09:54:05,2026-08-13 09:54:05,2026-08-13 15:29:24,JNY_351914302,USR_10331,STN_GGN_02,Gurugram,MALL,37.1,95.0,56.7,TYPE2_AC,7.2,False,32.83,31.2,349.57,335.32,0.959,0.6,0.0,NORMAL,False,False,MORNING,False
CHG_4623A705C5,2026-08-13 09:56:09,2026-08-13 09:56:09,2026-08-13 10:38:38,JNY_621087388,USR_64960,STN_JPR_01,Jaipur,MALL,30.6,95.0,76.5,CCS2,90.0,True,49.27,46.9,41.97,42.49,1.012,0.8,0.0,NORMAL,False,False,MORNING,False
CHG_A2CFC88C70,2026-08-13 09:58:59,2026-08-13 09:58:59,2026-08-13 13:23:50,JNY_852525579,USR_88191,STN_DEL_02,Delhi,OFFICE,26.6,85.0,88.6,TYPE2_AC,22.0,False,51.74,48.09,164.63,204.85,1.244,0.25,2.0,NORMAL,False,False,MORNING,False
CHG_B8841AEF46,2026-08-13 10:12:44,2026-08-13 10:12:44,2026-08-13 10:39:01,JNY_668740940,USR_66066,STN_JPR_02,Jaipur,HIGHWAY,36.5,85.0,76.6,CCS2,120.0,True,37.15,35.75,21.67,26.29,1.213,0.2,3.0,NORMAL,False,False,MORNING,False
CHG_A1F43ABE58,2026-08-13 10:15:52,2026-08-13 10:15:52,2026-08-13 10:37:49,JNY_989104265,USR_92808,STN_MUM_02,Mumbai,RESIDENTIAL,31.5,90.0,62.1,CCS2,120.0,True,36.33,35.32,22.2,21.97,0.989,0.75,0.0,NORMAL,False,False,MORNING,False
CHG_5C2AACA2D3,2026-08-13 10:17:47,2026-08-13 10:17:47,2026-08-13 13:14:49,JNY_802447516,USR_99962,STN_JPR_02,Jaipur,HIGHWAY,28.5,90.0,77.8,TYPE2_AC,22.0,False,47.85,44.93,159.49,177.05,1.11,0.4,0.0,NORMAL,False,False,MORNING,False
CHG_EBE6BB3217,2026-08-13 10:17:52,2026-08-13 10:17:52,2026-08-13 10:32:35,JNY_513340166,USR_99937,STN_DEL_01,Delhi,MALL,46.1,85.0,61.6,CCS2,120.0,True,23.96,22.97,13.98,14.72,1.053,0.6,0.0,NORMAL,False,False,MORNING,False
CHG_EF2E989FC9,2026-08-13 10:20:43,2026-08-13 10:20:43,2026-08-13 10:49:30,JNY_600690548,USR_84692,STN_JPR_02,Jaipur,HIGHWAY,46.6,80.0,79.5,CCS2,90.0,True,26.55,25.31,19.67,28.79,1.464,0.4,2.0,POWER_LIMITATION,True,False,MORNING,False
CHG_E58F82A8D0,2026-08-13 10:32:43,2026-08-13 10:32:43,2026-08-13 10:45:37,JNY_210468065,USR_95731,STN_JPR_02,Jaipur,HIGHWAY,54.9,85.0,88.3,CCS2,150.0,True,26.58,25.88,12.4,12.91,1.041,0.6,4.0,NORMAL,False,False,MORNING,False
CHG_606AB96676,2026-08-13 10:35:53,2026-08-13 10:35:53,2026-08-13 13:37:02,JNY_366747626,USR_63262,STN_BLR_01,Bengaluru,OFFICE,49.8,80.0,81.3,TYPE2_AC,11.0,False,24.55,24.1,148.8,181.16,1.217,0.25,3.0,NORMAL,False,False,MORNING,False
CHG_09E9CD5D13,2026-08-13 10:36:02,2026-08-13 10:36:02,2026-08-13 11:16:26,JNY_212570416,USR_19007,STN_BLR_01,Bengaluru,OFFICE,31.6,85.0,64.4,CCS2,60.0,True,34.39,33.02,40.12,40.41,1.007,0.5,0.0,NORMAL,False,False,MORNING,False
CHG_82B2FBDBE6,2026-08-13 10:40:40,2026-08-13 10:40:40,2026-08-13 11:07:36,JNY_828482609,USR_69068,STN_MUM_02,Mumbai,RESIDENTIAL,30.7,80.0,63.5,CHAdeMO,75.0,True,31.31,30.51,27.83,26.95,0.968,0.75,0.0,NORMAL,False,False,MORNING,False
CHG_341F7DC1F0,2026-08-13 10:40:56,2026-08-13 10:40:56,2026-08-13 10:54:52,JNY_850587071,USR_22236,STN_GGN_01,Gurugram,OFFICE,40.3,80.0,78.5,CCS2,150.0,True,31.16,29.75,13.85,13.93,1.006,0.5,0.0,NORMAL,False,False,MORNING,False
CHG_D9C273BAF0,2026-08-13 10:48:41,2026-08-13 10:48:41,2026-08-13 11:00:50,JNY_166714273,USR_77076,STN_DEL_01,Delhi,MALL,39.5,80.0,62.8,CCS2,150.0,True,25.43,24.27,11.3,12.17,1.076,0.4,3.0,NORMAL,False,False,MORNING,False
CHG_E8C24B35EC,2026-08-13 10:48:49,2026-08-13 10:48:49,2026-08-13 12:05:38,JNY_692838219,USR_47107,STN_GGN_02,Gurugram,MALL,31.7,85.0,89.5,CCS2,60.0,True,47.7,44.99,55.65,76.82,1.38,0.2,7.0,MINOR_SLOWDOWN,True,False,MORNING,False
CHG_BD09C0CF99,2026-08-13 10:49:02,2026-08-13 10:49:02,2026-08-13 11:06:41,JNY_662109425,USR_80733,STN_DEL_03,Delhi,HIGHWAY,42.4,80.0,77.0,CCS2,120.0,True,28.95,27.71,16.08,17.66,1.098,1.0,0.0,NORMAL,False,False,MORNING,False
CHG_75899B8B32,2026-08-13 10:49:42,2026-08-13 10:49:42,2026-08-13 11:44:42,JNY_279751862,USR_15001,STN_GGN_01,Gurugram,OFFICE,28.1,80.0,90.0,CHAdeMO,75.0,True,46.71,45.42,41.52,55.01,1.325,0.5,9.0,NORMAL,False,False,MORNING,False
CHG_34E845CF0F,2026-08-13 10:54:41,2026-08-13 10:54:41,2026-08-13 11:23:28,JNY_405697946,USR_91152,STN_MUM_02,Mumbai,RESIDENTIAL,31.9,85.0,87.6,CCS2,120.0,True,46.52,44.55,27.13,28.8,1.061,1.0,0.0,NORMAL,False,False,MORNING,False
CHG_8FDF54335E,2026-08-13 10:55:56,2026-08-13 10:55:56,2026-08-13 11:33:59,JNY_695808044,USR_82448,STN_JPR_01,Jaipur,MALL,25.9,85.0,58.8,CCS2,90.0,True,34.75,33.89,27.03,38.06,1.408,0.2,10.0,NORMAL,False,False,MORNING,False
CHG_7EEF00B442,2026-08-13 11:03:47,2026-08-13 11:03:47,2026-08-13 11:32:10,JNY_564133259,USR_99870,STN_GGN_02,Gurugram,MALL,17.8,80.0,88.5,CCS2,120.0,True,55.05,52.12,30.58,28.38,0.928,0.8,0.0,NORMAL,False,False,MORNING,False
CHG_F4C8BC3BBA,2026-08-13 11:04:28,2026-08-13 11:04:28,2026-08-13 11:50:47,JNY_377896727,USR_26332,STN_DEL_02,Delhi,OFFICE,20.1,80.0,65.6,CCS2,90.0,True,39.29,37.44,29.11,46.33,1.592,0.25,17.0,MINOR_SLOWDOWN,True,True,MORNING,False
CHG_9CF9A1705A,2026-08-13 11:16:31,2026-08-13 11:16:31,2026-08-13 11:35:34,JNY_931268984,USR_68141,STN_JPR_02,Jaipur,HIGHWAY,42.9,85.0,64.8,CCS2,120.0,True,27.28,26.42,15.91,19.06,1.198,0.4,11.0,NORMAL,False,False,MORNING,False
CHG_1CF655E303,2026-08-13 11:20:11,2026-08-13 11:20:11,2026-08-13 16:30:29,JNY_592423295,USR_59854,STN_GGN_02,Gurugram,MALL,26.2,80.0,84.4,TYPE2_AC,11.0,False,45.41,43.91,275.2,310.32,1.128,0.2,4.0,NORMAL,False,False,MORNING,False
CHG_2DB15C2394,2026-08-13 11:21:48,2026-08-13 11:21:48,2026-08-13 12:11:05,JNY_206939262,USR_94319,STN_MUM_01,Mumbai,MALL,26.1,85.0,90.0,CCS2,90.0,True,53.01,50.57,41.23,49.29,1.195,0.4,5.0,NORMAL,False,False,MORNING,False
CHG_68E2A63211,2026-08-13 11:24:47,2026-08-13 11:24:47,2026-08-13 15:51:59,JNY_723213847,USR_53012,STN_MUM_02,Mumbai,RESIDENTIAL,35.0,85.0,84.7,TYPE2_AC,11.0,False,42.35,40.86,269.5,267.21,0.991,0.75,0.0,NORMAL,False,False,MORNING,False
CHG_61935C848D,2026-08-13 11:26:05,2026-08-13 11:26:05,2026-08-13 11:43:47,JNY_865183113,USR_88801,STN_MUM_01,Mumbai,MALL,42.0,80.0,88.6,CCS2,120.0,True,33.67,32.84,18.7,17.72,0.947,0.8,0.0,NORMAL,False,False,MORNING,False
CHG_F7DDF325DE,2026-08-13 11:27:33,2026-08-13 11:27:33,2026-08-13 11:42:32,JNY_988217054,USR_91460,STN_MUM_01,Mumbai,MALL,48.1,90.0,70.0,CCS2,150.0,True,29.33,28.38,14.34,14.98,1.045,0.6,0.0,NORMAL,False,False,MORNING,False
CHG_3D03153551,2026-08-13 11:30:37,2026-08-13 11:30:37,2026-08-13 12:24:44,JNY_546389578,USR_10241,STN_JPR_01,Jaipur,MALL,13.4,85.0,63.7,CCS2,60.0,True,45.61,43.55,53.21,54.12,1.017,0.6,0.0,NORMAL,False,False,MORNING,False
CHG_A090799253,2026-08-13 11:35:05,2026-08-13 11:35:05,2026-08-13 12:17:49,JNY_611295228,USR_84137,STN_MUM_02,Mumbai,RESIDENTIAL,31.0,85.0,65.3,CCS2,60.0,True,35.26,33.91,41.14,42.75,1.039,0.75,0.0,NORMAL,False,False,MORNING,False
CHG_6D19E42CA2,2026-08-13 11:36:20,2026-08-13 11:36:20,2026-08-13 11:54:34,JNY_861600322,USR_18556,STN_MUM_01,Mumbai,MALL,38.0,90.0,58.4,CCS2,120.0,True,30.37,29.37,18.56,18.24,0.983,0.6,0.0,NORMAL,False,False,MORNING,False
CHG_4B1345B0D9,2026-08-13 11:44:09,2026-08-13 11:44:09,2026-08-13 12:33:17,JNY_738338855,USR_19195,STN_GGN_01,Gurugram,OFFICE,23.3,95.0,63.6,CHAdeMO,75.0,True,45.6,43.22,46.61,49.14,1.054,0.5,0.0,NORMAL,False,False,MORNING,False
CHG_64C8260610,2026-08-13 11:44:34,2026-08-13 11:44:34,2026-08-13 12:17:33,JNY_144588621,USR_75054,STN_GGN_02,Gurugram,MALL,22.5,95.0,79.9,CCS2,150.0,True,57.93,55.56,29.61,32.99,1.114,0.2,2.0,NORMAL,False,False,MORNING,False
CHG_EFC1BB30D3,2026-08-13 11:45:09,2026-08-13 11:45:09,2026-08-13 17:26:05,JNY_117736130,USR_65279,STN_GGN_01,Gurugram,OFFICE,40.7,80.0,67.4,TYPE2_AC,7.2,False,26.49,25.5,245.26,340.95,1.39,0.25,10.0,NORMAL,False,False,MORNING,False
CHG_4AFCA74664,2026-08-13 11:49:13,2026-08-13 11:49:13,2026-08-13 12:08:28,JNY_427333261,USR_23731,STN_DEL_02,Delhi,OFFICE,50.9,90.0,62.6,CCS2,120.0,True,24.48,23.41,14.96,19.26,1.288,0.25,4.0,NORMAL,False,False,MORNING,False
CHG_01AAB53E24,2026-08-13 11:49:43,2026-08-13 11:49:43,2026-08-13 15:13:47,JNY_815877635,USR_36374,STN_GGN_01,Gurugram,OFFICE,27.0,85.0,89.6,TYPE2_AC,22.0,False,51.97,48.4,165.35,204.08,1.234,0.25,5.0,NORMAL,False,False,MORNING,False
CHG_68EC68B18E,2026-08-13 11:52:38,2026-08-13 11:52:38,2026-08-13 15:14:48,JNY_752851998,USR_63310,STN_JPR_02,Jaipur,HIGHWAY,40.4,85.0,63.8,TYPE2_AC,11.0,False,28.45,27.07,181.08,202.18,1.117,0.4,0.0,NORMAL,False,False,MORNING,False
CHG_FCD8388878,2026-08-13 11:54:30,2026-08-13 11:54:30,2026-08-13 13:16:25,JNY_609969822,USR_83096,STN_BLR_01,Bengaluru,OFFICE,24.7,90.0,87.7,CHAdeMO,50.0,True,57.27,54.94,83.99,81.93,0.975,1.0,0.0,NORMAL,False,False,MORNING,False
CHG_7D27397247,2026-08-13 11:55:31,2026-08-13 11:55:31,2026-08-13 12:10:49,JNY_945438221,USR_43212,STN_BLR_01,Bengaluru,OFFICE,42.4,85.0,70.1,CCS2,150.0,True,29.86,28.38,13.94,15.3,1.098,0.5,0.0,NORMAL,False,False,MORNING,False
CHG_AD02177832,2026-08-13 11:59:31,2026-08-13 11:59:31,2026-08-13 12:19:02,JNY_988591622,USR_83910,STN_GGN_02,Gurugram,MALL,54.5,80.0,58.5,CHAdeMO,50.0,True,14.92,13.78,19.89,19.53,0.982,0.6,1.0,NORMAL,False,False,MORNING,False
CHG_87C8B25165,2026-08-13 12:01:27,2026-08-13 12:01:27,2026-08-13 13:03:43,JNY_702354542,USR_31111,STN_BLR_01,Bengaluru,OFFICE,27.5,85.0,62.6,CCS2,90.0,True,35.99,34.26,28.0,62.27,2.224,0.0,38.0,POWER_LIMITATION,True,True,AFTERNOON,False
CHG_F5192A55A0,2026-08-13 12:01:46,2026-08-13 12:01:46,2026-08-13 12:30:04,JNY_406538596,USR_90335,STN_JPR_02,Jaipur,HIGHWAY,35.8,90.0,63.9,CCS2,90.0,True,34.63,34.0,28.22,28.31,1.003,0.8,0.0,NORMAL,False,False,AFTERNOON,False
CHG_F99485918F,2026-08-13 12:02:56,2026-08-13 12:02:56,2026-08-13 12:44:08,JNY_911774596,USR_16737,STN_JPR_02,Jaipur,HIGHWAY,13.9,80.0,66.6,CHAdeMO,75.0,True,44.02,42.8,39.13,41.22,1.053,0.6,0.0,NORMAL,False,False,AFTERNOON,False
CHG_C34A3565AF,2026-08-13 12:06:01,2026-08-13 12:06:01,2026-08-13 12:32:50,JNY_169925553,USR_94972,STN_MUM_01,Mumbai,MALL,26.3,80.0,75.0,CCS2,150.0,True,40.27,38.16,17.9,26.83,1.499,0.4,8.0,POWER_LIMITATION,True,False,AFTERNOON,False
CHG_9F36609523,2026-08-13 12:07:10,2026-08-13 12:07:10,2026-08-13 14:26:43,JNY_233782791,USR_47230,STN_DEL_02,Delhi,OFFICE,21.4,80.0,77.8,TYPE2_AC,22.0,False,45.59,42.86,138.15,139.55,1.01,0.5,0.0,NORMAL,False,False,AFTERNOON,False
CHG_0167CE2F86,2026-08-13 12:12:40,2026-08-13 12:12:40,2026-08-13 12:39:01,JNY_449233843,USR_48244,STN_MUM_01,Mumbai,MALL,33.6,90.0,73.8,CCS2,120.0,True,41.62,39.71,25.44,26.36,1.036,0.6,0.0,NORMAL,False,False,AFTERNOON,False
CHG_6C7663E78A,2026-08-13 12:14:46,2026-08-13 12:14:46,2026-08-13 14:25:52,JNY_206600748,USR_51744,STN_MUM_02,Mumbai,RESIDENTIAL,36.9,85.0,80.6,TYPE2_AC,22.0,False,38.77,38.35,123.35,131.11,1.063,0.75,0.0,NORMAL,False,False,AFTERNOON,False
CHG_9D4555E47D,2026-08-13 12:20:13,2026-08-13 12:20:13,2026-08-13 12:49:30,JNY_417401964,USR_75195,STN_JPR_02,Jaipur,HIGHWAY,16.0,90.0,69.1,CCS2,120.0,True,51.13,47.71,31.25,29.29,0.937,0.6,1.0,NORMAL,False,False,AFTERNOON,False
CHG_E0E0EC6848,2026-08-13 12:21:11,2026-08-13 12:21:11,2026-08-13 15:22:25,JNY_222362101,USR_54021,STN_MUM_01,Mumbai,MALL,27.2,90.0,81.6,TYPE2_AC,22.0,False,51.24,48.87,170.82,181.24,1.061,0.4,0.0,NORMAL,False,False,AFTERNOON,False
CHG_F989CDA1C5,2026-08-13 12:26:54,2026-08-13 12:26:54,2026-08-13 12:56:51,JNY_182507687,USR_74112,STN_MUM_02,Mumbai,RESIDENTIAL,32.5,85.0,65.7,CHAdeMO,100.0,True,34.49,33.43,24.14,29.96,1.241,1.0,0.0,MINOR_SLOWDOWN,True,False,AFTERNOON,False
CHG_A0B990EF69,2026-08-13 12:29:05,2026-08-13 12:29:05,2026-08-13 12:47:20,JNY_210799763,USR_94924,STN_DEL_03,Delhi,HIGHWAY,41.8,80.0,64.0,CCS2,90.0,True,24.45,23.13,18.11,18.27,1.009,0.4,0.0,NORMAL,False,False,AFTERNOON,False
CHG_BEE6C715AB,2026-08-13 12:32:15,2026-08-13 12:32:15,2026-08-13 14:34:09,JNY_879745923,USR_16297,STN_BLR_01,Bengaluru,OFFICE,35.1,80.0,81.6,TYPE2_AC,22.0,False,36.64,34.72,111.03,121.9,1.098,0.25,3.0,NORMAL,False,False,AFTERNOON,False
CHG_F2C291F011,2026-08-13 12:34:35,2026-08-13 12:34:35,2026-08-13 13:04:37,JNY_636138272,USR_22059,STN_BLR_01,Bengaluru,OFFICE,24.8,80.0,84.4,CHAdeMO,100.0,True,46.59,45.1,31.06,30.05,0.967,0.5,0.0,NORMAL,False,False,AFTERNOON,False
CHG_5743840E11,2026-08-13 12:35:00,2026-08-13 12:35:00,2026-08-13 13:56:17,JNY_716123395,USR_12298,STN_JPR_01,Jaipur,MALL,13.0,85.0,77.7,CHAdeMO,50.0,True,55.94,54.33,78.32,81.29,1.038,0.8,0.0,NORMAL,False,False,AFTERNOON,False
CHG_C9EDBB93E2,2026-08-13 12:36:06,2026-08-13 12:36:06,2026-08-13 12:54:03,JNY_945005015,USR_98399,STN_GGN_01,Gurugram,OFFICE,44.7,80.0,76.9,CCS2,120.0,True,27.15,25.73,15.08,17.95,1.19,0.5,2.0,NORMAL,False,False,AFTERNOON,False
CHG_0FE9FEE3C8,2026-08-13 12:36:08,2026-08-13 12:36:08,2026-08-13 13:14:47,JNY_769004906,USR_16718,STN_DEL_01,Delhi,MALL,20.7,85.0,84.5,CHAdeMO,100.0,True,54.33,51.87,38.03,38.66,1.016,0.4,0.0,NORMAL,False,False,AFTERNOON,False
CHG_FA160FEE26,2026-08-13 12:38:34,2026-08-13 12:38:34,2026-08-13 13:38:43,JNY_394960699,USR_34301,STN_DEL_03,Delhi,HIGHWAY,14.9,85.0,69.2,CCS2,60.0,True,48.51,47.12,56.59,60.16,1.063,0.6,0.0,NORMAL,False,False,AFTERNOON,False
CHG_5918CFEC1B,2026-08-13 12:42:17,2026-08-13 12:42:17,2026-08-13 13:25:43,JNY_574682876,USR_47524,STN_GGN_02,Gurugram,MALL,13.2,90.0,88.6,CCS2,120.0,True,68.04,64.23,41.58,43.44,1.045,0.4,0.0,NORMAL,False,False,AFTERNOON,False
CHG_7354BD8187,2026-08-13 12:48:36,2026-08-13 12:48:36,2026-08-13 14:56:05,JNY_257776130,USR_70197,STN_BLR_01,Bengaluru,OFFICE,26.8,80.0,64.4,TYPE2_AC,22.0,False,34.26,33.05,103.82,127.5,1.228,0.25,3.0,NORMAL,False,False,AFTERNOON,False
CHG_2FC479F354,2026-08-13 12:58:03,2026-08-13 12:58:03,2026-08-13 14:40:36,JNY_795682419,USR_41411,STN_DEL_01,Delhi,MALL,40.0,80.0,79.4,TYPE2_AC,22.0,False,31.76,30.1,96.24,102.55,1.066,0.4,0.0,NORMAL,False,False,AFTERNOON,False
CHG_FA629A42E6,2026-08-13 12:59:13,2026-08-13 12:59:13,2026-08-13 17:57:18,JNY_229254325,USR_47510,STN_MUM_02,Mumbai,RESIDENTIAL,19.6,85.0,73.5,TYPE2_AC,11.0,False,48.07,45.35,305.89,298.09,0.974,0.75,0.0,NORMAL,False,False,AFTERNOON,False
CHG_46FA5BFC7E,2026-08-13 13:01:17,2026-08-13 13:01:17,2026-08-13 13:32:02,JNY_990409209,USR_81396,STN_GGN_01,Gurugram,OFFICE,42.2,90.0,70.6,CCS2,90.0,True,33.75,32.41,27.5,30.75,1.118,0.5,0.0,NORMAL,False,False,AFTERNOON,False
CHG_ED70A01916,2026-08-13 13:02:43,2026-08-13 13:02:43,2026-08-13 13:27:06,JNY_724590855,USR_11751,STN_BLR_01,Bengaluru,OFFICE,33.2,80.0,74.1,CCS2,120.0,True,34.68,32.3,19.27,24.39,1.266,0.5,9.0,NORMAL,False,False,AFTERNOON,False
CHG_A30AC91F59,2026-08-13 13:03:47,2026-08-13 13:03:47,2026-08-13 13:27:54,JNY_778611399,USR_45935,STN_GGN_02,Gurugram,MALL,14.0,90.0,63.2,CCS2,150.0,True,48.03,45.2,23.48,24.12,1.027,0.6,0.0,NORMAL,False,False,AFTERNOON,False
CHG_E4D74D5B75,2026-08-13 13:04:09,2026-08-13 13:04:09,2026-08-13 17:24:44,JNY_702020899,USR_13942,STN_DEL_03,Delhi,HIGHWAY,33.7,90.0,71.6,TYPE2_AC,11.0,False,40.31,37.37,268.74,260.59,0.97,0.6,2.0,NORMAL,False,False,AFTERNOON,False
CHG_8ECFA1E793,2026-08-13 13:07:15,2026-08-13 13:07:15,2026-08-13 13:25:26,JNY_152032767,USR_97162,STN_JPR_01,Jaipur,MALL,40.5,85.0,72.8,CCS2,120.0,True,32.4,30.39,18.9,18.19,0.963,1.0,0.0,NORMAL,False,False,AFTERNOON,False
CHG_09312CFACE,2026-08-13 13:08:17,2026-08-13 13:08:17,2026-08-13 18:47:53,JNY_852732316,USR_58269,STN_GGN_01,Gurugram,OFFICE,38.7,90.0,75.1,TYPE2_AC,11.0,False,38.53,35.82,256.84,339.6,1.322,0.5,11.0,NORMAL,False,False,AFTERNOON,False
CHG_9A44187CEB,2026-08-13 13:15:12,2026-08-13 13:15:12,2026-08-13 13:54:33,JNY_345058504,USR_47370,STN_MUM_01,Mumbai,MALL,15.1,90.0,76.4,CCS2,120.0,True,57.22,56.57,34.97,39.36,1.126,0.2,4.0,NORMAL,False,False,AFTERNOON,False
CHG_BF2BE683B4,2026-08-13 13:16:37,2026-08-13 13:16:37,2026-08-13 13:47:01,JNY_363306142,USR_79308,STN_BLR_01,Bengaluru,OFFICE,42.2,85.0,59.0,CCS2,90.0,True,25.25,24.37,19.64,30.41,1.548,0.25,16.0,NORMAL,False,True,AFTERNOON,False
CHG_F2D14C7989,2026-08-13 13:28:15,2026-08-13 13:28:15,2026-08-13 14:12:07,JNY_982309928,USR_75647,STN_DEL_03,Delhi,HIGHWAY,48.9,85.0,87.9,CCS2,60.0,True,31.73,30.85,37.02,43.87,1.185,0.4,10.0,NORMAL,False,False,AFTERNOON,False
CHG_8D621AEB28,2026-08-13 13:31:41,2026-08-13 13:31:41,2026-08-13 14:02:58,JNY_225860710,USR_46420,STN_GGN_02,Gurugram,MALL,16.3,85.0,70.1,CHAdeMO,100.0,True,48.16,46.55,33.71,31.28,0.928,0.8,0.0,NORMAL,False,False,AFTERNOON,False
CHG_1398594380,2026-08-13 13:33:31,2026-08-13 13:33:31,2026-08-13 14:23:46,JNY_575363482,USR_15261,STN_BLR_01,Bengaluru,OFFICE,20.5,85.0,66.7,CCS2,60.0,True,43.02,41.6,50.19,50.26,1.001,0.75,0.0,NORMAL,False,False,AFTERNOON,False
CHG_9FF729FDC1,2026-08-13 13:36:13,2026-08-13 13:36:13,2026-08-13 18:10:39,JNY_637550278,USR_66739,STN_JPR_01,Jaipur,MALL,28.7,85.0,74.2,TYPE2_AC,11.0,False,41.77,40.65,265.84,274.44,1.032,1.0,0.0,NORMAL,False,False,AFTERNOON,False
CHG_C2E8AF3905,2026-08-13 13:36:44,2026-08-13 13:36:44,2026-08-13 13:59:43,JNY_342267984,USR_93087,STN_MUM_01,Mumbai,MALL,30.4,80.0,71.4,CCS2,120.0,True,35.41,34.43,19.67,23.0,1.169,0.2,5.0,NORMAL,False,False,AFTERNOON,False
CHG_877E34D2A9,2026-08-13 13:39:21,2026-08-13 13:39:21,2026-08-13 14:10:04,JNY_132823713,USR_72022,STN_DEL_01,Delhi,MALL,13.5,80.0,82.1,CCS2,150.0,True,54.6,51.87,24.27,30.72,1.266,0.2,5.0,NORMAL,False,False,AFTERNOON,False
CHG_868CCB7E79,2026-08-13 13:39:21,2026-08-13 13:39:21,2026-08-13 14:33:01,JNY_732132355,USR_31483,STN_JPR_02,Jaipur,HIGHWAY,30.2,90.0,87.2,CCS2,90.0,True,52.15,50.12,42.49,53.67,1.263,0.4,7.0,NORMAL,False,False,AFTERNOON,False
CHG_B80262C0A0,2026-08-13 13:40:22,2026-08-13 13:40:22,2026-08-13 14:11:56,JNY_225965814,USR_13799,STN_GGN_02,Gurugram,MALL,38.6,95.0,64.7,CCS2,90.0,True,36.49,34.38,31.08,31.58,1.016,1.0,0.0,NORMAL,False,False,AFTERNOON,False
CHG_AFC8BE88AA,2026-08-13 13:42:47,2026-08-13 13:42:47,2026-08-13 14:22:46,JNY_489039083,USR_63512,STN_JPR_01,Jaipur,MALL,21.4,85.0,83.1,CHAdeMO,100.0,True,52.85,50.8,37.0,39.99,1.081,0.4,0.0,NORMAL,False,False,AFTERNOON,False
CHG_335074D9C9,2026-08-13 13:43:02,2026-08-13 13:43:02,2026-08-13 14:15:13,JNY_912775025,USR_80390,STN_BLR_01,Bengaluru,OFFICE,41.2,90.0,78.0,CHAdeMO,100.0,True,38.06,36.7,27.91,32.18,1.153,0.25,3.0,NORMAL,False,False,AFTERNOON,False
CHG_E1D69B6E5E,2026-08-13 13:43:41,2026-08-13 13:43:41,2026-08-13 14:40:20,JNY_656062760,USR_98222,STN_GGN_02,Gurugram,MALL,39.3,90.0,80.9,CCS2,60.0,True,41.02,38.18,50.13,56.65,1.13,0.2,5.0,NORMAL,False,False,AFTERNOON,False
CHG_220F90E5DA,2026-08-13 13:44:28,2026-08-13 13:44:28,2026-08-13 14:11:14,JNY_162353569,USR_50480,STN_MUM_02,Mumbai,RESIDENTIAL,41.8,95.0,82.5,CCS2,120.0,True,43.89,42.67,28.04,26.78,0.955,1.0,0.0,NORMAL,False,False,AFTERNOON,False
CHG_D6EB1FFB05,2026-08-13 13:44:55,2026-08-13 13:44:55,2026-08-13 14:18:43,JNY_575494277,USR_51882,STN_DEL_03,Delhi,HIGHWAY,38.2,90.0,69.8,CCS2,90.0,True,36.16,35.45,29.46,33.82,1.148,0.4,0.0,NORMAL,False,False,AFTERNOON,False
CHG_0705731B9E,2026-08-13 13:51:41,2026-08-13 13:51:41,2026-08-13 14:26:57,JNY_863866857,USR_59795,STN_MUM_02,Mumbai,RESIDENTIAL,16.0,85.0,65.9,CCS2,90.0,True,45.47,43.73,35.37,35.27,0.997,0.5,0.0,NORMAL,False,False,AFTERNOON,False
CHG_AC46C202E2,2026-08-13 13:56:08,2026-08-13 13:56:08,2026-08-13 14:42:06,JNY_886580007,USR_65735,STN_BLR_01,Bengaluru,OFFICE,26.9,85.0,63.4,CCS2,60.0,True,36.84,36.06,42.97,45.98,1.07,0.25,2.0,NORMAL,False,False,AFTERNOON,False
CHG_9215300CDF,2026-08-13 14:03:43,2026-08-13 14:03:43,2026-08-13 15:13:51,JNY_567129375,USR_51222,STN_DEL_03,Delhi,HIGHWAY,17.6,85.0,81.4,CCS2,60.0,True,54.86,53.43,64.01,70.15,1.096,0.4,4.0,NORMAL,False,False,AFTERNOON,False
CHG_C138C998B1,2026-08-13 14:05:11,2026-08-13 14:05:11,2026-08-13 16:18:41,JNY_372786626,USR_70343,STN_JPR_02,Jaipur,HIGHWAY,28.0,80.0,66.6,TYPE2_AC,22.0,False,34.63,32.9,104.95,133.51,1.272,0.2,7.0,NORMAL,False,False,AFTERNOON,False
CHG_C0BA336A14,2026-08-13 14:10:37,2026-08-13 14:10:37,2026-08-13 18:40:57,JNY_602509249,USR_65329,STN_DEL_02,Delhi,OFFICE,34.8,85.0,73.5,TYPE2_AC,11.0,False,36.9,35.37,234.8,270.34,1.151,0.25,6.0,NORMAL,False,False,AFTERNOON,False
CHG_61A1777BCC,2026-08-13 14:14:00,2026-08-13 14:14:00,2026-08-13 14:35:55,JNY_954554182,USR_81073,STN_MUM_01,Mumbai,MALL,49.5,80.0,82.1,CHAdeMO,75.0,True,25.04,24.14,22.26,21.92,0.985,0.6,0.0,NORMAL,False,False,AFTERNOON,False
CHG_491BCA7BD7,2026-08-13 14:22:38,2026-08-13 14:22:38,2026-08-13 14:47:34,JNY_206559687,USR_75913,STN_JPR_02,Jaipur,HIGHWAY,32.9,80.0,69.3,CCS2,120.0,True,32.64,32.17,18.13,24.94,1.375,0.2,9.0,NORMAL,False,False,AFTERNOON,False
CHG_9480B5BD97,2026-08-13 14:24:14,2026-08-13 14:24:14,2026-08-13 15:04:11,JNY_173794063,USR_46694,STN_MUM_01,Mumbai,MALL,38.4,85.0,77.8,CHAdeMO,75.0,True,36.25,34.61,33.84,39.95,1.181,0.4,9.0,NORMAL,False,False,AFTERNOON,False
CHG_6E2F8876A4,2026-08-13 14:25:33,2026-08-13 14:25:33,2026-08-13 18:58:51,JNY_476084488,USR_88523,STN_MUM_01,Mumbai,MALL,26.0,85.0,74.8,TYPE2_AC,11.0,False,44.13,42.43,280.84,273.31,0.973,0.6,0.0,NORMAL,False,False,AFTERNOON,False
CHG_BEB7508D0A,2026-08-13 14:34:17,2026-08-13 14:34:17,2026-08-13 14:54:04,JNY_939148454,USR_38551,STN_MUM_01,Mumbai,MALL,34.8,85.0,74.7,CCS2,150.0,True,37.5,36.05,17.5,19.79,1.131,0.2,2.0,NORMAL,False,False,AFTERNOON,False
CHG_458561ABDD,2026-08-13 14:38:22,2026-08-13 14:38:22,2026-08-13 16:16:58,JNY_645887025,USR_22937,STN_DEL_03,Delhi,HIGHWAY,23.9,80.0,68.3,CCS2,60.0,True,38.32,37.06,42.57,98.61,2.316,0.4,0.0,CHARGER_FAULT,True,True,AFTERNOON,False
CHG_C0811642B7,2026-08-13 14:40:10,2026-08-13 14:40:10,2026-08-13 20:40:10,JNY_372055755,USR_38083,STN_DEL_03,Delhi,HIGHWAY,18.4,90.0,68.5,TYPE2_AC,7.2,False,49.05,47.11,499.54,360.0,0.721,0.2,30.0,NORMAL,False,False,AFTERNOON,False
CHG_36A3EE50EB,2026-08-13 14:51:58,2026-08-13 14:51:58,2026-08-13 20:20:34,JNY_182483831,USR_59478,STN_JPR_01,Jaipur,MALL,23.8,90.0,76.8,TYPE2_AC,11.0,False,50.84,48.06,338.94,328.62,0.97,0.6,0.0,NORMAL,False,False,AFTERNOON,False
CHG_24C6795250,2026-08-13 14:52:07,2026-08-13 14:52:07,2026-08-13 15:23:51,JNY_359368928,USR_73102,STN_DEL_03,Delhi,HIGHWAY,26.9,85.0,61.3,CHAdeMO,75.0,True,35.62,34.44,33.24,31.75,0.955,0.6,0.0,NORMAL,False,False,AFTERNOON,False
CHG_6DB9BF9BE9,2026-08-13 14:58:22,2026-08-13 14:58:22,2026-08-13 15:15:50,JNY_197104921,USR_68592,STN_JPR_02,Jaipur,HIGHWAY,28.4,85.0,62.8,CCS2,150.0,True,35.54,33.41,16.59,17.47,1.053,0.6,0.0,NORMAL,False,False,AFTERNOON,False
CHG_9053A389F8,2026-08-13 14:59:55,2026-08-13 14:59:55,2026-08-13 15:29:39,JNY_429159810,USR_26463,STN_MUM_02,Mumbai,RESIDENTIAL,16.5,80.0,87.2,CCS2,120.0,True,55.37,53.15,30.76,29.74,0.967,0.5,0.0,NORMAL,False,False,AFTERNOON,False
CHG_58D0825BBB,2026-08-13 15:09:10,2026-08-13 15:09:10,2026-08-13 15:48:39,JNY_348563743,USR_47684,STN_MUM_01,Mumbai,MALL,39.2,85.0,64.0,CCS2,60.0,True,29.31,27.66,34.2,39.49,1.155,0.4,0.0,NORMAL,False,False,AFTERNOON,False
CHG_2C66F808E7,2026-08-13 15:14:41,2026-08-13 15:14:41,2026-08-13 15:37:15,JNY_482910725,USR_95733,STN_BLR_01,Bengaluru,OFFICE,48.2,90.0,81.2,CCS2,120.0,True,33.94,32.38,20.74,22.58,1.089,0.75,0.0,NORMAL,False,False,AFTERNOON,False
CHG_17AC729549,2026-08-13 15:16:39,2026-08-13 15:16:39,2026-08-13 17:30:48,JNY_295856038,USR_54800,STN_JPR_02,Jaipur,HIGHWAY,43.8,85.0,89.6,TYPE2_AC,22.0,False,36.92,35.22,117.46,134.16,1.142,0.4,0.0,NORMAL,False,False,AFTERNOON,False
CHG_7BE0542DCB,2026-08-13 15:25:17,2026-08-13 15:25:17,2026-08-13 15:56:44,JNY_785875799,USR_74405,STN_JPR_01,Jaipur,MALL,12.3,85.0,66.8,CCS2,120.0,True,48.56,47.3,28.33,31.46,1.11,0.4,0.0,NORMAL,False,False,AFTERNOON,False
CHG_970232C7D9,2026-08-13 15:26:12,2026-08-13 15:26:12,2026-08-13 18:01:50,JNY_481860792,USR_41946,STN_DEL_02,Delhi,OFFICE,34.2,85.0,66.7,TYPE2_AC,22.0,False,33.88,33.06,107.81,155.65,1.444,0.0,16.0,NORMAL,False,False,AFTERNOON,False
CHG_4883BBFDF1,2026-08-13 15:26:26,2026-08-13 15:26:26,2026-08-13 16:12:24,JNY_795240391,USR_91353,STN_MUM_02,Mumbai,RESIDENTIAL,33.4,80.0,78.3,CCS2,60.0,True,36.49,35.56,40.54,45.98,1.134,0.75,3.0,NORMAL,False,False,AFTERNOON,False
CHG_2B96B505A9,2026-08-13 15:29:05,2026-08-13 15:29:05,2026-08-13 15:55:03,JNY_784044436,USR_84246,STN_GGN_02,Gurugram,MALL,25.8,80.0,63.7,CCS2,90.0,True,34.53,33.71,25.57,25.97,1.016,0.4,0.0,NORMAL,False,False,AFTERNOON,False
CHG_CCFB0D2603,2026-08-13 15:29:06,2026-08-13 15:29:06,2026-08-13 21:29:06,JNY_750182243,USR_63628,STN_JPR_02,Jaipur,HIGHWAY,13.2,80.0,63.6,TYPE2_AC,7.2,False,42.48,41.2,393.38,360.0,0.915,0.4,0.0,NORMAL,False,False,AFTERNOON,False
CHG_1AE0D3F7D8,2026-08-13 15:40:33,2026-08-13 15:40:33,2026-08-13 16:37:11,JNY_786568021,USR_79650,STN_MUM_02,Mumbai,RESIDENTIAL,33.0,90.0,81.6,CCS2,60.0,True,46.51,44.03,56.85,56.63,0.996,0.75,0.0,NORMAL,False,False,AFTERNOON,False
CHG_2DC8E5D945,2026-08-13 15:48:30,2026-08-13 15:48:30,2026-08-13 16:36:35,JNY_824083397,USR_89066,STN_MUM_02,Mumbai,RESIDENTIAL,18.0,90.0,90.0,CHAdeMO,100.0,True,64.8,63.07,47.52,48.09,1.012,1.0,5.0,NORMAL,False,False,AFTERNOON,False
CHG_E81E7806AA,2026-08-13 15:50:06,2026-08-13 15:50:06,2026-08-13 16:50:50,JNY_205553456,USR_81816,STN_DEL_03,Delhi,HIGHWAY,40.7,80.0,77.9,CHAdeMO,50.0,True,30.61,29.67,40.82,60.75,1.488,0.2,5.0,MINOR_SLOWDOWN,True,False,AFTERNOON,False
CHG_8625ED802C,2026-08-13 15:52:12,2026-08-13 15:52:12,2026-08-13 16:55:28,JNY_220055509,USR_78843,STN_MUM_02,Mumbai,RESIDENTIAL,13.4,95.0,89.2,CCS2,90.0,True,72.79,69.24,62.0,63.27,1.02,0.75,0.0,NORMAL,False,False,AFTERNOON,False
CHG_32B8404339,2026-08-13 15:52:39,2026-08-13 15:52:39,2026-08-13 16:22:01,JNY_730359149,USR_77878,STN_JPR_02,Jaipur,HIGHWAY,31.2,90.0,83.9,CCS2,120.0,True,49.33,46.89,30.15,29.38,0.975,0.6,0.0,NORMAL,False,False,AFTERNOON,False
CHG_5E32A82046,2026-08-13 15:54:35,2026-08-13 15:54:35,2026-08-13 16:31:24,JNY_163886050,USR_94138,STN_GGN_02,Gurugram,MALL,42.8,80.0,83.5,CCS2,60.0,True,31.06,29.87,34.51,36.83,1.067,0.4,0.0,NORMAL,False,False,AFTERNOON,False
CHG_E43ADCD259,2026-08-13 15:59:08,2026-08-13 15:59:08,2026-08-13 16:47:06,JNY_882704482,USR_22061,STN_JPR_02,Jaipur,HIGHWAY,22.3,80.0,75.5,CHAdeMO,75.0,True,43.56,40.96,38.72,47.98,1.239,0.2,4.0,NORMAL,False,False,AFTERNOON,False
CHG_85B1935226,2026-08-13 15:59:36,2026-08-13 15:59:36,2026-08-13 16:47:18,JNY_479544594,USR_11854,STN_JPR_01,Jaipur,MALL,34.9,95.0,78.1,CHAdeMO,75.0,True,46.94,44.89,47.98,47.7,0.994,0.4,0.0,NORMAL,False,False,AFTERNOON,False
CHG_A302F5884A,2026-08-13 16:10:17,2026-08-13 16:10:17,2026-08-13 16:26:52,JNY_991595721,USR_78142,STN_GGN_02,Gurugram,MALL,57.3,90.0,86.6,CCS2,150.0,True,28.32,27.2,13.84,16.59,1.198,0.2,5.0,NORMAL,False,False,AFTERNOON,False
CHG_E98AA0436C,2026-08-13 16:12:22,2026-08-13 16:12:22,2026-08-13 16:35:29,JNY_283965458,USR_70672,STN_JPR_02,Jaipur,HIGHWAY,28.9,80.0,72.6,CCS2,120.0,True,37.1,36.2,20.61,23.13,1.122,0.8,0.0,MINOR_SLOWDOWN,True,False,AFTERNOON,False
CHG_40CC7E4B58,2026-08-13 16:13:53,2026-08-13 16:13:53,2026-08-13 16:46:21,JNY_917533058,USR_94114,STN_JPR_02,Jaipur,HIGHWAY,18.2,80.0,69.9,CCS2,90.0,True,43.2,42.3,32.0,32.48,1.015,0.4,0.0,NORMAL,False,False,AFTERNOON,False
CHG_6798B4B363,2026-08-13 16:14:00,2026-08-13 16:14:00,2026-08-13 21:49:18,JNY_662691929,USR_17590,STN_JPR_02,Jaipur,HIGHWAY,43.6,85.0,81.5,TYPE2_AC,7.2,False,33.74,32.42,328.04,335.31,1.022,0.4,3.0,NORMAL,False,False,AFTERNOON,False
CHG_4569B6F8D4,2026-08-13 16:14:45,2026-08-13 16:14:45,2026-08-13 16:39:32,JNY_771375460,USR_19856,STN_MUM_02,Mumbai,RESIDENTIAL,37.0,85.0,84.6,CCS2,120.0,True,40.61,40.28,23.69,24.8,1.047,1.0,0.0,NORMAL,False,False,AFTERNOON,False
CHG_14A019BDA5,2026-08-13 16:18:31,2026-08-13 16:18:31,2026-08-13 16:47:33,JNY_178191605,USR_42278,STN_DEL_03,Delhi,HIGHWAY,22.3,80.0,86.8,CCS2,120.0,True,50.08,49.08,27.82,29.04,1.044,0.4,2.0,NORMAL,False,False,AFTERNOON,False
CHG_40D4723243,2026-08-13 16:19:59,2026-08-13 16:19:59,2026-08-13 17:14:52,JNY_304095281,USR_76986,STN_BLR_01,Bengaluru,OFFICE,32.6,80.0,90.0,CCS2,60.0,True,42.66,40.11,47.4,54.9,1.158,0.25,2.0,NORMAL,False,False,AFTERNOON,False
CHG_9B02412CA0,2026-08-13 16:20:14,2026-08-13 16:20:14,2026-08-13 19:12:44,JNY_428047867,USR_44719,STN_JPR_01,Jaipur,MALL,14.1,85.0,70.2,TYPE2_AC,22.0,False,49.77,47.09,158.36,172.51,1.089,0.6,0.0,NORMAL,False,False,AFTERNOON,False
CHG_2C1735FD27,2026-08-13 16:23:43,2026-08-13 16:23:43,2026-08-13 16:46:50,JNY_119988088,USR_78028,STN_GGN_02,Gurugram,MALL,27.3,85.0,63.3,CCS2,120.0,True,36.52,34.66,21.31,23.12,1.085,0.6,0.0,NORMAL,False,False,AFTERNOON,False
CHG_B579642617,2026-08-13 16:25:45,2026-08-13 16:25:45,2026-08-13 16:43:08,JNY_735655759,USR_92482,STN_MUM_01,Mumbai,MALL,51.9,90.0,60.3,CCS2,90.0,True,22.97,22.44,18.72,17.39,0.929,0.6,0.0,NORMAL,False,False,AFTERNOON,False
CHG_3B0FD23023,2026-08-13 16:27:55,2026-08-13 16:27:55,2026-08-13 17:15:25,JNY_853121175,USR_86653,STN_DEL_03,Delhi,HIGHWAY,13.8,90.0,74.8,CCS2,90.0,True,57.0,55.82,46.44,47.51,1.023,0.4,0.0,NORMAL,False,False,AFTERNOON,False
CHG_39B07D216E,2026-08-13 16:34:20,2026-08-13 16:34:20,2026-08-13 17:18:14,JNY_591169547,USR_77262,STN_JPR_02,Jaipur,HIGHWAY,16.2,85.0,79.5,CCS2,90.0,True,54.7,53.57,42.54,43.91,1.032,0.4,0.0,NORMAL,False,False,AFTERNOON,False
CHG_52955B4227,2026-08-13 16:40:11,2026-08-13 16:40:11,2026-08-13 17:41:55,JNY_502776315,USR_23004,STN_DEL_02,Delhi,OFFICE,25.7,80.0,63.0,CCS2,60.0,True,34.21,32.87,38.01,61.75,1.624,0.0,15.0,NORMAL,False,True,AFTERNOON,False
CHG_941A9BACB7,2026-08-13 16:42:31,2026-08-13 16:42:31,2026-08-13 17:05:37,JNY_359504134,USR_94880,STN_GGN_02,Gurugram,MALL,22.2,85.0,74.1,CCS2,150.0,True,46.53,45.24,21.72,23.1,1.064,0.4,3.0,NORMAL,False,False,AFTERNOON,False
CHG_BED0443582,2026-08-13 16:56:35,2026-08-13 16:56:35,2026-08-13 17:21:28,JNY_646952638,USR_18001,STN_JPR_01,Jaipur,MALL,36.7,90.0,80.7,CCS2,150.0,True,43.01,41.21,21.03,24.89,1.184,0.4,2.0,NORMAL,False,False,AFTERNOON,False
CHG_F29656D4A7,2026-08-13 17:00:30,2026-08-13 17:00:30,2026-08-13 17:31:13,JNY_483567783,USR_30200,STN_GGN_02,Gurugram,MALL,39.5,85.0,82.6,CCS2,120.0,True,37.58,36.1,21.92,30.73,1.402,0.2,11.0,NORMAL,False,False,EVENING,False
CHG_33852BA57E,2026-08-13 17:01:15,2026-08-13 17:01:15,2026-08-13 17:28:12,JNY_497712139,USR_39867,STN_BLR_01,Bengaluru,OFFICE,42.1,90.0,74.1,CCS2,120.0,True,35.49,32.87,21.69,26.96,1.243,0.5,7.0,NORMAL,False,False,EVENING,False
CHG_0D8EAE2091,2026-08-13 17:04:14,2026-08-13 17:04:14,2026-08-13 23:04:14,JNY_907419906,USR_52418,STN_GGN_01,Gurugram,OFFICE,17.1,85.0,67.1,TYPE2_AC,11.0,False,45.56,43.59,289.93,360.0,1.242,0.25,14.0,NORMAL,False,False,EVENING,False
CHG_A6F35AC138,2026-08-13 17:09:59,2026-08-13 17:09:59,2026-08-13 17:59:31,JNY_363244781,USR_86302,STN_DEL_02,Delhi,OFFICE,28.5,80.0,64.5,CCS2,60.0,True,33.22,32.01,36.91,49.54,1.342,0.25,6.0,NORMAL,False,False,EVENING,False
CHG_59E8D8EE19,2026-08-13 17:11:49,2026-08-13 17:11:49,2026-08-13 17:55:34,JNY_547088749,USR_21404,STN_MUM_02,Mumbai,RESIDENTIAL,32.0,85.0,90.0,CCS2,90.0,True,47.7,45.78,37.1,43.75,1.179,0.25,2.0,NORMAL,False,False,EVENING,False
CHG_A20331E0A0,2026-08-13 17:12:09,2026-08-13 17:12:09,2026-08-13 18:19:39,JNY_655396365,USR_34326,STN_MUM_01,Mumbai,MALL,37.2,90.0,60.9,CHAdeMO,50.0,True,32.16,31.03,47.16,67.5,1.431,0.6,0.0,POWER_LIMITATION,True,False,EVENING,False
CHG_A07E7EDD2D,2026-08-13 17:17:45,2026-08-13 17:17:45,2026-08-13 18:22:07,JNY_413676248,USR_95559,STN_DEL_03,Delhi,HIGHWAY,18.7,85.0,69.1,CCS2,60.0,True,45.81,43.75,53.45,64.37,1.204,0.2,7.0,NORMAL,False,False,EVENING,False
CHG_E88CF43473,2026-08-13 17:20:25,2026-08-13 17:20:25,2026-08-13 17:44:26,JNY_617323925,USR_23969,STN_MUM_01,Mumbai,MALL,23.0,90.0,75.5,CCS2,150.0,True,50.59,48.0,24.73,24.02,0.971,0.4,0.0,NORMAL,False,False,EVENING,False
CHG_91F39D41AE,2026-08-13 17:33:08,2026-08-13 17:33:08,2026-08-13 17:55:23,JNY_809037014,USR_35253,STN_BLR_01,Bengaluru,OFFICE,53.9,85.0,84.3,CCS2,120.0,True,26.22,25.42,15.29,22.25,1.455,0.0,12.0,NORMAL,False,False,EVENING,False
CHG_48D52BE5A9,2026-08-13 17:40:55,2026-08-13 17:40:55,2026-08-13 18:10:43,JNY_301800989,USR_77348,STN_MUM_02,Mumbai,RESIDENTIAL,57.8,90.0,73.9,CCS2,120.0,True,23.8,22.27,14.54,29.81,2.05,0.75,0.0,CHARGER_FAULT,True,True,EVENING,False
CHG_B4A6B85DE4,2026-08-13 17:42:03,2026-08-13 17:42:03,2026-08-13 18:16:24,JNY_300983696,USR_25338,STN_GGN_02,Gurugram,MALL,28.2,85.0,76.2,CCS2,120.0,True,43.28,41.7,25.25,34.35,1.361,0.2,9.0,NORMAL,False,False,EVENING,False
CHG_48A462C8D1,2026-08-13 17:45:24,2026-08-13 17:45:24,2026-08-13 18:53:42,JNY_321060649,USR_79758,STN_MUM_01,Mumbai,MALL,33.1,90.0,66.7,CCS2,90.0,True,37.95,36.92,30.92,68.31,2.209,0.4,0.0,CHARGER_FAULT,True,True,EVENING,False
CHG_55709581EF,2026-08-13 17:46:56,2026-08-13 17:46:56,2026-08-13 18:27:44,JNY_979995577,USR_28178,STN_GGN_01,Gurugram,OFFICE,36.6,80.0,87.8,CCS2,90.0,True,38.11,36.33,28.23,40.81,1.446,0.25,11.0,NORMAL,False,False,EVENING,False
CHG_13B1912E7E,2026-08-13 17:48:08,2026-08-13 17:48:08,2026-08-13 18:08:37,JNY_271838735,USR_58316,STN_MUM_02,Mumbai,RESIDENTIAL,35.2,85.0,70.7,CCS2,120.0,True,35.21,33.9,20.54,20.49,0.998,1.0,0.0,NORMAL,False,False,EVENING,False
CHG_4B9E0F7D37,2026-08-13 17:49:54,2026-08-13 17:49:54,2026-08-13 18:04:02,JNY_459798284,USR_74868,STN_GGN_02,Gurugram,MALL,55.3,85.0,65.6,CCS2,120.0,True,19.48,18.05,11.37,14.13,1.244,0.2,3.0,NORMAL,False,False,EVENING,False
CHG_D745ADB070,2026-08-13 17:51:05,2026-08-13 17:51:05,2026-08-13 18:10:18,JNY_851008468,USR_61234,STN_GGN_02,Gurugram,MALL,35.6,90.0,65.9,CCS2,150.0,True,35.85,33.98,17.53,19.22,1.097,0.6,0.0,NORMAL,False,False,EVENING,False
CHG_6F37788806,2026-08-13 17:52:04,2026-08-13 17:52:04,2026-08-13 19:05:39,JNY_276777137,USR_12218,STN_MUM_02,Mumbai,RESIDENTIAL,20.6,90.0,75.2,CHAdeMO,50.0,True,52.19,50.4,76.54,73.58,0.961,0.75,0.0,NORMAL,False,False,EVENING,False
CHG_1DB69D9C73,2026-08-13 17:58:12,2026-08-13 17:58:12,2026-08-13 18:24:57,JNY_363606504,USR_95266,STN_MUM_02,Mumbai,RESIDENTIAL,41.0,90.0,63.6,CCS2,90.0,True,31.16,29.95,25.39,26.76,1.054,1.0,0.0,NORMAL,False,False,EVENING,False
CHG_B542FE9604,2026-08-13 17:58:20,2026-08-13 17:58:20,2026-08-13 18:33:39,JNY_984019084,USR_15610,STN_JPR_01,Jaipur,MALL,15.0,85.0,69.5,CCS2,120.0,True,48.65,46.96,28.38,35.32,1.245,0.2,6.0,NORMAL,False,False,EVENING,False
CHG_70E7565C19,2026-08-13 17:59:33,2026-08-13 17:59:33,2026-08-13 18:54:01,JNY_913224673,USR_75337,STN_JPR_02,Jaipur,HIGHWAY,39.1,80.0,73.2,CHAdeMO,50.0,True,29.94,28.76,39.92,54.48,1.365,0.0,8.0,NORMAL,False,False,EVENING,False
CHG_923A186986,2026-08-13 18:02:20,2026-08-13 18:02:20,2026-08-13 18:30:44,JNY_153080610,USR_63013,STN_DEL_01,Delhi,MALL,33.0,80.0,72.3,CCS2,120.0,True,33.98,31.59,18.88,28.41,1.505,0.0,10.0,NORMAL,False,True,EVENING,False
CHG_93E425675F,2026-08-13 18:05:14,2026-08-13 18:05:14,2026-08-13 18:22:03,JNY_930250279,USR_90053,STN_JPR_01,Jaipur,MALL,44.5,80.0,74.4,CCS2,120.0,True,26.41,26.03,14.67,16.82,1.146,0.4,10.0,NORMAL,False,False,EVENING,False
CHG_A7D73D8EF5,2026-08-13 18:05:32,2026-08-13 18:05:32,2026-08-14 00:05:32,JNY_427753816,USR_71166,STN_MUM_02,Mumbai,RESIDENTIAL,32.0,85.0,88.7,TYPE2_AC,7.2,False,47.01,44.56,457.05,360.0,0.788,0.75,0.0,NORMAL,False,False,EVENING,False
CHG_7B3FBC958E,2026-08-13 18:08:53,2026-08-13 18:08:53,2026-08-13 18:56:51,JNY_406917877,USR_94806,STN_JPR_01,Jaipur,MALL,12.9,85.0,77.5,CHAdeMO,100.0,True,55.88,53.34,39.11,47.98,1.227,0.2,10.0,NORMAL,False,False,EVENING,False
CHG_DE3E3031AA,2026-08-13 18:11:54,2026-08-13 18:11:54,2026-08-13 19:27:52,JNY_863775005,USR_57918,STN_MUM_01,Mumbai,MALL,13.6,85.0,79.1,CCS2,60.0,True,56.48,53.93,65.89,75.97,1.153,0.4,5.0,NORMAL,False,False,EVENING,False
CHG_6AB12EDC89,2026-08-13 18:17:07,2026-08-13 18:17:07,2026-08-13 18:55:14,JNY_428303531,USR_30486,STN_BLR_01,Bengaluru,OFFICE,45.3,85.0,76.0,CHAdeMO,75.0,True,30.17,29.13,28.16,38.12,1.354,0.0,9.0,NORMAL,False,False,EVENING,False
CHG_8894467739,2026-08-13 18:18:28,2026-08-13 18:18:28,2026-08-13 18:34:32,JNY_720338899,USR_45553,STN_MUM_01,Mumbai,MALL,35.7,80.0,59.6,CCS2,120.0,True,26.4,25.35,14.67,16.07,1.095,0.4,0.0,NORMAL,False,False,EVENING,False
CHG_47E5371DB8,2026-08-13 18:22:40,2026-08-13 18:22:40,2026-08-13 19:11:55,JNY_809471233,USR_14337,STN_MUM_01,Mumbai,MALL,15.4,90.0,73.2,CCS2,90.0,True,54.61,52.54,44.49,49.26,1.107,0.2,3.0,NORMAL,False,False,EVENING,False
CHG_6A0C292BBF,2026-08-13 18:23:44,2026-08-13 18:23:44,2026-08-13 18:46:47,JNY_888191987,USR_32271,STN_MUM_02,Mumbai,RESIDENTIAL,26.4,85.0,79.0,CCS2,150.0,True,46.29,45.53,21.6,23.07,1.068,1.0,0.0,NORMAL,False,False,EVENING,False
CHG_269CA86AB7,2026-08-13 18:27:50,2026-08-13 18:27:50,2026-08-13 18:53:24,JNY_416028756,USR_19578,STN_GGN_02,Gurugram,MALL,22.3,80.0,78.3,CCS2,150.0,True,45.18,43.46,20.08,25.57,1.273,0.2,11.0,NORMAL,False,False,EVENING,False
CHG_23568D4118,2026-08-13 18:31:37,2026-08-13 18:31:37,2026-08-13 18:54:55,JNY_284219141,USR_38735,STN_MUM_02,Mumbai,RESIDENTIAL,25.4,80.0,61.0,CHAdeMO,100.0,True,33.31,31.59,22.2,23.31,1.05,0.5,0.0,NORMAL,False,False,EVENING,False
CHG_B1DB5C0E00,2026-08-13 18:34:14,2026-08-13 18:34:14,2026-08-13 20:41:36,JNY_779519039,USR_80103,STN_DEL_01,Delhi,MALL,28.7,85.0,55.5,TYPE2_AC,22.0,False,31.25,29.84,99.42,127.38,1.281,0.2,5.0,NORMAL,False,False,EVENING,False
CHG_4F29DE0F58,2026-08-13 18:35:44,2026-08-13 18:35:44,2026-08-13 20:01:05,JNY_724358380,USR_44356,STN_DEL_01,Delhi,MALL,22.2,80.0,87.2,CHAdeMO,50.0,True,50.4,48.42,67.2,85.35,1.27,0.2,7.0,NORMAL,False,False,EVENING,False
CHG_7619887534,2026-08-13 18:37:11,2026-08-13 18:37:11,2026-08-14 00:14:35,JNY_770897136,USR_73245,STN_JPR_01,Jaipur,MALL,16.7,90.0,57.5,TYPE2_AC,11.0,False,42.15,39.73,280.98,337.41,1.201,0.2,2.0,NORMAL,False,False,EVENING,False
CHG_4BAC79097D,2026-08-13 18:37:38,2026-08-13 18:37:38,2026-08-14 00:37:38,JNY_484574506,USR_16011,STN_MUM_02,Mumbai,RESIDENTIAL,33.2,90.0,81.3,TYPE2_AC,11.0,False,46.18,44.49,307.86,360.0,1.169,0.5,9.0,NORMAL,False,False,EVENING,False
CHG_1249578C9D,2026-08-13 18:38:56,2026-08-13 18:38:56,2026-08-13 21:23:42,JNY_226059395,USR_73567,STN_JPR_02,Jaipur,HIGHWAY,18.1,80.0,69.8,TYPE2_AC,22.0,False,43.21,42.62,130.93,164.77,1.258,0.2,3.0,NORMAL,False,False,EVENING,False
CHG_40E844395A,2026-08-13 18:43:03,2026-08-13 18:43:03,2026-08-13 19:28:33,JNY_515282780,USR_57231,STN_GGN_02,Gurugram,MALL,28.5,85.0,74.3,CCS2,90.0,True,41.98,40.99,32.65,45.5,1.394,0.2,8.0,NORMAL,False,False,EVENING,False
CHG_03B9E01E43,2026-08-13 18:58:13,2026-08-13 18:58:13,2026-08-13 19:21:18,JNY_649541801,USR_79742,STN_GGN_02,Gurugram,MALL,57.1,80.0,85.8,CHAdeMO,75.0,True,19.65,18.51,17.47,23.09,1.322,0.2,5.0,NORMAL,False,False,EVENING,False
CHG_38C23D968D,2026-08-13 19:10:09,2026-08-13 19:10:09,2026-08-13 20:14:09,JNY_283898842,USR_92632,STN_JPR_02,Jaipur,HIGHWAY,13.2,90.0,72.2,CCS2,90.0,True,55.45,53.82,45.18,64.01,1.417,0.0,12.0,NORMAL,False,False,EVENING,False
CHG_989E6262AF,2026-08-13 19:10:17,2026-08-13 19:10:17,2026-08-13 19:37:07,JNY_705357817,USR_65297,STN_BLR_01,Bengaluru,OFFICE,14.6,85.0,61.4,CCS2,120.0,True,43.23,41.63,25.21,26.85,1.065,1.0,0.0,NORMAL,False,False,EVENING,False
CHG_3B5B84355A,2026-08-13 19:16:28,2026-08-13 19:16:28,2026-08-13 20:15:11,JNY_775529686,USR_94891,STN_DEL_01,Delhi,MALL,25.7,80.0,65.8,CHAdeMO,50.0,True,35.73,33.84,47.64,58.73,1.233,0.4,6.0,NORMAL,False,False,EVENING,False
CHG_28BEC04633,2026-08-13 19:20:18,2026-08-13 19:20:18,2026-08-13 19:56:47,JNY_582915170,USR_55326,STN_GGN_02,Gurugram,MALL,27.8,80.0,90.0,CCS2,90.0,True,46.98,45.85,34.8,36.49,1.049,0.4,0.0,NORMAL,False,False,EVENING,False
CHG_89C369309D,2026-08-13 19:20:47,2026-08-13 19:20:47,2026-08-13 19:53:49,JNY_481367912,USR_27083,STN_BLR_01,Bengaluru,OFFICE,32.4,85.0,83.4,CCS2,120.0,True,43.87,41.37,25.59,33.05,1.291,0.25,6.0,NORMAL,False,False,EVENING,False
CHG_B8FF5BBFEA,2026-08-13 19:23:35,2026-08-13 19:23:35,2026-08-13 20:05:06,JNY_350870023,USR_95152,STN_DEL_01,Delhi,MALL,46.4,80.0,72.8,CCS2,120.0,True,24.46,23.58,13.59,41.53,3.056,0.0,75.0,CHARGER_FAULT,True,True,EVENING,False
CHG_65F32154F0,2026-08-13 19:26:21,2026-08-13 19:26:21,2026-08-13 20:29:42,JNY_552635437,USR_74937,STN_DEL_03,Delhi,HIGHWAY,35.2,90.0,76.7,CCS2,60.0,True,42.03,40.59,51.37,63.36,1.233,0.2,2.0,NORMAL,False,False,EVENING,False
CHG_CBCAC8A822,2026-08-13 19:27:50,2026-08-13 19:27:50,2026-08-13 19:57:51,JNY_878824740,USR_10908,STN_GGN_01,Gurugram,OFFICE,13.3,90.0,85.7,CCS2,150.0,True,65.73,63.29,32.14,30.03,0.935,1.0,0.0,NORMAL,False,False,EVENING,False
CHG_78B3930B2B,2026-08-13 19:33:30,2026-08-13 19:33:30,2026-08-13 20:10:07,JNY_361734050,USR_97372,STN_GGN_02,Gurugram,MALL,29.1,85.0,75.2,CCS2,120.0,True,42.04,40.2,24.52,36.63,1.494,0.2,24.0,NORMAL,False,False,EVENING,False
CHG_3424498C3F,2026-08-13 19:34:13,2026-08-13 19:34:13,2026-08-13 19:58:51,JNY_300815861,USR_12644,STN_GGN_02,Gurugram,MALL,37.7,80.0,77.9,CCS2,90.0,True,32.95,31.85,24.41,24.64,1.01,0.4,0.0,NORMAL,False,False,EVENING,False
CHG_16753BAD4D,2026-08-13 19:34:28,2026-08-13 19:34:28,2026-08-13 20:10:10,JNY_718490581,USR_79911,STN_BLR_01,Bengaluru,OFFICE,30.8,80.0,86.1,CCS2,90.0,True,42.36,42.15,31.38,35.71,1.138,0.75,5.0,NORMAL,False,False,EVENING,False
CHG_458892334B,2026-08-13 19:37:17,2026-08-13 19:37:17,2026-08-13 20:20:55,JNY_825850982,USR_97178,STN_JPR_01,Jaipur,MALL,16.4,85.0,80.8,CCS2,120.0,True,55.43,53.81,32.33,43.64,1.35,0.2,8.0,NORMAL,False,False,EVENING,False
CHG_6324F20B0C,2026-08-13 19:39:21,2026-08-13 19:39:21,2026-08-13 21:27:59,JNY_573558353,USR_21848,STN_DEL_02,Delhi,OFFICE,29.3,95.0,85.2,CCS2,60.0,True,55.98,53.33,71.53,108.64,1.519,0.25,14.0,NORMAL,False,True,EVENING,False
CHG_6C22CD2832,2026-08-13 19:42:20,2026-08-13 19:42:20,2026-08-13 20:55:47,JNY_347617735,USR_65510,STN_BLR_01,Bengaluru,OFFICE,14.6,90.0,76.2,CCS2,60.0,True,57.45,54.1,70.22,73.46,1.046,1.0,3.0,NORMAL,False,False,EVENING,False
CHG_D7E8F27BD4,2026-08-13 19:43:56,2026-08-13 19:43:56,2026-08-13 20:48:52,JNY_442549334,USR_65068,STN_DEL_01,Delhi,MALL,11.9,85.0,69.0,CCS2,60.0,True,50.44,48.75,58.85,64.94,1.104,0.2,2.0,NORMAL,False,False,EVENING,False
CHG_FBA4BC35C4,2026-08-13 19:52:09,2026-08-13 19:52:09,2026-08-13 20:23:23,JNY_440335430,USR_36972,STN_DEL_02,Delhi,OFFICE,25.2,85.0,81.6,CCS2,120.0,True,48.8,47.56,28.46,31.24,1.097,1.0,2.0,NORMAL,False,False,EVENING,False
CHG_F1D1A67E37,2026-08-13 19:54:30,2026-08-13 19:54:30,2026-08-13 20:33:59,JNY_147510724,USR_81904,STN_DEL_01,Delhi,MALL,24.2,90.0,79.0,CCS2,120.0,True,51.98,49.58,31.77,39.49,1.243,0.2,4.0,NORMAL,False,False,EVENING,False
CHG_112AAC0C4D,2026-08-13 20:03:10,2026-08-13 20:03:10,2026-08-13 20:18:07,JNY_487196645,USR_45495,STN_JPR_01,Jaipur,MALL,39.4,80.0,79.7,CCS2,150.0,True,32.36,31.19,14.38,14.96,1.04,0.4,0.0,NORMAL,False,False,EVENING,False
CHG_F63CAD7170,2026-08-13 20:04:19,2026-08-13 20:04:19,2026-08-13 20:41:26,JNY_865034069,USR_90884,STN_BLR_01,Bengaluru,OFFICE,33.1,90.0,73.1,CCS2,90.0,True,41.59,39.73,33.89,37.13,1.096,0.75,0.0,NORMAL,False,False,EVENING,False
CHG_1CDD925844,2026-08-13 20:04:19,2026-08-13 20:04:19,2026-08-13 20:59:48,JNY_639534681,USR_86607,STN_JPR_02,Jaipur,HIGHWAY,36.8,80.0,76.8,CHAdeMO,50.0,True,33.18,31.33,44.24,55.49,1.254,0.2,12.0,NORMAL,False,False,EVENING,False
CHG_A032BCFE4B,2026-08-13 20:06:15,2026-08-13 20:06:15,2026-08-13 20:39:00,JNY_826497676,USR_47812,STN_DEL_03,Delhi,HIGHWAY,38.7,95.0,90.0,CCS2,150.0,True,50.67,49.27,25.9,32.75,1.265,0.4,10.0,NORMAL,False,False,EVENING,False
CHG_90F545E109,2026-08-13 20:06:53,2026-08-13 20:06:53,2026-08-13 22:34:33,JNY_974456786,USR_35096,STN_BLR_01,Bengaluru,OFFICE,57.5,85.0,89.0,TYPE2_AC,11.0,False,24.48,23.8,155.75,147.68,0.948,1.0,0.0,NORMAL,False,False,EVENING,False
CHG_2E46260EDB,2026-08-13 20:10:54,2026-08-13 20:10:54,2026-08-13 20:30:47,JNY_348647130,USR_93904,STN_GGN_02,Gurugram,MALL,30.4,85.0,60.5,CCS2,120.0,True,33.03,31.64,19.27,19.89,1.032,0.4,0.0,NORMAL,False,False,EVENING,False
CHG_415A662496,2026-08-13 20:14:31,2026-08-13 20:14:31,2026-08-13 21:15:55,JNY_895167710,USR_52267,STN_BLR_01,Bengaluru,OFFICE,33.7,90.0,75.3,CHAdeMO,50.0,True,42.39,40.42,62.18,61.41,0.988,0.75,0.0,NORMAL,False,False,EVENING,False
CHG_D041A580E0,2026-08-13 20:19:11,2026-08-13 20:19:11,2026-08-13 21:03:27,JNY_543056148,USR_43658,STN_GGN_01,Gurugram,OFFICE,15.9,85.0,72.3,CCS2,90.0,True,49.96,47.92,38.86,44.28,1.139,0.5,0.0,NORMAL,False,False,EVENING,False
CHG_BDE0029C3B,2026-08-13 20:24:28,2026-08-13 20:24:28,2026-08-13 20:57:18,JNY_547222797,USR_60318,STN_DEL_02,Delhi,OFFICE,23.7,90.0,65.4,CCS2,90.0,True,43.36,41.94,35.33,32.84,0.929,1.0,0.0,NORMAL,False,False,EVENING,False
CHG_51D436C7AF,2026-08-13 20:24:34,2026-08-13 20:24:34,2026-08-13 20:46:41,JNY_448257822,USR_73564,STN_BLR_01,Bengaluru,OFFICE,40.9,90.0,90.0,CCS2,150.0,True,44.19,41.74,21.6,22.12,1.024,1.0,0.0,NORMAL,False,False,EVENING,False
CHG_0D9E449564,2026-08-13 20:28:08,2026-08-13 20:28:08,2026-08-13 21:27:49,JNY_685012115,USR_23212,STN_JPR_02,Jaipur,HIGHWAY,29.3,95.0,80.5,CHAdeMO,75.0,True,52.89,51.51,54.06,59.7,1.104,0.4,6.0,NORMAL,False,False,EVENING,False
CHG_B3C168C423,2026-08-13 20:30:50,2026-08-13 20:30:50,2026-08-13 20:49:11,JNY_388855428,USR_28089,STN_DEL_02,Delhi,OFFICE,41.3,85.0,66.9,CCS2,120.0,True,29.24,28.76,17.05,18.35,1.076,0.5,0.0,NORMAL,False,False,EVENING,False
CHG_448D23AE1A,2026-08-13 20:31:26,2026-08-13 20:31:26,2026-08-13 21:06:12,JNY_585971285,USR_49749,STN_MUM_01,Mumbai,MALL,39.6,95.0,88.8,CCS2,120.0,True,49.2,47.94,31.43,34.78,1.107,0.2,3.0,NORMAL,False,False,EVENING,False
CHG_75B36C7AC1,2026-08-13 20:32:54,2026-08-13 20:32:54,2026-08-13 21:24:16,JNY_145434627,USR_56822,STN_GGN_02,Gurugram,MALL,20.9,85.0,72.7,CHAdeMO,75.0,True,46.6,43.57,43.49,51.38,1.181,0.2,6.0,NORMAL,False,False,EVENING,False
CHG_C4BE148EA0,2026-08-13 20:32:58,2026-08-13 20:32:58,2026-08-13 21:24:59,JNY_424151466,USR_16321,STN_MUM_01,Mumbai,MALL,13.6,90.0,88.6,CCS2,120.0,True,67.69,64.08,41.37,52.03,1.258,0.2,7.0,NORMAL,False,False,EVENING,False
CHG_5F6B06AEE8,2026-08-13 20:45:04,2026-08-13 20:45:04,2026-08-13 21:13:25,JNY_632915057,USR_54522,STN_BLR_01,Bengaluru,OFFICE,25.0,80.0,86.1,CCS2,120.0,True,47.35,44.26,26.31,28.36,1.078,0.5,0.0,NORMAL,False,False,EVENING,False
CHG_DE31107B47,2026-08-13 20:45:57,2026-08-13 20:45:57,2026-08-13 21:12:40,JNY_127109764,USR_50860,STN_MUM_01,Mumbai,MALL,22.2,80.0,80.0,CCS2,120.0,True,46.24,44.67,25.69,26.73,1.041,0.4,0.0,NORMAL,False,False,EVENING,False
CHG_B4DE232B04,2026-08-13 20:46:57,2026-08-13 20:46:57,2026-08-13 22:45:21,JNY_861004367,USR_37884,STN_MUM_01,Mumbai,MALL,37.6,85.0,65.2,TYPE2_AC,22.0,False,30.9,28.54,98.33,118.41,1.204,0.2,2.0,NORMAL,False,False,EVENING,False
CHG_9EEC61DCE4,2026-08-13 20:47:28,2026-08-13 20:47:28,2026-08-13 23:25:40,JNY_976141685,USR_59629,STN_BLR_01,Bengaluru,OFFICE,29.6,85.0,66.4,TYPE2_AC,22.0,False,36.79,35.12,117.05,158.21,1.352,0.75,1.0,POWER_LIMITATION,True,False,EVENING,False
CHG_BD2586173A,2026-08-13 20:50:52,2026-08-13 20:50:52,2026-08-13 21:06:50,JNY_899305628,USR_66232,STN_JPR_02,Jaipur,HIGHWAY,45.5,80.0,82.1,CCS2,120.0,True,28.32,27.2,15.74,15.98,1.016,0.6,0.0,NORMAL,False,False,EVENING,False
CHG_5428F77F2F,2026-08-13 20:54:19,2026-08-13 20:54:19,2026-08-13 21:14:01,JNY_436157772,USR_88943,STN_BLR_01,Bengaluru,OFFICE,33.6,90.0,67.9,CCS2,150.0,True,38.3,37.08,18.72,19.71,1.053,0.75,0.0,NORMAL,False,False,EVENING,False
CHG_5674CA018B,2026-08-13 20:59:03,2026-08-13 20:59:03,2026-08-13 21:23:06,JNY_428625049,USR_45482,STN_BLR_01,Bengaluru,OFFICE,40.7,85.0,75.4,CCS2,90.0,True,33.4,31.97,25.98,24.06,0.926,1.0,0.0,NORMAL,False,False,EVENING,False
CHG_973143A68E,2026-08-13 21:05:10,2026-08-13 21:05:10,2026-08-13 21:52:17,JNY_154744855,USR_23546,STN_DEL_02,Delhi,OFFICE,36.2,85.0,75.8,CCS2,60.0,True,36.99,36.12,43.16,47.13,1.092,0.5,0.0,NORMAL,False,False,NIGHT,False
CHG_FC2F903FFF,2026-08-13 21:08:58,2026-08-13 21:08:58,2026-08-13 21:38:37,JNY_601452078,USR_57052,STN_GGN_01,Gurugram,OFFICE,26.3,90.0,70.0,CCS2,120.0,True,44.59,42.97,27.25,29.65,1.088,0.75,0.0,NORMAL,False,False,NIGHT,False
CHG_3CA90FCA87,2026-08-13 21:17:36,2026-08-13 21:17:36,2026-08-13 21:58:41,JNY_346607145,USR_52039,STN_JPR_01,Jaipur,MALL,14.5,90.0,61.7,CCS2,90.0,True,46.58,44.96,37.96,41.09,1.082,0.4,0.0,NORMAL,False,False,NIGHT,False
CHG_4AFA4B0D98,2026-08-13 21:25:28,2026-08-13 21:25:28,2026-08-13 22:34:56,JNY_433516071,USR_16930,STN_BLR_01,Bengaluru,OFFICE,19.4,95.0,73.0,CCS2,60.0,True,55.19,52.29,70.52,69.48,0.985,0.75,0.0,NORMAL,False,False,NIGHT,False
CHG_E183F677C5,2026-08-13 21:26:25,2026-08-13 21:26:25,2026-08-13 22:26:40,JNY_145577505,USR_14932,STN_GGN_02,Gurugram,MALL,11.7,85.0,86.0,CCS2,90.0,True,63.04,59.47,49.03,60.26,1.229,0.4,4.0,NORMAL,False,False,NIGHT,False
CHG_979E51057D,2026-08-13 21:26:59,2026-08-13 21:26:59,2026-08-13 21:57:44,JNY_462653893,USR_97877,STN_BLR_01,Bengaluru,OFFICE,29.2,80.0,73.7,CHAdeMO,75.0,True,37.44,35.83,33.28,30.77,0.924,1.0,0.0,NORMAL,False,False,NIGHT,False
CHG_2B960B3E3A,2026-08-13 21:31:19,2026-08-13 21:31:19,2026-08-14 03:31:19,JNY_771291819,USR_29641,STN_MUM_02,Mumbai,RESIDENTIAL,17.6,90.0,61.2,TYPE2_AC,11.0,False,44.31,43.28,295.39,360.0,1.219,0.5,6.0,NORMAL,False,False,NIGHT,False
CHG_F85A55C5EF,2026-08-13 21:35:39,2026-08-13 21:35:39,2026-08-13 22:13:27,JNY_306408298,USR_85858,STN_JPR_01,Jaipur,MALL,27.8,85.0,70.0,CCS2,90.0,True,40.04,38.61,31.14,37.8,1.214,0.2,2.0,NORMAL,False,False,NIGHT,False
CHG_D9C15CA791,2026-08-13 21:37:16,2026-08-13 21:37:16,2026-08-13 22:22:24,JNY_166381672,USR_53122,STN_JPR_02,Jaipur,HIGHWAY,16.1,95.0,79.0,CCS2,120.0,True,62.33,60.67,39.82,45.13,1.133,0.2,2.0,NORMAL,False,False,NIGHT,False
CHG_A15F086534,2026-08-13 21:42:16,2026-08-13 21:42:16,2026-08-13 23:56:02,JNY_778050747,USR_80865,STN_BLR_01,Bengaluru,OFFICE,34.6,80.0,88.2,TYPE2_AC,22.0,False,40.04,37.46,121.34,133.78,1.102,1.0,0.0,MINOR_SLOWDOWN,True,False,NIGHT,False
CHG_77A1E863FA,2026-08-13 22:01:46,2026-08-13 22:01:46,2026-08-13 22:33:31,JNY_389716943,USR_44039,STN_MUM_02,Mumbai,RESIDENTIAL,37.7,95.0,67.7,CCS2,120.0,True,38.79,36.33,24.78,31.75,1.281,0.5,11.0,NORMAL,False,False,NIGHT,False
CHG_AEE8D635D1,2026-08-13 22:08:26,2026-08-13 22:08:26,2026-08-13 23:20:39,JNY_216931542,USR_14604,STN_BLR_01,Bengaluru,OFFICE,33.7,80.0,53.5,TYPE2_AC,22.0,False,24.77,23.42,75.06,72.22,0.962,0.75,0.0,NORMAL,False,False,NIGHT,False
CHG_B1CD20142F,2026-08-13 22:11:33,2026-08-13 22:11:33,2026-08-13 22:21:39,JNY_342119460,USR_35939,STN_DEL_02,Delhi,OFFICE,54.1,90.0,59.2,CCS2,150.0,True,21.25,20.6,10.39,10.11,0.973,0.75,0.0,NORMAL,False,False,NIGHT,False
CHG_08478AFE4E,2026-08-13 22:11:55,2026-08-13 22:11:55,2026-08-14 00:28:47,JNY_734843590,USR_23394,STN_JPR_01,Jaipur,MALL,16.8,80.0,73.2,TYPE2_AC,22.0,False,46.26,43.0,140.19,136.87,0.976,1.0,0.0,NORMAL,False,False,NIGHT,False
CHG_ED29F4E494,2026-08-13 22:12:51,2026-08-13 22:12:51,2026-08-13 22:27:38,JNY_686133161,USR_96677,STN_JPR_01,Jaipur,MALL,38.4,80.0,59.4,CCS2,120.0,True,24.71,23.75,13.73,14.79,1.077,0.6,0.0,NORMAL,False,False,NIGHT,False
CHG_3F82D43058,2026-08-13 22:18:23,2026-08-13 22:18:23,2026-08-13 22:39:49,JNY_631743792,USR_39125,STN_GGN_02,Gurugram,MALL,19.6,85.0,62.6,CCS2,150.0,True,40.94,39.02,19.11,21.44,1.122,1.0,0.0,MINOR_SLOWDOWN,True,False,NIGHT,False
CHG_6B019FF00B,2026-08-13 22:21:15,2026-08-13 22:21:15,2026-08-13 22:46:42,JNY_342068208,USR_39053,STN_GGN_02,Gurugram,MALL,29.7,80.0,69.1,CCS2,90.0,True,34.76,34.52,25.75,25.46,0.989,0.8,0.0,NORMAL,False,False,NIGHT,False
CHG_8D4DBD9E30,2026-08-13 22:26:08,2026-08-13 22:26:08,2026-08-13 22:38:41,JNY_519006425,USR_23533,STN_MUM_01,Mumbai,MALL,55.3,85.0,74.3,CCS2,120.0,True,22.07,20.46,12.87,12.56,0.976,0.8,0.0,NORMAL,False,False,NIGHT,False
CHG_A3A2DB2A82,2026-08-13 22:31:49,2026-08-13 22:31:49,2026-08-13 22:57:32,JNY_342933358,USR_33789,STN_DEL_03,Delhi,HIGHWAY,38.9,80.0,75.3,CCS2,90.0,True,30.95,30.09,22.92,25.72,1.122,0.6,0.0,MINOR_SLOWDOWN,True,False,NIGHT,False
CHG_6AC8285865,2026-08-13 22:45:32,2026-08-13 22:45:32,2026-08-13 23:03:58,JNY_881975335,USR_42889,STN_DEL_03,Delhi,HIGHWAY,25.1,80.0,75.0,CCS2,150.0,True,41.17,40.29,18.3,18.44,1.008,0.6,0.0,NORMAL,False,False,NIGHT,False
CHG_E80D1C3B96,2026-08-13 22:46:03,2026-08-13 22:46:03,2026-08-13 23:07:06,JNY_691142487,USR_29960,STN_DEL_02,Delhi,OFFICE,41.6,80.0,65.8,CCS2,90.0,True,25.27,24.48,18.72,21.06,1.125,1.0,0.0,MINOR_SLOWDOWN,True,False,NIGHT,False
CHG_EC45471827,2026-08-13 22:52:32,2026-08-13 22:52:32,2026-08-13 23:13:58,JNY_993309656,USR_23264,STN_BLR_01,Bengaluru,OFFICE,25.2,85.0,71.5,CCS2,150.0,True,42.76,41.78,19.95,21.44,1.074,1.0,0.0,NORMAL,False,False,NIGHT,False
CHG_21CB1D0E29,2026-08-13 22:57:56,2026-08-13 22:57:56,2026-08-13 23:23:56,JNY_250912763,USR_42990,STN_BLR_01,Bengaluru,OFFICE,26.9,85.0,80.4,CCS2,120.0,True,46.71,44.86,27.25,26.01,0.954,1.0,0.0,NORMAL,False,False,NIGHT,False
CHG_91BA69882B,2026-08-13 23:07:19,2026-08-13 23:07:19,2026-08-13 23:49:41,JNY_377187163,USR_85344,STN_GGN_01,Gurugram,OFFICE,41.9,85.0,66.3,CHAdeMO,50.0,True,28.58,26.78,40.01,42.38,1.059,1.0,0.0,NORMAL,False,False,NIGHT,False
CHG_E2BA42C762,2026-08-13 23:29:34,2026-08-13 23:29:34,2026-08-13 23:56:47,JNY_380995376,USR_63638,STN_MUM_01,Mumbai,MALL,37.4,80.0,86.1,CCS2,90.0,True,36.68,35.34,27.17,27.22,1.002,0.8,0.0,NORMAL,False,False,NIGHT,False
CHG_D5F6689FA0,2026-08-14 00:16:13,2026-08-14 00:16:13,2026-08-14 00:59:39,JNY_623644657,USR_95703,STN_JPR_02,Jaipur,HIGHWAY,47.6,85.0,73.2,CHAdeMO,50.0,True,27.38,26.22,38.33,43.44,1.133,1.0,5.0,NORMAL,False,False,NIGHT,False
CHG_B42A8855C2,2026-08-14 01:17:49,2026-08-14 01:17:49,2026-08-14 01:40:03,JNY_656929606,USR_60877,STN_GGN_02,Gurugram,MALL,32.6,85.0,77.6,CCS2,120.0,True,40.66,38.78,23.72,22.24,0.938,1.0,0.0,NORMAL,False,False,NIGHT,False
CHG_50D0F086E1,2026-08-14 01:21:47,2026-08-14 01:21:47,2026-08-14 01:41:28,JNY_856997701,USR_29612,STN_DEL_02,Delhi,OFFICE,44.6,80.0,74.2,CCS2,90.0,True,26.27,24.51,19.46,19.69,1.012,1.0,0.0,NORMAL,False,False,NIGHT,False
CHG_BD199FD306,2026-08-14 01:53:53,2026-08-14 01:53:53,2026-08-14 07:34:08,JNY_615355078,USR_51325,STN_MUM_01,Mumbai,MALL,14.9,80.0,85.0,TYPE2_AC,11.0,False,55.33,51.77,335.36,340.26,1.015,1.0,4.0,NORMAL,False,False,NIGHT,False
CHG_38DF916F6B,2026-08-14 02:03:35,2026-08-14 02:03:35,2026-08-14 02:47:30,JNY_875982138,USR_11822,STN_DEL_01,Delhi,MALL,19.7,85.0,71.9,CCS2,90.0,True,46.95,45.35,36.52,43.93,1.203,1.0,0.0,MINOR_SLOWDOWN,True,False,NIGHT,False
CHG_B1D55E7C41,2026-08-14 02:23:28,2026-08-14 02:23:28,2026-08-14 02:52:30,JNY_259498904,USR_83867,STN_MUM_02,Mumbai,RESIDENTIAL,20.4,95.0,61.7,CCS2,120.0,True,46.03,45.0,29.41,29.04,0.988,0.75,0.0,NORMAL,False,False,NIGHT,False
CHG_E753CCC74C,2026-08-14 03:12:45,2026-08-14 03:12:45,2026-08-14 03:39:17,JNY_183120818,USR_66442,STN_JPR_02,Jaipur,HIGHWAY,20.8,80.0,61.0,CCS2,90.0,True,36.11,33.94,26.75,26.55,0.992,1.0,0.0,NORMAL,False,False,NIGHT,False
CHG_AABE1C63E3,2026-08-14 03:18:18,2026-08-14 03:18:18,2026-08-14 03:31:44,JNY_316516627,USR_35324,STN_MUM_02,Mumbai,RESIDENTIAL,58.9,80.0,90.0,CCS2,90.0,True,18.99,17.76,14.07,13.43,0.955,1.0,0.0,NORMAL,False,False,NIGHT,False
CHG_B07CB947D1,2026-08-14 03:23:53,2026-08-14 03:23:53,2026-08-14 03:52:08,JNY_188080001,USR_40610,STN_MUM_02,Mumbai,RESIDENTIAL,22.9,80.0,85.2,CCS2,120.0,True,48.65,46.25,27.03,28.26,1.045,1.0,0.0,NORMAL,False,False,NIGHT,False
CHG_14AFBDF8FA,2026-08-14 04:08:04,2026-08-14 04:08:04,2026-08-14 04:33:25,JNY_606453489,USR_55722,STN_JPR_02,Jaipur,HIGHWAY,19.4,85.0,71.4,CCS2,120.0,True,46.84,44.77,27.32,25.36,0.928,0.8,0.0,NORMAL,False,False,NIGHT,False
CHG_7F654283CB,2026-08-14 04:09:01,2026-08-14 04:09:01,2026-08-14 06:51:06,JNY_767258073,USR_84329,STN_DEL_03,Delhi,HIGHWAY,17.4,85.0,80.7,TYPE2_AC,22.0,False,54.55,53.56,173.58,162.09,0.934,0.6,0.0,NORMAL,False,False,NIGHT,False
CHG_55406C8699,2026-08-14 04:22:34,2026-08-14 04:22:34,2026-08-14 04:45:27,JNY_375541506,USR_79731,STN_DEL_03,Delhi,HIGHWAY,40.0,85.0,73.0,CCS2,120.0,True,32.85,31.68,19.16,22.9,1.195,1.0,0.0,MINOR_SLOWDOWN,True,False,NIGHT,False
CHG_518CB5EF39,2026-08-14 04:53:14,2026-08-14 04:53:14,2026-08-14 05:49:39,JNY_372951653,USR_45610,STN_GGN_02,Gurugram,MALL,15.5,80.0,72.2,CCS2,60.0,True,46.57,45.79,51.74,56.43,1.091,1.0,0.0,NORMAL,False,False,NIGHT,False
CHG_014C378046,2026-08-14 05:11:39,2026-08-14 05:11:39,2026-08-14 05:49:25,JNY_578795298,USR_58116,STN_GGN_02,Gurugram,MALL,34.2,90.0,81.2,CCS2,90.0,True,45.31,44.52,36.92,37.78,1.023,0.8,0.0,NORMAL,False,False,NIGHT,False
CHG_DAB4FE9550,2026-08-14 05:14:21,2026-08-14 05:14:21,2026-08-14 05:25:52,JNY_335163533,USR_51800,STN_JPR_02,Jaipur,HIGHWAY,54.8,85.0,60.9,CCS2,120.0,True,18.39,17.46,10.73,11.52,1.074,1.0,3.0,NORMAL,False,False,NIGHT,False
CHG_A264BE2B3B,2026-08-14 05:26:22,2026-08-14 05:26:22,2026-08-14 06:06:17,JNY_271991773,USR_97503,STN_MUM_01,Mumbai,MALL,34.2,90.0,71.6,CHAdeMO,75.0,True,39.95,38.26,39.06,39.92,1.022,1.0,0.0,NORMAL,False,False,NIGHT,False
CHG_1F5092F205,2026-08-14 05:26:56,2026-08-14 05:26:56,2026-08-14 05:46:22,JNY_235058525,USR_20511,STN_DEL_01,Delhi,MALL,40.0,85.0,86.8,CCS2,150.0,True,39.06,37.77,18.23,19.44,1.066,1.0,0.0,NORMAL,False,False,NIGHT,False
CHG_BE0B92186F,2026-08-14 05:39:18,2026-08-14 05:39:18,2026-08-14 06:15:23,JNY_733030084,USR_15769,STN_JPR_02,Jaipur,HIGHWAY,36.9,90.0,83.0,CCS2,90.0,True,44.07,41.55,35.91,36.09,1.005,0.6,0.0,NORMAL,False,False,NIGHT,False
CHG_198DEA5103,2026-08-14 05:49:22,2026-08-14 05:49:22,2026-08-14 06:43:50,JNY_356279872,USR_36378,STN_GGN_02,Gurugram,MALL,33.3,90.0,80.4,CCS2,60.0,True,45.59,44.38,55.72,54.47,0.978,0.8,0.0,NORMAL,False,False,NIGHT,False
CHG_0DDAD6959B,2026-08-14 05:52:10,2026-08-14 05:52:10,2026-08-14 06:11:48,JNY_217905305,USR_25920,STN_GGN_01,Gurugram,OFFICE,52.3,85.0,78.4,CHAdeMO,100.0,True,25.64,24.72,17.95,19.65,1.095,1.0,0.0,NORMAL,False,False,NIGHT,False
CHG_03B4984338,2026-08-14 05:57:42,2026-08-14 05:57:42,2026-08-14 07:26:08,JNY_322019161,USR_94376,STN_GGN_02,Gurugram,MALL,17.5,90.0,81.1,CHAdeMO,50.0,True,58.8,56.4,86.24,88.44,1.026,0.6,0.0,NORMAL,False,False,NIGHT,False
CHG_E00B5C6480,2026-08-14 05:58:23,2026-08-14 05:58:23,2026-08-14 08:20:36,JNY_994650139,USR_61438,STN_JPR_01,Jaipur,MALL,33.1,90.0,79.5,TYPE2_AC,22.0,False,45.24,43.97,150.79,142.23,0.943,1.0,0.0,NORMAL,False,False,NIGHT,False
CHG_9DFD1337CB,2026-08-14 05:59:45,2026-08-14 05:59:45,2026-08-14 07:01:45,JNY_116583404,USR_34476,STN_DEL_03,Delhi,HIGHWAY,16.9,80.0,59.0,CHAdeMO,50.0,True,37.23,35.33,49.64,62.0,1.249,1.0,0.0,MINOR_SLOWDOWN,True,False,NIGHT,False
CHG_4009CE5AFF,2026-08-14 06:03:20,2026-08-14 06:03:20,2026-08-14 06:30:04,JNY_654210263,USR_39672,STN_MUM_02,Mumbai,RESIDENTIAL,13.5,85.0,86.0,CCS2,150.0,True,61.49,59.98,28.7,26.75,0.932,0.75,0.0,NORMAL,False,False,MORNING,False
CHG_9C47130EF4,2026-08-14 06:13:07,2026-08-14 06:13:07,2026-08-14 07:15:22,JNY_931110830,USR_22912,STN_BLR_01,Bengaluru,OFFICE,19.6,85.0,75.3,CCS2,60.0,True,49.25,47.83,57.45,62.26,1.084,1.0,0.0,NORMAL,False,False,MORNING,False
CHG_80E0DAAFAB,2026-08-14 06:17:33,2026-08-14 06:17:33,2026-08-14 07:25:11,JNY_125298720,USR_23072,STN_MUM_02,Mumbai,RESIDENTIAL,57.0,85.0,73.1,TYPE2_AC,22.0,False,20.47,19.56,65.13,67.65,1.039,0.5,0.0,NORMAL,False,False,MORNING,False
CHG_BBF4038388,2026-08-14 06:21:50,2026-08-14 06:21:50,2026-08-14 06:48:26,JNY_690247036,USR_48661,STN_GGN_02,Gurugram,MALL,17.1,85.0,67.4,CCS2,120.0,True,45.76,42.09,26.7,26.6,0.996,0.6,0.0,NORMAL,False,False,MORNING,False
CHG_0EE543A938,2026-08-14 06:40:20,2026-08-14 06:40:20,2026-08-14 07:05:50,JNY_622014833,USR_89127,STN_DEL_01,Delhi,MALL,39.9,85.0,89.7,CCS2,120.0,True,40.45,39.05,23.6,25.51,1.081,0.8,0.0,NORMAL,False,False,MORNING,False
CHG_7796C75FD6,2026-08-14 06:42:48,2026-08-14 06:42:48,2026-08-14 12:42:48,JNY_415845997,USR_86987,STN_JPR_01,Jaipur,MALL,19.2,85.0,75.1,TYPE2_AC,7.2,False,49.42,47.15,480.43,360.0,0.749,0.4,0.0,NORMAL,False,False,MORNING,False
CHG_D4373B22B8,2026-08-14 06:49:36,2026-08-14 06:49:36,2026-08-14 07:14:25,JNY_353742408,USR_49734,STN_GGN_01,Gurugram,OFFICE,49.1,90.0,71.2,CCS2,90.0,True,29.12,27.97,23.73,24.82,1.046,0.75,0.0,NORMAL,False,False,MORNING,False
CHG_299C4927F5,2026-08-14 06:55:30,2026-08-14 06:55:30,2026-08-14 07:22:05,JNY_743652084,USR_33556,STN_GGN_02,Gurugram,MALL,33.2,80.0,74.6,CHAdeMO,100.0,True,34.91,33.65,23.28,26.6,1.143,0.8,4.0,NORMAL,False,False,MORNING,False
CHG_18C6C0EBC9,2026-08-14 06:56:31,2026-08-14 06:56:31,2026-08-14 07:20:52,JNY_511026943,USR_31622,STN_MUM_01,Mumbai,MALL,12.6,80.0,64.3,CCS2,120.0,True,43.34,41.0,24.08,24.35,1.011,0.6,0.0,NORMAL,False,False,MORNING,False
CHG_C19A388F2A,2026-08-14 07:02:18,2026-08-14 07:02:18,2026-08-14 10:52:09,JNY_471740836,USR_30016,STN_BLR_01,Bengaluru,OFFICE,49.0,85.0,69.4,TYPE2_AC,7.2,False,24.98,24.16,242.9,229.86,0.946,0.75,0.0,NORMAL,False,False,MORNING,False
CHG_5C31978B8A,2026-08-14 07:05:55,2026-08-14 07:05:55,2026-08-14 07:27:53,JNY_435287223,USR_60619,STN_DEL_03,Delhi,HIGHWAY,48.3,85.0,73.8,CCS2,90.0,True,27.08,26.1,21.07,21.98,1.044,0.6,0.0,NORMAL,False,False,MORNING,False
CHG_1596F35E70,2026-08-14 07:08:41,2026-08-14 07:08:41,2026-08-14 07:43:45,JNY_739057988,USR_85935,STN_DEL_02,Delhi,OFFICE,32.6,90.0,89.0,CCS2,120.0,True,51.09,48.42,31.22,35.07,1.123,1.0,2.0,NORMAL,False,False,MORNING,False
CHG_51EEB2D777,2026-08-14 07:11:36,2026-08-14 07:11:36,2026-08-14 07:52:12,JNY_444731318,USR_21845,STN_MUM_01,Mumbai,MALL,43.5,85.0,90.0,CCS2,90.0,True,37.35,35.24,29.05,40.61,1.398,0.2,12.0,NORMAL,False,False,MORNING,False
CHG_F31614EB17,2026-08-14 07:13:02,2026-08-14 07:13:02,2026-08-14 07:44:41,JNY_407596048,USR_27098,STN_MUM_01,Mumbai,MALL,29.2,80.0,82.0,CHAdeMO,100.0,True,41.66,40.55,27.77,31.66,1.14,0.4,0.0,NORMAL,False,False,MORNING,False
CHG_C4DFC9EB04,2026-08-14 07:13:05,2026-08-14 07:13:05,2026-08-14 07:40:09,JNY_919648462,USR_67719,STN_DEL_03,Delhi,HIGHWAY,42.5,80.0,75.0,CHAdeMO,75.0,True,28.12,27.17,25.0,27.07,1.083,0.4,0.0,NORMAL,False,False,MORNING,False
CHG_59B6F1109C,2026-08-14 07:19:36,2026-08-14 07:19:36,2026-08-14 07:53:06,JNY_378746741,USR_46365,STN_DEL_03,Delhi,HIGHWAY,25.8,85.0,80.8,CHAdeMO,100.0,True,47.83,45.99,33.48,33.5,1.001,0.6,0.0,NORMAL,False,False,MORNING,False
CHG_32BBEABFEC,2026-08-14 07:24:37,2026-08-14 07:24:37,2026-08-14 07:47:58,JNY_187734613,USR_74340,STN_JPR_01,Jaipur,MALL,42.6,85.0,65.5,CCS2,150.0,True,27.77,26.18,12.96,23.36,1.802,0.4,7.0,POWER_LIMITATION,True,True,MORNING,False
CHG_7CFC6364BA,2026-08-14 07:25:20,2026-08-14 07:25:20,2026-08-14 07:56:03,JNY_889577372,USR_55036,STN_JPR_02,Jaipur,HIGHWAY,36.3,80.0,87.5,CCS2,90.0,True,38.24,37.0,28.32,30.72,1.085,0.4,0.0,NORMAL,False,False,MORNING,False
CHG_CE384F714D,2026-08-14 07:26:23,2026-08-14 07:26:23,2026-08-14 09:43:43,JNY_354932617,USR_37538,STN_DEL_03,Delhi,HIGHWAY,39.7,80.0,90.0,TYPE2_AC,22.0,False,36.27,34.22,109.91,137.34,1.25,0.6,0.0,MINOR_SLOWDOWN,True,False,MORNING,False
CHG_A58F710A64,2026-08-14 07:26:58,2026-08-14 07:26:58,2026-08-14 07:58:11,JNY_852476547,USR_84501,STN_BLR_01,Bengaluru,OFFICE,30.5,85.0,70.5,CCS2,90.0,True,38.42,37.46,29.88,31.23,1.045,0.75,0.0,NORMAL,False,False,MORNING,False
CHG_CC35441EC8,2026-08-14 07:27:54,2026-08-14 07:27:54,2026-08-14 08:11:29,JNY_500628813,USR_42133,STN_DEL_02,Delhi,OFFICE,40.8,80.0,82.9,CHAdeMO,50.0,True,32.5,31.55,43.33,43.6,1.006,0.75,2.0,NORMAL,False,False,MORNING,False
CHG_35A13D8465,2026-08-14 07:30:50,2026-08-14 07:30:50,2026-08-14 08:01:26,JNY_328108085,USR_90122,STN_MUM_02,Mumbai,RESIDENTIAL,29.4,80.0,80.2,CCS2,90.0,True,40.58,39.62,30.06,30.6,1.018,0.5,0.0,NORMAL,False,False,MORNING,False
CHG_EF590ADF90,2026-08-14 07:32:50,2026-08-14 07:32:50,2026-08-14 08:08:27,JNY_229949039,USR_48890,STN_GGN_02,Gurugram,MALL,21.6,90.0,60.8,CCS2,90.0,True,41.59,40.78,33.89,35.62,1.051,0.6,0.0,NORMAL,False,False,MORNING,False
CHG_610E9E6B06,2026-08-14 07:34:48,2026-08-14 07:34:48,2026-08-14 08:26:59,JNY_580177143,USR_76052,STN_JPR_02,Jaipur,HIGHWAY,16.4,80.0,74.1,CHAdeMO,75.0,True,47.13,45.73,41.89,52.19,1.246,0.4,11.0,NORMAL,False,False,MORNING,False
CHG_14FA3CD95B,2026-08-14 07:37:18,2026-08-14 07:37:18,2026-08-14 08:04:29,JNY_960876612,USR_59964,STN_DEL_03,Delhi,HIGHWAY,21.3,85.0,90.0,CCS2,150.0,True,57.33,55.51,26.75,27.19,1.016,0.4,0.0,NORMAL,False,False,MORNING,False
CHG_F2D21F39E3,2026-08-14 07:38:19,2026-08-14 07:38:19,2026-08-14 08:04:11,JNY_110169432,USR_47789,STN_MUM_01,Mumbai,MALL,20.6,95.0,54.5,CCS2,120.0,True,40.55,39.59,25.91,25.87,0.999,0.6,1.0,NORMAL,False,False,MORNING,False
CHG_66685A13CA,2026-08-14 07:39:57,2026-08-14 07:39:57,2026-08-14 08:17:48,JNY_755520865,USR_16889,STN_DEL_01,Delhi,MALL,32.1,80.0,65.2,CCS2,60.0,True,31.23,29.94,34.7,37.87,1.091,0.4,5.0,NORMAL,False,False,MORNING,False
CHG_53155D639C,2026-08-14 07:48:33,2026-08-14 07:48:33,2026-08-14 13:48:33,JNY_942067201,USR_87104,STN_GGN_01,Gurugram,OFFICE,24.6,80.0,88.0,TYPE2_AC,7.2,False,48.75,46.86,451.41,360.0,0.798,1.0,0.0,MINOR_SLOWDOWN,True,False,MORNING,False
CHG_BD41F5D46C,2026-08-14 07:54:08,2026-08-14 07:54:08,2026-08-14 08:59:49,JNY_503533252,USR_65357,STN_GGN_02,Gurugram,MALL,53.2,80.0,61.2,TYPE2_AC,22.0,False,16.4,16.27,49.7,65.69,1.322,0.4,11.0,NORMAL,False,False,MORNING,False
CHG_F743C07B67,2026-08-14 07:58:30,2026-08-14 07:58:30,2026-08-14 08:26:04,JNY_833650370,USR_29019,STN_DEL_02,Delhi,OFFICE,11.9,85.0,74.2,CCS2,150.0,True,54.24,52.75,25.31,27.58,1.09,0.75,0.0,NORMAL,False,False,MORNING,False
CHG_5647FF9C91,2026-08-14 07:58:35,2026-08-14 07:58:35,2026-08-14 12:24:26,JNY_934789892,USR_81086,STN_MUM_01,Mumbai,MALL,18.4,95.0,88.4,TYPE2_AC,22.0,False,67.71,63.83,235.97,265.86,1.127,0.4,0.0,NORMAL,False,False,MORNING,False
CHG_ACDD205677,2026-08-14 07:59:48,2026-08-14 07:59:48,2026-08-14 09:07:59,JNY_756240361,USR_58078,STN_GGN_02,Gurugram,MALL,61.2,85.0,79.5,TYPE2_AC,22.0,False,18.92,18.24,60.2,68.19,1.133,0.4,0.0,NORMAL,False,False,MORNING,False
CHG_7166AEE590,2026-08-14 08:02:57,2026-08-14 08:02:57,2026-08-14 08:41:22,JNY_895357626,USR_17431,STN_MUM_01,Mumbai,MALL,21.1,80.0,84.7,CCS2,90.0,True,49.89,49.15,36.95,38.43,1.04,0.6,0.0,NORMAL,False,False,MORNING,False
CHG_37A56F3F91,2026-08-14 08:05:06,2026-08-14 08:05:06,2026-08-14 09:01:22,JNY_462876206,USR_93726,STN_DEL_01,Delhi,MALL,16.2,85.0,84.9,CHAdeMO,75.0,True,58.41,57.66,54.52,56.27,1.032,0.6,0.0,NORMAL,False,False,MORNING,False
CHG_85DE9CBDE0,2026-08-14 08:17:28,2026-08-14 08:17:28,2026-08-14 08:51:32,JNY_574537228,USR_18216,STN_GGN_01,Gurugram,OFFICE,33.3,85.0,79.1,CCS2,90.0,True,40.89,39.01,31.81,34.07,1.071,0.75,0.0,NORMAL,False,False,MORNING,False
CHG_CA9CE82272,2026-08-14 08:23:16,2026-08-14 08:23:16,2026-08-14 08:45:51,JNY_568186529,USR_78503,STN_MUM_01,Mumbai,MALL,25.8,80.0,63.6,CCS2,120.0,True,34.47,33.26,19.15,22.6,1.18,0.2,5.0,NORMAL,False,False,MORNING,False
CHG_C3BCABC693,2026-08-14 08:23:25,2026-08-14 08:23:25,2026-08-14 11:40:44,JNY_276198120,USR_46968,STN_JPR_01,Jaipur,MALL,34.7,90.0,53.8,TYPE2_AC,11.0,False,29.75,29.09,198.34,197.33,0.995,0.4,0.0,NORMAL,False,False,MORNING,False
CHG_F39A7E7FD9,2026-08-14 08:27:18,2026-08-14 08:27:18,2026-08-14 08:43:35,JNY_103629023,USR_52563,STN_GGN_01,Gurugram,OFFICE,38.7,80.0,82.4,CCS2,150.0,True,34.03,32.89,15.12,16.29,1.077,1.0,0.0,NORMAL,False,False,MORNING,False
CHG_15281B3AA1,2026-08-14 08:27:23,2026-08-14 08:27:23,2026-08-14 08:43:17,JNY_367856764,USR_79711,STN_MUM_01,Mumbai,MALL,29.7,80.0,59.2,CCS2,120.0,True,29.78,28.94,16.54,15.91,0.961,0.8,0.0,NORMAL,False,False,MORNING,False
CHG_8E2C5D9604,2026-08-14 08:28:28,2026-08-14 08:28:28,2026-08-14 13:44:11,JNY_771183639,USR_78033,STN_MUM_02,Mumbai,RESIDENTIAL,29.7,90.0,69.8,TYPE2_AC,11.0,False,42.09,38.86,280.6,315.73,1.125,1.0,2.0,NORMAL,False,False,MORNING,False
CHG_7C82B0FD98,2026-08-14 08:28:35,2026-08-14 08:28:35,2026-08-14 09:12:10,JNY_763394982,USR_15904,STN_DEL_01,Delhi,MALL,39.6,90.0,66.5,CCS2,60.0,True,33.52,31.69,40.96,43.6,1.064,1.0,0.0,NORMAL,False,False,MORNING,False
CHG_8A35890536,2026-08-14 08:28:49,2026-08-14 08:28:49,2026-08-14 08:50:51,JNY_297748552,USR_66534,STN_BLR_01,Bengaluru,OFFICE,30.9,90.0,59.0,CCS2,120.0,True,34.87,34.0,21.31,22.04,1.034,0.5,0.0,NORMAL,False,False,MORNING,False
CHG_D161A5F8E5,2026-08-14 08:29:01,2026-08-14 08:29:01,2026-08-14 08:46:14,JNY_668211163,USR_78408,STN_GGN_02,Gurugram,MALL,25.0,85.0,61.8,CCS2,150.0,True,37.08,36.89,17.3,17.22,0.995,0.6,0.0,NORMAL,False,False,MORNING,False
CHG_5026D30BBC,2026-08-14 08:31:06,2026-08-14 08:31:06,2026-08-14 14:31:06,JNY_153331050,USR_21431,STN_DEL_03,Delhi,HIGHWAY,27.6,80.0,66.8,TYPE2_AC,7.2,False,35.0,33.84,324.1,360.0,1.111,0.2,5.0,NORMAL,False,False,MORNING,False
CHG_1E31F228F2,2026-08-14 08:31:44,2026-08-14 08:31:44,2026-08-14 14:09:05,JNY_585048097,USR_15767,STN_JPR_01,Jaipur,MALL,21.7,85.0,79.1,TYPE2_AC,11.0,False,50.07,48.96,318.63,337.35,1.059,0.8,2.0,NORMAL,False,False,MORNING,False
CHG_096E2706A9,2026-08-14 08:33:49,2026-08-14 08:33:49,2026-08-14 09:09:36,JNY_700302017,USR_72351,STN_JPR_02,Jaipur,HIGHWAY,33.9,90.0,87.5,CCS2,120.0,True,49.09,45.54,30.0,35.79,1.193,0.2,6.0,NORMAL,False,False,MORNING,False
CHG_BC413D8F4A,2026-08-14 08:35:20,2026-08-14 08:35:20,2026-08-14 12:30:03,JNY_794938461,USR_31519,STN_GGN_01,Gurugram,OFFICE,29.6,85.0,65.6,TYPE2_AC,11.0,False,36.34,35.69,231.27,234.72,1.015,0.75,2.0,NORMAL,False,False,MORNING,False
CHG_ECDC127E1A,2026-08-14 08:38:48,2026-08-14 08:38:48,2026-08-14 09:05:08,JNY_815070108,USR_43184,STN_MUM_01,Mumbai,MALL,25.3,80.0,66.2,CCS2,90.0,True,36.21,34.62,26.82,26.34,0.982,0.4,0.0,NORMAL,False,False,MORNING,False
CHG_53CD64068B,2026-08-14 08:44:31,2026-08-14 08:44:31,2026-08-14 09:05:27,JNY_343725793,USR_96318,STN_DEL_03,Delhi,HIGHWAY,35.0,80.0,71.9,CCS2,120.0,True,32.36,31.18,17.98,20.94,1.165,0.2,2.0,NORMAL,False,False,MORNING,False
CHG_8A9F622E07,2026-08-14 08:47:44,2026-08-14 08:47:44,2026-08-14 09:39:33,JNY_520238397,USR_12444,STN_DEL_03,Delhi,HIGHWAY,27.4,90.0,64.8,CCS2,60.0,True,40.56,38.95,49.58,51.83,1.045,0.6,0.0,NORMAL,False,False,MORNING,False
CHG_174C0D3917,2026-08-14 08:52:22,2026-08-14 08:52:22,2026-08-14 09:21:32,JNY_616969108,USR_67644,STN_GGN_02,Gurugram,MALL,19.5,85.0,66.0,CCS2,120.0,True,43.23,42.07,25.22,29.17,1.157,0.4,6.0,NORMAL,False,False,MORNING,False
CHG_F4E6EC3BC2,2026-08-14 08:52:37,2026-08-14 08:52:37,2026-08-14 09:54:40,JNY_749852559,USR_61455,STN_DEL_03,Delhi,HIGHWAY,20.2,80.0,86.1,CHAdeMO,75.0,True,51.49,49.36,45.77,62.05,1.356,0.2,20.0,NORMAL,False,False,MORNING,False
CHG_D624AA7D87,2026-08-14 08:53:10,2026-08-14 08:53:10,2026-08-14 09:24:04,JNY_222194693,USR_34126,STN_JPR_01,Jaipur,MALL,27.8,85.0,89.9,CCS2,150.0,True,51.42,50.06,24.0,30.92,1.288,0.2,3.0,NORMAL,False,False,MORNING,False
CHG_3BE49B3F69,2026-08-14 08:58:45,2026-08-14 08:58:45,2026-08-14 09:20:55,JNY_586260482,USR_98570,STN_MUM_02,Mumbai,RESIDENTIAL,26.8,80.0,72.9,CCS2,120.0,True,38.78,37.14,21.55,22.17,1.029,0.75,0.0,NORMAL,False,False,MORNING,False
CHG_4D388A288A,2026-08-14 08:59:33,2026-08-14 08:59:33,2026-08-14 10:27:26,JNY_161844746,USR_29943,STN_GGN_01,Gurugram,OFFICE,39.4,80.0,73.3,TYPE2_AC,22.0,False,29.76,28.29,90.18,87.89,0.975,1.0,2.0,NORMAL,False,False,MORNING,False
CHG_F4A22CFC80,2026-08-14 09:00:33,2026-08-14 09:00:33,2026-08-14 09:28:38,JNY_719342038,USR_30778,STN_DEL_03,Delhi,HIGHWAY,39.1,95.0,83.4,CCS2,150.0,True,46.62,44.45,23.83,28.09,1.179,0.4,4.0,NORMAL,False,False,MORNING,False
CHG_249B5BCFD9,2026-08-14 09:02:28,2026-08-14 09:02:28,2026-08-14 15:02:28,JNY_646292354,USR_67320,STN_DEL_03,Delhi,HIGHWAY,18.9,90.0,69.1,TYPE2_AC,7.2,False,49.13,47.8,500.4,360.0,0.719,0.4,3.0,NORMAL,False,False,MORNING,False
CHG_6F95E01862,2026-08-14 09:02:53,2026-08-14 09:02:53,2026-08-14 09:36:53,JNY_542450813,USR_80330,STN_GGN_01,Gurugram,OFFICE,16.9,80.0,71.5,CCS2,90.0,True,45.12,44.3,33.42,34.01,1.018,1.0,0.0,NORMAL,False,False,MORNING,False
CHG_6BF0F95BD9,2026-08-14 09:04:08,2026-08-14 09:04:08,2026-08-14 09:50:50,JNY_619068594,USR_94938,STN_DEL_02,Delhi,OFFICE,36.3,90.0,89.7,CCS2,90.0,True,48.17,45.89,39.25,46.71,1.19,0.75,0.0,MINOR_SLOWDOWN,True,False,MORNING,False
CHG_B3BE6A9D63,2026-08-14 09:04:08,2026-08-14 09:04:08,2026-08-14 09:23:58,JNY_473893090,USR_51913,STN_JPR_01,Jaipur,MALL,41.1,85.0,67.8,CCS2,150.0,True,29.76,28.81,13.89,19.85,1.429,0.2,18.0,NORMAL,False,False,MORNING,False
CHG_A2A17B4426,2026-08-14 09:04:09,2026-08-14 09:04:09,2026-08-14 09:28:28,JNY_714719909,USR_79270,STN_MUM_02,Mumbai,RESIDENTIAL,27.5,80.0,89.2,CCS2,120.0,True,46.83,44.78,26.02,24.32,0.935,1.0,0.0,NORMAL,False,False,MORNING,False
CHG_78802AF1DF,2026-08-14 09:04:30,2026-08-14 09:04:30,2026-08-14 09:27:16,JNY_581949480,USR_45088,STN_GGN_02,Gurugram,MALL,41.0,85.0,66.9,CCS2,120.0,True,29.44,28.46,17.17,22.78,1.327,0.2,9.0,NORMAL,False,False,MORNING,False
CHG_B23EF4B2FC,2026-08-14 09:09:54,2026-08-14 09:09:54,2026-08-14 09:26:48,JNY_341474462,USR_20896,STN_GGN_01,Gurugram,OFFICE,41.8,80.0,74.1,CCS2,120.0,True,28.31,26.8,15.73,16.91,1.075,0.75,0.0,NORMAL,False,False,MORNING,False
CHG_FB3EB5701E,2026-08-14 09:11:22,2026-08-14 09:11:22,2026-08-14 15:11:22,JNY_443621339,USR_25994,STN_GGN_02,Gurugram,MALL,19.4,85.0,90.0,TYPE2_AC,11.0,False,59.04,57.96,375.71,360.0,0.958,0.6,0.0,NORMAL,False,False,MORNING,False
CHG_5ACBBFF3C4,2026-08-14 09:14:15,2026-08-14 09:14:15,2026-08-14 10:07:09,JNY_695852210,USR_87823,STN_BLR_01,Bengaluru,OFFICE,33.1,90.0,58.1,CHAdeMO,50.0,True,33.06,32.07,48.49,52.9,1.091,0.25,3.0,NORMAL,False,False,MORNING,False
CHG_7CABCADA6A,2026-08-14 09:24:09,2026-08-14 09:24:09,2026-08-14 10:07:50,JNY_883757147,USR_96448,STN_JPR_01,Jaipur,MALL,38.7,90.0,72.3,CCS2,60.0,True,37.09,36.9,45.33,43.7,0.964,0.6,0.0,NORMAL,False,False,MORNING,False
CHG_6A2CD3B026,2026-08-14 09:25:06,2026-08-14 09:25:06,2026-08-14 09:57:18,JNY_285577128,USR_24102,STN_JPR_01,Jaipur,MALL,24.3,80.0,76.3,CCS2,90.0,True,42.5,40.43,31.48,32.21,1.023,0.4,0.0,NORMAL,False,False,MORNING,False
CHG_C18A8481C7,2026-08-14 09:27:19,2026-08-14 09:27:19,2026-08-14 10:01:50,JNY_653869172,USR_96251,STN_MUM_02,Mumbai,RESIDENTIAL,20.0,85.0,71.0,CCS2,90.0,True,46.15,43.78,35.89,34.52,0.962,0.75,0.0,NORMAL,False,False,MORNING,False
CHG_BD4463645F,2026-08-14 09:31:43,2026-08-14 09:31:43,2026-08-14 10:00:12,JNY_165659705,USR_28013,STN_JPR_02,Jaipur,HIGHWAY,25.7,85.0,60.2,CCS2,90.0,True,35.7,34.76,27.77,28.5,1.026,0.4,0.0,NORMAL,False,False,MORNING,False
CHG_297456CB0A,2026-08-14 09:32:05,2026-08-14 09:32:05,2026-08-14 09:58:27,JNY_545898974,USR_75712,STN_MUM_02,Mumbai,RESIDENTIAL,46.9,90.0,78.0,CCS2,90.0,True,33.62,32.68,27.39,26.38,0.963,1.0,0.0,NORMAL,False,False,MORNING,False
CHG_6FBAC21161,2026-08-14 09:37:42,2026-08-14 09:37:42,2026-08-14 10:36:58,JNY_194572224,USR_10456,STN_GGN_01,Gurugram,OFFICE,18.3,85.0,69.7,CCS2,60.0,True,46.49,45.86,54.24,59.27,1.093,0.25,2.0,NORMAL,False,False,MORNING,False
CHG_FCBC1B4D91,2026-08-14 09:38:58,2026-08-14 09:38:58,2026-08-14 11:01:13,JNY_905420690,USR_89307,STN_BLR_01,Bengaluru,OFFICE,33.2,85.0,90.0,CCS2,60.0,True,46.62,43.99,54.39,82.25,1.512,0.25,23.0,NORMAL,False,True,MORNING,False
CHG_EE57004BAE,2026-08-14 09:39:52,2026-08-14 09:39:52,2026-08-14 10:05:34,JNY_481972553,USR_35940,STN_MUM_02,Mumbai,RESIDENTIAL,27.7,90.0,62.3,CCS2,120.0,True,38.81,36.45,23.72,25.7,1.084,1.0,0.0,NORMAL,False,False,MORNING,False
CHG_5EB29CBCE5,2026-08-14 09:47:41,2026-08-14 09:47:41,2026-08-14 12:22:11,JNY_660843401,USR_10552,STN_MUM_01,Mumbai,MALL,30.6,85.0,69.8,TYPE2_AC,22.0,False,37.97,36.29,120.82,154.5,1.279,0.4,9.0,NORMAL,False,False,MORNING,False
CHG_44C07D8B67,2026-08-14 09:49:50,2026-08-14 09:49:50,2026-08-14 10:10:44,JNY_229992054,USR_75574,STN_GGN_02,Gurugram,MALL,39.7,85.0,61.4,CCS2,90.0,True,27.81,27.14,21.63,20.9,0.966,0.8,0.0,NORMAL,False,False,MORNING,False
CHG_E86F62D865,2026-08-14 09:54:27,2026-08-14 09:54:27,2026-08-14 10:08:31,JNY_929749494,USR_62218,STN_MUM_02,Mumbai,RESIDENTIAL,51.2,85.0,60.0,CHAdeMO,100.0,True,20.28,19.7,14.2,14.08,0.992,0.75,0.0,NORMAL,False,False,MORNING,False
CHG_143F6C9C1F,2026-08-14 10:01:35,2026-08-14 10:01:35,2026-08-14 14:42:14,JNY_644820001,USR_51935,STN_DEL_01,Delhi,MALL,37.9,85.0,75.5,TYPE2_AC,11.0,False,35.56,34.5,226.29,280.65,1.24,0.4,6.0,NORMAL,False,False,MORNING,False
CHG_D105D00FF7,2026-08-14 10:12:02,2026-08-14 10:12:02,2026-08-14 10:46:56,JNY_248898976,USR_73129,STN_BLR_01,Bengaluru,OFFICE,27.7,85.0,65.9,CCS2,120.0,True,37.76,35.45,22.03,34.9,1.584,0.5,10.0,POWER_LIMITATION,True,True,MORNING,False
CHG_499EC510A9,2026-08-14 10:17:56,2026-08-14 10:17:56,2026-08-14 12:06:05,JNY_235458068,USR_72672,STN_DEL_01,Delhi,MALL,30.7,80.0,64.0,TYPE2_AC,22.0,False,31.55,29.6,95.61,108.17,1.131,0.2,4.0,NORMAL,False,False,MORNING,False
CHG_913DE4F295,2026-08-14 10:20:32,2026-08-14 10:20:32,2026-08-14 11:01:16,JNY_596836681,USR_59125,STN_JPR_01,Jaipur,MALL,18.7,80.0,85.6,CCS2,90.0,True,52.47,50.14,38.87,40.75,1.048,1.0,0.0,NORMAL,False,False,MORNING,False
CHG_6115FCBC92,2026-08-14 10:28:33,2026-08-14 10:28:33,2026-08-14 10:53:20,JNY_631532411,USR_18079,STN_BLR_01,Bengaluru,OFFICE,24.6,85.0,72.3,CCS2,120.0,True,43.67,41.92,25.47,24.79,0.973,0.5,0.0,NORMAL,False,False,MORNING,False
CHG_7D86A3C64C,2026-08-14 10:35:43,2026-08-14 10:35:43,2026-08-14 12:00:18,JNY_324513625,USR_16565,STN_BLR_01,Bengaluru,OFFICE,48.5,80.0,72.1,TYPE2_AC,22.0,False,22.71,21.47,68.82,84.6,1.229,0.25,10.0,NORMAL,False,False,MORNING,False
CHG_CEB6A62D53,2026-08-14 10:41:19,2026-08-14 10:41:19,2026-08-14 10:58:25,JNY_171926454,USR_85956,STN_GGN_01,Gurugram,OFFICE,35.1,80.0,57.6,CCS2,120.0,True,25.86,24.96,14.37,17.1,1.19,0.5,0.0,MINOR_SLOWDOWN,True,False,MORNING,False
CHG_CD9DEE8BAF,2026-08-14 10:42:45,2026-08-14 10:42:45,2026-08-14 11:35:44,JNY_578738807,USR_95370,STN_JPR_01,Jaipur,MALL,25.1,90.0,72.7,CHAdeMO,75.0,True,47.18,44.33,46.13,52.99,1.149,0.6,3.0,NORMAL,False,False,MORNING,False
CHG_9886950C77,2026-08-14 10:44:46,2026-08-14 10:44:46,2026-08-14 11:24:07,JNY_118534878,USR_52192,STN_MUM_01,Mumbai,MALL,23.8,85.0,61.8,CCS2,120.0,True,37.82,35.6,22.06,39.36,1.784,0.2,19.0,MINOR_SLOWDOWN,True,True,MORNING,False
CHG_08FE56BDB8,2026-08-14 10:50:46,2026-08-14 10:50:46,2026-08-14 11:01:30,JNY_335891912,USR_39158,STN_MUM_02,Mumbai,RESIDENTIAL,57.6,90.0,66.7,CCS2,150.0,True,21.61,21.28,10.57,10.75,1.017,1.0,3.0,NORMAL,False,False,MORNING,False
CHG_9ABACF5848,2026-08-14 10:54:00,2026-08-14 10:54:00,2026-08-14 11:41:30,JNY_129530014,USR_27975,STN_BLR_01,Bengaluru,OFFICE,24.3,90.0,74.1,CCS2,90.0,True,48.68,45.42,39.67,47.5,1.197,0.25,5.0,NORMAL,False,False,MORNING,False
CHG_3AD0634A64,2026-08-14 11:01:40,2026-08-14 11:01:40,2026-08-14 11:35:36,JNY_916857033,USR_58746,STN_DEL_01,Delhi,MALL,53.6,90.0,87.7,CHAdeMO,75.0,True,31.92,31.2,31.21,33.94,1.087,1.0,0.0,NORMAL,False,False,MORNING,False
CHG_B1CE922744,2026-08-14 11:03:35,2026-08-14 11:03:35,2026-08-14 11:18:32,JNY_896504692,USR_91315,STN_MUM_01,Mumbai,MALL,48.2,85.0,70.7,CCS2,120.0,True,26.02,24.9,15.18,14.97,0.986,0.6,2.0,NORMAL,False,False,MORNING,False
CHG_74C25F36A2,2026-08-14 11:06:46,2026-08-14 11:06:46,2026-08-14 12:01:11,JNY_207554783,USR_61463,STN_GGN_01,Gurugram,OFFICE,37.7,80.0,81.2,CHAdeMO,50.0,True,34.35,33.29,45.8,54.42,1.188,0.25,6.0,NORMAL,False,False,MORNING,False
CHG_BBB7E57509,2026-08-14 11:11:04,2026-08-14 11:11:04,2026-08-14 13:16:36,JNY_863645492,USR_53395,STN_MUM_02,Mumbai,RESIDENTIAL,32.9,80.0,86.5,TYPE2_AC,22.0,False,40.74,39.28,123.46,125.54,1.017,0.5,0.0,NORMAL,False,False,MORNING,False
CHG_2B6091B04B,2026-08-14 11:15:00,2026-08-14 11:15:00,2026-08-14 11:41:45,JNY_548776243,USR_45158,STN_JPR_02,Jaipur,HIGHWAY,13.4,90.0,64.8,CCS2,150.0,True,49.64,47.71,24.27,26.77,1.103,0.4,5.0,NORMAL,False,False,MORNING,False
CHG_2C72D9C1D5,2026-08-14 11:16:44,2026-08-14 11:16:44,2026-08-14 11:33:54,JNY_113942023,USR_46703,STN_DEL_03,Delhi,HIGHWAY,51.8,80.0,86.5,CCS2,120.0,True,24.39,23.34,13.55,17.17,1.267,0.6,0.0,POWER_LIMITATION,True,False,MORNING,False
CHG_0B5967FFA2,2026-08-14 11:17:08,2026-08-14 11:17:08,2026-08-14 11:42:04,JNY_559663051,USR_97259,STN_DEL_01,Delhi,MALL,19.1,80.0,67.4,CCS2,120.0,True,41.05,38.9,22.8,24.94,1.094,0.8,0.0,NORMAL,False,False,MORNING,False
CHG_AA91FD22B2,2026-08-14 11:17:23,2026-08-14 11:17:23,2026-08-14 13:56:30,JNY_444680454,USR_86193,STN_JPR_01,Jaipur,MALL,40.3,80.0,70.6,TYPE2_AC,11.0,False,28.03,26.75,169.87,159.13,0.937,0.8,0.0,NORMAL,False,False,MORNING,False
CHG_71636FD4FF,2026-08-14 11:17:30,2026-08-14 11:17:30,2026-08-14 11:31:29,JNY_252709797,USR_16008,STN_DEL_02,Delhi,OFFICE,42.2,85.0,55.5,CCS2,120.0,True,23.75,22.91,13.86,13.99,1.01,0.5,0.0,NORMAL,False,False,MORNING,False
CHG_893F8533A0,2026-08-14 11:20:34,2026-08-14 11:20:34,2026-08-14 12:43:54,JNY_372690916,USR_38596,STN_DEL_01,Delhi,MALL,30.5,85.0,90.0,CCS2,60.0,True,49.05,47.43,57.23,83.33,1.456,1.0,0.0,POWER_LIMITATION,True,False,MORNING,False
CHG_B7EC6F40F4,2026-08-14 11:22:52,2026-08-14 11:22:52,2026-08-14 17:17:18,JNY_166242328,USR_86559,STN_GGN_01,Gurugram,OFFICE,15.2,85.0,65.2,TYPE2_AC,11.0,False,45.51,44.79,289.61,354.44,1.224,0.25,6.0,NORMAL,False,False,MORNING,False
CHG_F8D558CFFA,2026-08-14 11:31:40,2026-08-14 11:31:40,2026-08-14 11:50:07,JNY_362492615,USR_14177,STN_GGN_02,Gurugram,MALL,56.0,90.0,85.0,CCS2,120.0,True,28.9,27.96,17.66,18.45,1.045,0.6,0.0,NORMAL,False,False,MORNING,False
CHG_89728C3FB5,2026-08-14 11:35:50,2026-08-14 11:35:50,2026-08-14 11:50:25,JNY_679162212,USR_86222,STN_DEL_03,Delhi,HIGHWAY,47.9,80.0,67.5,CHAdeMO,100.0,True,21.67,21.13,14.45,14.59,1.01,0.6,0.0,NORMAL,False,False,MORNING,False
CHG_E6B3A695C8,2026-08-14 11:36:39,2026-08-14 11:36:39,2026-08-14 12:02:49,JNY_461257883,USR_89675,STN_BLR_01,Bengaluru,OFFICE,21.3,80.0,67.2,CCS2,150.0,True,39.45,37.38,17.53,26.17,1.493,0.25,13.0,NORMAL,False,False,MORNING,False
CHG_CD9D34367D,2026-08-14 11:38:55,2026-08-14 11:38:55,2026-08-14 12:05:14,JNY_406928926,USR_96223,STN_DEL_03,Delhi,HIGHWAY,21.5,85.0,65.8,CCS2,120.0,True,41.78,39.62,24.37,26.33,1.08,0.6,0.0,NORMAL,False,False,MORNING,False
CHG_F70084DCE3,2026-08-14 11:41:57,2026-08-14 11:41:57,2026-08-14 12:26:12,JNY_806177393,USR_69490,STN_BLR_01,Bengaluru,OFFICE,28.7,80.0,80.9,CHAdeMO,75.0,True,41.5,39.53,36.89,44.25,1.2,0.25,4.0,NORMAL,False,False,MORNING,False
CHG_D068DF4E3A,2026-08-14 11:42:47,2026-08-14 11:42:47,2026-08-14 11:58:03,JNY_800381369,USR_59784,STN_DEL_01,Delhi,MALL,39.6,80.0,79.5,CCS2,150.0,True,32.12,30.58,14.27,15.27,1.07,0.6,0.0,NORMAL,False,False,MORNING,False
CHG_F3FBD21404,2026-08-14 11:43:23,2026-08-14 11:43:23,2026-08-14 14:30:08,JNY_795865130,USR_57025,STN_JPR_02,Jaipur,HIGHWAY,22.8,95.0,70.4,TYPE2_AC,22.0,False,50.83,48.66,177.13,166.77,0.941,0.6,0.0,NORMAL,False,False,MORNING,False
CHG_CE69E40435,2026-08-14 11:48:41,2026-08-14 11:48:41,2026-08-14 12:28:00,JNY_967044748,USR_21314,STN_BLR_01,Bengaluru,OFFICE,14.0,85.0,68.3,CCS2,90.0,True,48.49,46.59,37.72,39.32,1.043,0.5,4.0,NORMAL,False,False,MORNING,False
CHG_BCDEA38290,2026-08-14 11:51:23,2026-08-14 11:51:23,2026-08-14 12:22:12,JNY_275983122,USR_30918,STN_MUM_01,Mumbai,MALL,18.9,80.0,67.6,CHAdeMO,100.0,True,41.3,40.25,27.54,30.83,1.12,0.4,0.0,NORMAL,False,False,MORNING,False
CHG_B689DC1D2D,2026-08-14 11:53:24,2026-08-14 11:53:24,2026-08-14 13:05:40,JNY_457435077,USR_35863,STN_BLR_01,Bengaluru,OFFICE,24.5,80.0,82.8,CHAdeMO,50.0,True,45.95,44.48,61.27,72.27,1.179,0.25,8.0,NORMAL,False,False,MORNING,False
CHG_9C68C195AA,2026-08-14 11:54:09,2026-08-14 11:54:09,2026-08-14 12:23:58,JNY_695237190,USR_59285,STN_JPR_01,Jaipur,MALL,35.4,80.0,73.6,CHAdeMO,75.0,True,32.83,32.02,29.18,29.83,1.022,0.4,0.0,NORMAL,False,False,MORNING,False
CHG_0289520317,2026-08-14 11:58:02,2026-08-14 11:58:02,2026-08-14 14:42:53,JNY_611117583,USR_32018,STN_DEL_01,Delhi,MALL,17.7,85.0,70.4,TYPE2_AC,22.0,False,47.38,45.24,150.75,164.86,1.094,0.4,2.0,NORMAL,False,False,MORNING,False
CHG_3C864CD78B,2026-08-14 12:09:15,2026-08-14 12:09:15,2026-08-14 12:31:48,JNY_484016593,USR_40882,STN_GGN_02,Gurugram,MALL,36.5,80.0,90.0,CCS2,120.0,True,39.15,36.93,21.75,22.55,1.037,0.6,0.0,NORMAL,False,False,AFTERNOON,False
CHG_E392E9FFE7,2026-08-14 12:17:16,2026-08-14 12:17:16,2026-08-14 16:16:51,JNY_414354772,USR_56750,STN_DEL_03,Delhi,HIGHWAY,47.5,85.0,90.0,TYPE2_AC,11.0,False,33.75,31.88,214.77,239.59,1.116,0.2,3.0,NORMAL,False,False,AFTERNOON,False
CHG_B08B4B8860,2026-08-14 12:17:28,2026-08-14 12:17:28,2026-08-14 13:06:50,JNY_915323405,USR_32833,STN_BLR_01,Bengaluru,OFFICE,45.3,85.0,52.8,CHAdeMO,50.0,True,20.96,20.78,29.35,49.37,1.682,0.25,16.0,MINOR_SLOWDOWN,True,True,AFTERNOON,False
CHG_9A52D97123,2026-08-14 12:21:15,2026-08-14 12:21:15,2026-08-14 15:19:14,JNY_537975882,USR_24108,STN_DEL_01,Delhi,MALL,32.9,80.0,55.8,TYPE2_AC,11.0,False,26.28,25.28,159.28,178.0,1.117,0.4,6.0,NORMAL,False,False,AFTERNOON,False
CHG_642D4C1BF1,2026-08-14 12:34:24,2026-08-14 12:34:24,2026-08-14 13:21:06,JNY_324559205,USR_87969,STN_MUM_02,Mumbai,RESIDENTIAL,18.8,85.0,71.1,CCS2,90.0,True,47.07,44.75,36.61,46.72,1.276,0.5,10.0,NORMAL,False,False,AFTERNOON,False
CHG_A21DB9C83A,2026-08-14 12:36:57,2026-08-14 12:36:57,2026-08-14 13:08:17,JNY_136622897,USR_82233,STN_DEL_03,Delhi,HIGHWAY,20.0,85.0,90.0,CCS2,150.0,True,58.5,56.08,27.3,31.35,1.148,0.4,0.0,NORMAL,False,False,AFTERNOON,False
CHG_E76FB162F9,2026-08-14 12:41:19,2026-08-14 12:41:19,2026-08-14 13:33:42,JNY_563100050,USR_82223,STN_DEL_02,Delhi,OFFICE,47.4,90.0,81.5,CHAdeMO,75.0,True,34.72,33.68,33.95,52.39,1.543,0.0,22.0,NORMAL,False,True,AFTERNOON,False
CHG_54F1A314AD,2026-08-14 12:44:10,2026-08-14 12:44:10,2026-08-14 15:19:18,JNY_172844487,USR_79139,STN_DEL_01,Delhi,MALL,53.3,85.0,66.6,TYPE2_AC,11.0,False,21.11,20.83,134.35,155.13,1.155,0.2,6.0,NORMAL,False,False,AFTERNOON,False
CHG_5C08A46EA9,2026-08-14 12:46:14,2026-08-14 12:46:14,2026-08-14 12:59:28,JNY_837455937,USR_11437,STN_BLR_01,Bengaluru,OFFICE,55.0,80.0,90.0,CCS2,120.0,True,22.5,21.61,12.5,13.23,1.059,0.5,0.0,NORMAL,False,False,AFTERNOON,False
CHG_38B5E1CAE1,2026-08-14 12:51:14,2026-08-14 12:51:14,2026-08-14 13:26:22,JNY_264896932,USR_94949,STN_BLR_01,Bengaluru,OFFICE,27.1,80.0,90.0,CCS2,120.0,True,47.61,46.05,26.45,35.14,1.329,0.25,13.0,NORMAL,False,False,AFTERNOON,False
CHG_C0C881E774,2026-08-14 12:52:20,2026-08-14 12:52:20,2026-08-14 15:22:27,JNY_438607243,USR_57711,STN_MUM_01,Mumbai,MALL,34.5,90.0,79.1,TYPE2_AC,22.0,False,43.9,42.43,146.33,150.13,1.026,0.6,0.0,NORMAL,False,False,AFTERNOON,False
CHG_2BC17B76A4,2026-08-14 12:52:22,2026-08-14 12:52:22,2026-08-14 13:46:23,JNY_679714506,USR_93511,STN_MUM_01,Mumbai,MALL,12.8,85.0,75.4,CHAdeMO,75.0,True,54.44,51.84,50.81,54.02,1.063,0.4,2.0,NORMAL,False,False,AFTERNOON,False
CHG_08A41E2C3D,2026-08-14 12:59:23,2026-08-14 12:59:23,2026-08-14 13:16:31,JNY_420631766,USR_70886,STN_GGN_02,Gurugram,MALL,41.9,85.0,81.1,CCS2,150.0,True,34.95,33.38,16.31,17.14,1.051,0.6,0.0,NORMAL,False,False,AFTERNOON,False
CHG_876577094D,2026-08-14 13:02:52,2026-08-14 13:02:52,2026-08-14 13:36:55,JNY_200542071,USR_25142,STN_DEL_03,Delhi,HIGHWAY,41.2,85.0,84.1,CCS2,90.0,True,36.84,35.61,28.65,34.06,1.189,0.2,4.0,NORMAL,False,False,AFTERNOON,False
CHG_A981B030B7,2026-08-14 13:05:07,2026-08-14 13:05:07,2026-08-14 13:18:12,JNY_782282338,USR_68737,STN_BLR_01,Bengaluru,OFFICE,51.3,85.0,78.9,CCS2,150.0,True,26.59,25.73,12.41,13.09,1.055,0.5,0.0,NORMAL,False,False,AFTERNOON,False
CHG_79CAAFBDB0,2026-08-14 13:05:32,2026-08-14 13:05:32,2026-08-14 19:05:32,JNY_389775002,USR_26700,STN_JPR_02,Jaipur,HIGHWAY,26.5,85.0,89.4,TYPE2_AC,11.0,False,52.3,48.7,332.81,360.0,1.082,0.2,7.0,NORMAL,False,False,AFTERNOON,False
CHG_352B713C14,2026-08-14 13:06:16,2026-08-14 13:06:16,2026-08-14 13:24:08,JNY_198029848,USR_35106,STN_JPR_02,Jaipur,HIGHWAY,35.0,85.0,65.8,CCS2,120.0,True,32.9,31.0,19.19,17.88,0.932,0.6,0.0,NORMAL,False,False,AFTERNOON,False
CHG_5B68600C10,2026-08-14 13:07:55,2026-08-14 13:07:55,2026-08-14 13:37:54,JNY_228037938,USR_48489,STN_DEL_02,Delhi,OFFICE,33.1,85.0,67.2,CCS2,90.0,True,34.88,33.98,27.13,30.0,1.106,0.5,2.0,NORMAL,False,False,AFTERNOON,False
CHG_A0697759B8,2026-08-14 13:09:30,2026-08-14 13:09:30,2026-08-14 13:32:31,JNY_153033291,USR_37974,STN_MUM_01,Mumbai,MALL,56.4,90.0,82.4,CCS2,90.0,True,27.69,26.19,22.56,23.02,1.02,0.6,0.0,NORMAL,False,False,AFTERNOON,False
CHG_BADC255D59,2026-08-14 13:09:36,2026-08-14 13:09:36,2026-08-14 13:54:46,JNY_334811260,USR_61705,STN_BLR_01,Bengaluru,OFFICE,45.9,85.0,67.8,CHAdeMO,50.0,True,26.51,26.38,37.11,45.18,1.217,0.25,5.0,NORMAL,False,False,AFTERNOON,False
CHG_58C3B23124,2026-08-14 13:11:49,2026-08-14 13:11:49,2026-08-14 14:32:58,JNY_891000598,USR_73978,STN_BLR_01,Bengaluru,OFFICE,20.9,90.0,74.9,CHAdeMO,50.0,True,51.76,49.97,75.91,81.15,1.069,0.25,2.0,NORMAL,False,False,AFTERNOON,False
CHG_55A42EF3C2,2026-08-14 13:16:17,2026-08-14 13:16:17,2026-08-14 13:48:07,JNY_706570223,USR_29419,STN_JPR_02,Jaipur,HIGHWAY,31.3,85.0,80.8,CCS2,90.0,True,43.39,41.52,33.75,31.84,0.943,0.6,0.0,NORMAL,False,False,AFTERNOON,False
CHG_733EE9384E,2026-08-14 13:16:20,2026-08-14 13:16:20,2026-08-14 13:36:15,JNY_820817102,USR_37327,STN_MUM_01,Mumbai,MALL,45.1,90.0,66.1,CCS2,120.0,True,29.68,28.5,18.14,19.92,1.098,0.4,8.0,NORMAL,False,False,AFTERNOON,False
CHG_2FA4E87025,2026-08-14 13:16:36,2026-08-14 13:16:36,2026-08-14 13:50:16,JNY_610432532,USR_37405,STN_DEL_01,Delhi,MALL,43.5,85.0,88.5,CHAdeMO,75.0,True,36.73,35.51,34.28,33.67,0.982,0.4,0.0,NORMAL,False,False,AFTERNOON,False
CHG_5238180AD2,2026-08-14 13:24:11,2026-08-14 13:24:11,2026-08-14 15:51:35,JNY_955695219,USR_57214,STN_JPR_01,Jaipur,MALL,47.6,80.0,79.9,TYPE2_AC,11.0,False,25.89,25.15,156.89,147.4,0.94,0.6,0.0,NORMAL,False,False,AFTERNOON,False
CHG_0DF3B6E3CB,2026-08-14 13:25:56,2026-08-14 13:25:56,2026-08-14 13:48:13,JNY_693783065,USR_69243,STN_GGN_01,Gurugram,OFFICE,57.9,90.0,74.0,CCS2,90.0,True,23.75,23.05,19.36,22.29,1.151,0.25,3.0,NORMAL,False,False,AFTERNOON,False
CHG_0C4433E1D4,2026-08-14 13:31:51,2026-08-14 13:31:51,2026-08-14 18:46:46,JNY_421474739,USR_83449,STN_GGN_02,Gurugram,MALL,42.2,90.0,77.2,TYPE2_AC,11.0,False,36.9,34.77,246.01,314.92,1.28,0.6,3.0,MINOR_SLOWDOWN,True,False,AFTERNOON,False
CHG_16EDC145A1,2026-08-14 13:34:43,2026-08-14 13:34:43,2026-08-14 16:55:14,JNY_506652868,USR_93813,STN_DEL_03,Delhi,HIGHWAY,18.0,90.0,72.9,TYPE2_AC,22.0,False,52.49,49.47,174.96,200.52,1.146,0.4,2.0,NORMAL,False,False,AFTERNOON,False
CHG_3BEE184D8A,2026-08-14 13:40:43,2026-08-14 13:40:43,2026-08-14 14:18:21,JNY_267353279,USR_69032,STN_DEL_01,Delhi,MALL,38.9,85.0,61.4,CHAdeMO,50.0,True,28.31,27.22,39.63,37.63,0.95,0.6,0.0,NORMAL,False,False,AFTERNOON,False
CHG_DC42DECE11,2026-08-14 13:45:43,2026-08-14 13:45:43,2026-08-14 13:59:23,JNY_440019459,USR_24072,STN_DEL_03,Delhi,HIGHWAY,61.5,85.0,74.1,CHAdeMO,100.0,True,17.41,16.39,12.19,13.68,1.122,0.2,3.0,NORMAL,False,False,AFTERNOON,False
CHG_5F90F08B84,2026-08-14 13:47:41,2026-08-14 13:47:41,2026-08-14 14:14:04,JNY_363804859,USR_11412,STN_JPR_01,Jaipur,MALL,38.4,85.0,82.1,CCS2,120.0,True,38.26,37.04,22.32,26.38,1.182,0.6,0.0,MINOR_SLOWDOWN,True,False,AFTERNOON,False
CHG_6144284E6B,2026-08-14 13:49:58,2026-08-14 13:49:58,2026-08-14 14:23:06,JNY_446673983,USR_87920,STN_DEL_02,Delhi,OFFICE,29.2,85.0,88.0,CCS2,120.0,True,49.1,46.55,28.64,33.14,1.157,0.25,2.0,NORMAL,False,False,AFTERNOON,False
CHG_4FF0BFD2CE,2026-08-14 13:50:28,2026-08-14 13:50:28,2026-08-14 14:33:45,JNY_932038919,USR_32842,STN_DEL_02,Delhi,OFFICE,31.3,80.0,54.6,CHAdeMO,50.0,True,26.59,25.46,35.45,43.3,1.221,0.5,4.0,NORMAL,False,False,AFTERNOON,False
CHG_70FD18BDF3,2026-08-14 13:51:10,2026-08-14 13:51:10,2026-08-14 16:03:51,JNY_688583031,USR_24799,STN_MUM_01,Mumbai,MALL,26.0,85.0,74.8,TYPE2_AC,22.0,False,44.13,42.34,140.42,132.69,0.945,0.6,0.0,NORMAL,False,False,AFTERNOON,False
CHG_0095FFBE15,2026-08-14 13:53:04,2026-08-14 13:53:04,2026-08-14 14:16:45,JNY_624630538,USR_62525,STN_DEL_03,Delhi,HIGHWAY,18.3,80.0,61.5,CCS2,120.0,True,37.95,37.35,21.08,23.7,1.124,0.4,0.0,NORMAL,False,False,AFTERNOON,False
CHG_A9169D8C7D,2026-08-14 13:55:41,2026-08-14 13:55:41,2026-08-14 14:22:35,JNY_913035241,USR_24717,STN_DEL_01,Delhi,MALL,30.6,80.0,61.8,CCS2,90.0,True,30.53,29.08,22.61,26.91,1.19,0.4,3.0,NORMAL,False,False,AFTERNOON,False
CHG_F605684DF9,2026-08-14 13:58:54,2026-08-14 13:58:54,2026-08-14 14:18:01,JNY_809021250,USR_54189,STN_BLR_01,Bengaluru,OFFICE,26.5,80.0,73.5,CCS2,150.0,True,39.32,38.08,17.48,19.12,1.094,0.5,0.0,NORMAL,False,False,AFTERNOON,False
CHG_2B7AA35CA9,2026-08-14 14:01:51,2026-08-14 14:01:51,2026-08-14 14:35:36,JNY_829197835,USR_49421,STN_JPR_02,Jaipur,HIGHWAY,37.9,85.0,67.8,CHAdeMO,75.0,True,31.93,30.87,29.8,33.75,1.132,0.4,5.0,NORMAL,False,False,AFTERNOON,False
CHG_7E31E9AFE4,2026-08-14 14:03:30,2026-08-14 14:03:30,2026-08-14 14:19:16,JNY_819714492,USR_15657,STN_MUM_01,Mumbai,MALL,35.6,80.0,67.9,CCS2,150.0,True,30.15,28.68,13.4,15.77,1.177,0.4,5.0,NORMAL,False,False,AFTERNOON,False
CHG_3D1EDA76D4,2026-08-14 14:06:04,2026-08-14 14:06:04,2026-08-14 19:19:36,JNY_157550514,USR_20695,STN_DEL_02,Delhi,OFFICE,17.9,85.0,59.1,TYPE2_AC,11.0,False,39.66,37.94,252.36,313.53,1.242,0.25,7.0,NORMAL,False,False,AFTERNOON,False
CHG_A3D4383C51,2026-08-14 14:07:22,2026-08-14 14:07:22,2026-08-14 14:24:26,JNY_375528189,USR_44381,STN_GGN_02,Gurugram,MALL,33.3,80.0,59.7,CCS2,120.0,True,27.88,26.0,15.49,17.08,1.103,0.4,0.0,NORMAL,False,False,AFTERNOON,False
CHG_F6B7BA5E03,2026-08-14 14:10:11,2026-08-14 14:10:11,2026-08-14 15:14:56,JNY_674891147,USR_28675,STN_JPR_02,Jaipur,HIGHWAY,17.7,85.0,81.0,CCS2,90.0,True,54.51,51.88,42.4,64.75,1.527,0.0,11.0,NORMAL,False,True,AFTERNOON,False
CHG_B05161FC23,2026-08-14 14:21:56,2026-08-14 14:21:56,2026-08-14 17:13:48,JNY_679269145,USR_85661,STN_DEL_01,Delhi,MALL,32.7,80.0,64.6,TYPE2_AC,11.0,False,30.56,29.08,185.19,171.87,0.928,0.6,0.0,NORMAL,False,False,AFTERNOON,False
CHG_CFB7152CF5,2026-08-14 14:22:41,2026-08-14 14:22:41,2026-08-14 14:55:13,JNY_790258684,USR_50348,STN_MUM_02,Mumbai,RESIDENTIAL,31.7,90.0,88.7,CCS2,120.0,True,51.71,49.52,31.6,32.54,1.03,1.0,0.0,NORMAL,False,False,AFTERNOON,False
CHG_C92AA63A05,2026-08-14 14:23:41,2026-08-14 14:23:41,2026-08-14 14:40:46,JNY_666497467,USR_66525,STN_JPR_01,Jaipur,MALL,59.1,90.0,73.1,CCS2,90.0,True,22.59,22.23,18.4,17.09,0.929,0.6,0.0,NORMAL,False,False,AFTERNOON,False
CHG_E3D1779101,2026-08-14 14:24:00,2026-08-14 14:24:00,2026-08-14 15:10:00,JNY_853995918,USR_50595,STN_MUM_02,Mumbai,RESIDENTIAL,28.0,95.0,80.8,CCS2,90.0,True,54.14,51.48,46.12,46.0,0.997,1.0,0.0,NORMAL,False,False,AFTERNOON,False
CHG_30D8C8181A,2026-08-14 14:38:22,2026-08-14 14:38:22,2026-08-14 15:14:14,JNY_160048664,USR_44640,STN_MUM_02,Mumbai,RESIDENTIAL,38.0,85.0,70.9,CCS2,60.0,True,33.32,32.02,38.88,35.88,0.923,1.0,0.0,NORMAL,False,False,AFTERNOON,False
CHG_43D0D538E4,2026-08-14 14:38:30,2026-08-14 14:38:30,2026-08-14 15:22:27,JNY_782161777,USR_58716,STN_DEL_02,Delhi,OFFICE,34.0,90.0,77.8,CHAdeMO,75.0,True,43.57,41.23,42.6,43.96,1.032,0.5,2.0,NORMAL,False,False,AFTERNOON,False
CHG_8968E7AB22,2026-08-14 14:39:17,2026-08-14 14:39:17,2026-08-14 15:28:39,JNY_501746397,USR_14606,STN_MUM_02,Mumbai,RESIDENTIAL,12.1,85.0,84.8,CCS2,90.0,True,61.82,58.31,48.08,49.37,1.027,0.75,2.0,NORMAL,False,False,AFTERNOON,False
CHG_52224DE587,2026-08-14 14:42:48,2026-08-14 14:42:48,2026-08-14 15:48:13,JNY_222611634,USR_63725,STN_BLR_01,Bengaluru,OFFICE,30.5,90.0,56.5,CHAdeMO,50.0,True,33.62,31.37,49.31,65.43,1.327,0.25,13.0,NORMAL,False,False,AFTERNOON,False
CHG_E77C4751EF,2026-08-14 14:46:31,2026-08-14 14:46:31,2026-08-14 15:45:45,JNY_112680595,USR_42626,STN_MUM_02,Mumbai,RESIDENTIAL,11.9,80.0,84.6,CHAdeMO,75.0,True,57.61,55.03,51.21,59.24,1.157,0.75,0.0,MINOR_SLOWDOWN,True,False,AFTERNOON,False
CHG_1F600C35EB,2026-08-14 14:47:35,2026-08-14 14:47:35,2026-08-14 20:47:35,JNY_360848893,USR_72646,STN_BLR_01,Bengaluru,OFFICE,14.2,80.0,80.3,TYPE2_AC,7.2,False,52.84,50.71,489.24,360.0,0.736,0.0,17.0,NORMAL,False,False,AFTERNOON,False
CHG_4F4D152F48,2026-08-14 14:53:10,2026-08-14 14:53:10,2026-08-14 15:17:58,JNY_512934484,USR_50337,STN_BLR_01,Bengaluru,OFFICE,30.2,80.0,68.2,CCS2,120.0,True,33.96,32.32,18.87,24.8,1.315,0.25,8.0,NORMAL,False,False,AFTERNOON,False
CHG_7D22F49EAC,2026-08-14 15:00:54,2026-08-14 15:00:54,2026-08-14 15:48:30,JNY_172182113,USR_84507,STN_JPR_02,Jaipur,HIGHWAY,26.5,85.0,58.6,CCS2,60.0,True,34.28,32.83,39.99,47.61,1.19,0.2,3.0,NORMAL,False,False,AFTERNOON,False
CHG_8FD777DA20,2026-08-14 15:03:57,2026-08-14 15:03:57,2026-08-14 18:00:38,JNY_380971561,USR_46645,STN_BLR_01,Bengaluru,OFFICE,43.3,85.0,67.3,TYPE2_AC,11.0,False,28.06,27.66,178.59,176.69,0.989,0.5,0.0,NORMAL,False,False,AFTERNOON,False
CHG_5EDB4B2228,2026-08-14 15:05:13,2026-08-14 15:05:13,2026-08-14 16:10:53,JNY_771977284,USR_69357,STN_MUM_01,Mumbai,MALL,27.2,85.0,79.4,CHAdeMO,50.0,True,45.89,43.78,64.25,65.67,1.022,0.8,0.0,NORMAL,False,False,AFTERNOON,False
CHG_78087D1F40,2026-08-14 15:09:25,2026-08-14 15:09:25,2026-08-14 15:53:10,JNY_498143159,USR_17631,STN_BLR_01,Bengaluru,OFFICE,20.7,85.0,82.5,CCS2,90.0,True,53.05,52.3,41.26,43.76,1.061,0.5,0.0,NORMAL,False,False,AFTERNOON,False
CHG_46F4915FE7,2026-08-14 15:14:17,2026-08-14 15:14:17,2026-08-14 19:19:20,JNY_443416720,USR_91993,STN_JPR_01,Jaipur,MALL,30.5,80.0,74.9,TYPE2_AC,11.0,False,37.08,35.84,224.7,245.06,1.091,0.2,3.0,NORMAL,False,False,AFTERNOON,False
CHG_5F53D1E60F,2026-08-14 15:14:46,2026-08-14 15:14:46,2026-08-14 15:39:26,JNY_161310084,USR_91420,STN_BLR_01,Bengaluru,OFFICE,35.7,80.0,74.8,CCS2,120.0,True,33.14,31.41,18.41,24.68,1.34,0.25,11.0,NORMAL,False,False,AFTERNOON,False
CHG_DBECF39655,2026-08-14 15:18:56,2026-08-14 15:18:56,2026-08-14 15:43:16,JNY_388133175,USR_31257,STN_BLR_01,Bengaluru,OFFICE,27.3,80.0,77.2,CCS2,120.0,True,40.68,37.81,22.6,24.35,1.077,0.5,0.0,NORMAL,False,False,AFTERNOON,False
CHG_D990E35CA8,2026-08-14 15:26:01,2026-08-14 15:26:01,2026-08-14 15:49:30,JNY_177237666,USR_95775,STN_DEL_03,Delhi,HIGHWAY,40.1,80.0,79.9,CCS2,90.0,True,31.88,31.72,23.61,23.5,0.995,0.6,0.0,NORMAL,False,False,AFTERNOON,False
CHG_7527BA9FF1,2026-08-14 15:30:01,2026-08-14 15:30:01,2026-08-14 15:48:40,JNY_879990439,USR_62801,STN_MUM_01,Mumbai,MALL,46.0,85.0,61.9,CCS2,90.0,True,24.14,23.21,18.78,18.66,0.994,0.8,0.0,NORMAL,False,False,AFTERNOON,False
CHG_B0E2931225,2026-08-14 15:35:37,2026-08-14 15:35:37,2026-08-14 17:41:03,JNY_880523362,USR_57269,STN_GGN_01,Gurugram,OFFICE,48.4,80.0,58.1,TYPE2_AC,11.0,False,18.36,17.84,111.27,125.45,1.127,0.5,7.0,NORMAL,False,False,AFTERNOON,False
CHG_9D9C5E57BA,2026-08-14 15:42:47,2026-08-14 15:42:47,2026-08-14 16:02:42,JNY_456214632,USR_56855,STN_GGN_02,Gurugram,MALL,31.8,80.0,69.5,CCS2,120.0,True,33.5,31.38,18.61,19.93,1.071,0.6,0.0,NORMAL,False,False,AFTERNOON,False
CHG_378BC78534,2026-08-14 15:43:13,2026-08-14 15:43:13,2026-08-14 16:09:08,JNY_660371854,USR_46581,STN_MUM_02,Mumbai,RESIDENTIAL,12.4,80.0,90.0,CCS2,150.0,True,60.84,58.45,27.04,25.93,0.959,1.0,0.0,NORMAL,False,False,AFTERNOON,False
CHG_432AE6FD3D,2026-08-14 15:50:53,2026-08-14 15:50:53,2026-08-14 16:13:47,JNY_343456983,USR_15933,STN_BLR_01,Bengaluru,OFFICE,47.9,90.0,66.8,CCS2,120.0,True,28.12,26.84,17.19,22.91,1.333,0.25,14.0,NORMAL,False,False,AFTERNOON,False
CHG_538ED3819E,2026-08-14 15:51:07,2026-08-14 15:51:07,2026-08-14 17:29:47,JNY_596969310,USR_25201,STN_JPR_01,Jaipur,MALL,41.0,80.0,80.1,TYPE2_AC,22.0,False,31.24,29.82,94.66,98.68,1.042,0.6,0.0,NORMAL,False,False,AFTERNOON,False
CHG_D3858F3598,2026-08-14 15:51:52,2026-08-14 15:51:52,2026-08-14 16:16:05,JNY_641319088,USR_66023,STN_DEL_03,Delhi,HIGHWAY,31.1,85.0,59.4,CHAdeMO,100.0,True,32.02,31.78,22.41,24.23,1.081,0.4,0.0,NORMAL,False,False,AFTERNOON,False
CHG_B1D796B70F,2026-08-14 15:53:32,2026-08-14 15:53:32,2026-08-14 16:21:17,JNY_480857484,USR_92177,STN_GGN_02,Gurugram,MALL,18.6,80.0,60.7,CHAdeMO,100.0,True,37.27,35.84,24.85,27.75,1.117,0.8,0.0,MINOR_SLOWDOWN,True,False,AFTERNOON,False
CHG_5DA703F2B3,2026-08-14 15:59:14,2026-08-14 15:59:14,2026-08-14 18:08:13,JNY_576893921,USR_79792,STN_JPR_01,Jaipur,MALL,38.9,80.0,85.8,TYPE2_AC,22.0,False,35.26,33.62,106.86,128.99,1.207,0.2,4.0,NORMAL,False,False,AFTERNOON,False
CHG_C07C03DC07,2026-08-14 16:04:37,2026-08-14 16:04:37,2026-08-14 16:19:20,JNY_282250649,USR_73936,STN_DEL_02,Delhi,OFFICE,48.7,90.0,63.1,CCS2,150.0,True,26.06,25.12,12.74,14.73,1.156,0.5,6.0,NORMAL,False,False,AFTERNOON,False
CHG_A504470D0A,2026-08-14 16:09:23,2026-08-14 16:09:23,2026-08-14 16:55:16,JNY_880316161,USR_49045,STN_DEL_03,Delhi,HIGHWAY,42.7,90.0,69.5,CHAdeMO,75.0,True,32.87,30.93,32.14,45.9,1.428,0.2,17.0,NORMAL,False,False,AFTERNOON,False
CHG_4E5F641870,2026-08-14 16:10:26,2026-08-14 16:10:26,2026-08-14 16:34:53,JNY_627025756,USR_83410,STN_JPR_02,Jaipur,HIGHWAY,46.6,80.0,63.5,CHAdeMO,75.0,True,21.21,20.31,18.85,24.45,1.297,0.2,4.0,NORMAL,False,False,AFTERNOON,False
CHG_C4535FB57E,2026-08-14 16:16:23,2026-08-14 16:16:23,2026-08-14 22:16:23,JNY_270935058,USR_26299,STN_MUM_01,Mumbai,MALL,37.9,85.0,79.4,TYPE2_AC,7.2,False,37.4,35.16,363.59,360.0,0.99,0.6,3.0,NORMAL,False,False,AFTERNOON,False
CHG_D26BDD3DDE,2026-08-14 16:18:24,2026-08-14 16:18:24,2026-08-14 19:28:57,JNY_303069173,USR_14094,STN_GGN_02,Gurugram,MALL,58.4,85.0,90.0,TYPE2_AC,11.0,False,23.94,22.35,152.35,190.57,1.251,0.4,9.0,NORMAL,False,False,AFTERNOON,False
CHG_DB80FEEA54,2026-08-14 16:18:27,2026-08-14 16:18:27,2026-08-14 17:45:54,JNY_305915076,USR_90886,STN_BLR_01,Bengaluru,OFFICE,44.0,90.0,57.9,TYPE2_AC,22.0,False,26.63,25.56,88.78,87.46,0.985,0.5,0.0,NORMAL,False,False,AFTERNOON,False
CHG_8CB612988F,2026-08-14 16:22:32,2026-08-14 16:22:32,2026-08-14 16:49:57,JNY_101002397,USR_98635,STN_JPR_01,Jaipur,MALL,39.4,85.0,77.0,CCS2,90.0,True,35.11,34.5,27.31,27.42,1.004,0.6,0.0,NORMAL,False,False,AFTERNOON,False
CHG_DF004BDD73,2026-08-14 16:24:53,2026-08-14 16:24:53,2026-08-14 17:01:34,JNY_992740726,USR_70485,STN_DEL_02,Delhi,OFFICE,37.0,85.0,72.8,CHAdeMO,75.0,True,34.94,33.73,32.61,36.7,1.125,0.5,4.0,NORMAL,False,False,AFTERNOON,False
CHG_CA98916A57,2026-08-14 16:29:10,2026-08-14 16:29:10,2026-08-14 20:51:18,JNY_777660009,USR_98339,STN_DEL_02,Delhi,OFFICE,42.9,85.0,55.1,TYPE2_AC,7.2,False,23.2,22.37,225.53,262.14,1.162,0.5,0.0,MINOR_SLOWDOWN,True,False,AFTERNOON,False
CHG_21F8394C4C,2026-08-14 16:29:25,2026-08-14 16:29:25,2026-08-14 17:05:41,JNY_473323486,USR_85708,STN_GGN_01,Gurugram,OFFICE,15.7,80.0,63.5,CCS2,90.0,True,40.83,38.68,30.24,36.27,1.199,0.25,3.0,NORMAL,False,False,AFTERNOON,False
CHG_8214B46645,2026-08-14 16:29:59,2026-08-14 16:29:59,2026-08-14 17:03:38,JNY_274875016,USR_30166,STN_GGN_01,Gurugram,OFFICE,46.8,80.0,89.9,CCS2,90.0,True,29.85,29.16,22.11,33.66,1.522,0.25,19.0,NORMAL,False,True,AFTERNOON,False
CHG_4CBE92B590,2026-08-14 16:44:09,2026-08-14 16:44:09,2026-08-14 20:03:46,JNY_810163150,USR_49430,STN_GGN_01,Gurugram,OFFICE,38.7,90.0,78.8,TYPE2_AC,22.0,False,40.42,39.13,134.75,199.62,1.481,0.25,24.0,NORMAL,False,False,AFTERNOON,False
CHG_32AE6854B7,2026-08-14 16:45:36,2026-08-14 16:45:36,2026-08-14 17:45:57,JNY_310060692,USR_71516,STN_DEL_01,Delhi,MALL,18.6,85.0,59.1,CCS2,60.0,True,39.24,36.59,45.78,60.35,1.318,0.4,5.0,MINOR_SLOWDOWN,True,False,AFTERNOON,False
CHG_F0EE420E22,2026-08-14 16:48:08,2026-08-14 16:48:08,2026-08-14 18:24:27,JNY_973034423,USR_22928,STN_BLR_01,Bengaluru,OFFICE,54.9,85.0,87.2,TYPE2_AC,22.0,False,26.25,24.9,83.51,96.32,1.153,0.25,2.0,NORMAL,False,False,AFTERNOON,False
CHG_6B963C0C48,2026-08-14 16:50:56,2026-08-14 16:50:56,2026-08-14 17:32:17,JNY_962581461,USR_17191,STN_JPR_02,Jaipur,HIGHWAY,38.8,80.0,77.7,CCS2,120.0,True,32.01,30.8,17.78,41.36,2.326,0.2,4.0,CHARGER_FAULT,True,True,AFTERNOON,False
CHG_0380BBD1FD,2026-08-14 16:55:00,2026-08-14 16:55:00,2026-08-14 19:05:37,JNY_554282499,USR_93707,STN_BLR_01,Bengaluru,OFFICE,51.0,90.0,79.7,TYPE2_AC,22.0,False,31.08,29.89,103.61,130.62,1.261,0.25,5.0,NORMAL,False,False,AFTERNOON,False
CHG_74F251377E,2026-08-14 16:58:26,2026-08-14 16:58:26,2026-08-14 22:58:26,JNY_887417742,USR_25383,STN_DEL_01,Delhi,MALL,33.3,90.0,65.6,TYPE2_AC,7.2,False,37.2,34.5,378.84,360.0,0.95,0.6,0.0,NORMAL,False,False,AFTERNOON,False
CHG_C6FB9B14D5,2026-08-14 17:02:40,2026-08-14 17:02:40,2026-08-14 17:23:40,JNY_835848888,USR_59647,STN_MUM_02,Mumbai,RESIDENTIAL,31.4,80.0,76.8,CCS2,120.0,True,37.32,36.86,20.74,21.01,1.013,0.75,0.0,NORMAL,False,False,EVENING,False
CHG_7CCA8BA5CF,2026-08-14 17:02:46,2026-08-14 17:02:46,2026-08-14 17:24:57,JNY_364550573,USR_95200,STN_MUM_01,Mumbai,MALL,24.2,80.0,73.5,CCS2,120.0,True,41.01,39.72,22.79,22.19,0.974,0.6,0.0,NORMAL,False,False,EVENING,False
CHG_175F58A7D9,2026-08-14 17:03:08,2026-08-14 17:03:08,2026-08-14 17:50:12,JNY_462113544,USR_55222,STN_BLR_01,Bengaluru,OFFICE,15.3,90.0,63.6,CCS2,120.0,True,47.51,44.31,29.03,47.08,1.621,0.0,16.0,NORMAL,False,True,EVENING,False
CHG_F30CCF7873,2026-08-14 17:10:17,2026-08-14 17:10:17,2026-08-14 17:39:01,JNY_620450930,USR_99102,STN_MUM_02,Mumbai,RESIDENTIAL,18.4,90.0,81.1,CCS2,150.0,True,58.07,55.27,28.39,28.74,1.012,1.0,0.0,NORMAL,False,False,EVENING,False
CHG_F5EB54F4AD,2026-08-14 17:11:12,2026-08-14 17:11:12,2026-08-14 17:52:54,JNY_179389854,USR_75408,STN_JPR_01,Jaipur,MALL,35.2,90.0,86.1,CCS2,90.0,True,47.18,45.64,38.45,41.7,1.085,0.6,0.0,NORMAL,False,False,EVENING,False
CHG_ECF4291ED5,2026-08-14 17:12:32,2026-08-14 17:12:32,2026-08-14 18:02:33,JNY_587367258,USR_87520,STN_DEL_02,Delhi,OFFICE,25.7,90.0,80.2,CCS2,120.0,True,51.57,49.6,31.51,50.03,1.588,0.25,13.0,MINOR_SLOWDOWN,True,True,EVENING,False
CHG_A6F08C2005,2026-08-14 17:13:48,2026-08-14 17:13:48,2026-08-14 18:11:34,JNY_907956681,USR_24877,STN_JPR_01,Jaipur,MALL,26.5,85.0,80.0,CHAdeMO,75.0,True,46.8,46.32,43.68,57.77,1.323,0.0,6.0,NORMAL,False,False,EVENING,False
CHG_D70219D010,2026-08-14 17:13:51,2026-08-14 17:13:51,2026-08-14 17:39:10,JNY_847968656,USR_12753,STN_MUM_01,Mumbai,MALL,39.9,80.0,69.3,CCS2,90.0,True,27.79,25.99,20.58,25.32,1.23,0.2,3.0,NORMAL,False,False,EVENING,False
CHG_D45C1655CD,2026-08-14 17:22:30,2026-08-14 17:22:30,2026-08-14 21:28:03,JNY_905749089,USR_99150,STN_MUM_02,Mumbai,RESIDENTIAL,19.6,95.0,90.0,TYPE2_AC,22.0,False,67.86,62.88,236.48,245.55,1.038,0.75,0.0,NORMAL,False,False,EVENING,False
CHG_1BD552952D,2026-08-14 17:35:36,2026-08-14 17:35:36,2026-08-14 18:15:48,JNY_395868380,USR_11219,STN_MUM_01,Mumbai,MALL,48.5,95.0,68.3,CHAdeMO,75.0,True,31.76,30.83,32.47,40.2,1.238,0.2,10.0,NORMAL,False,False,EVENING,False
CHG_F9457EEB25,2026-08-14 17:36:20,2026-08-14 17:36:20,2026-08-14 17:54:37,JNY_748100388,USR_18171,STN_MUM_02,Mumbai,RESIDENTIAL,52.1,80.0,87.7,CCS2,90.0,True,24.47,23.21,18.12,18.29,1.009,1.0,0.0,NORMAL,False,False,EVENING,False
CHG_1096C94ACE,2026-08-14 17:39:45,2026-08-14 17:39:45,2026-08-14 17:59:56,JNY_873973131,USR_26974,STN_DEL_01,Delhi,MALL,31.5,80.0,63.9,CHAdeMO,100.0,True,30.99,29.37,20.66,20.19,0.977,0.4,0.0,NORMAL,False,False,EVENING,False
CHG_90A9A3C81D,2026-08-14 17:40:22,2026-08-14 17:40:22,2026-08-14 19:19:49,JNY_682940594,USR_50660,STN_DEL_03,Delhi,HIGHWAY,24.7,90.0,80.4,CHAdeMO,50.0,True,52.5,51.27,77.0,99.45,1.292,0.2,7.0,NORMAL,False,False,EVENING,False
CHG_FFF062D36B,2026-08-14 17:40:32,2026-08-14 17:40:32,2026-08-14 18:56:36,JNY_564738494,USR_61435,STN_GGN_02,Gurugram,MALL,20.1,80.0,90.0,CHAdeMO,75.0,True,53.91,52.8,47.92,76.08,1.588,0.2,12.0,MINOR_SLOWDOWN,True,True,EVENING,False
CHG_75797A767D,2026-08-14 17:46:34,2026-08-14 17:46:34,2026-08-14 17:58:34,JNY_829743697,USR_24055,STN_JPR_01,Jaipur,MALL,51.1,80.0,80.3,CCS2,120.0,True,23.21,22.37,12.89,12.01,0.932,0.8,0.0,NORMAL,False,False,EVENING,False
CHG_E149BCD368,2026-08-14 17:48:23,2026-08-14 17:48:23,2026-08-14 18:24:27,JNY_752633023,USR_24354,STN_MUM_01,Mumbai,MALL,11.9,85.0,68.7,CCS2,120.0,True,50.22,49.1,29.29,36.08,1.232,0.4,5.0,NORMAL,False,False,EVENING,False
CHG_CAE8D024A1,2026-08-14 17:48:48,2026-08-14 17:48:48,2026-08-14 18:19:21,JNY_905159592,USR_42452,STN_DEL_02,Delhi,OFFICE,34.5,80.0,90.0,CCS2,150.0,True,40.95,39.49,18.2,30.55,1.679,0.0,38.0,NORMAL,False,True,EVENING,False
CHG_0C4CCC49D2,2026-08-14 17:55:18,2026-08-14 17:55:18,2026-08-14 18:17:03,JNY_820064244,USR_38423,STN_DEL_03,Delhi,HIGHWAY,32.0,85.0,79.5,CCS2,150.0,True,42.13,41.14,19.66,21.76,1.107,0.2,2.0,NORMAL,False,False,EVENING,False
CHG_43FD30B64E,2026-08-14 17:56:05,2026-08-14 17:56:05,2026-08-14 18:27:36,JNY_177412881,USR_13887,STN_MUM_01,Mumbai,MALL,26.1,85.0,58.5,CCS2,120.0,True,34.46,32.97,20.1,31.53,1.569,0.2,20.0,NORMAL,False,True,EVENING,False
CHG_E6D2CC6710,2026-08-14 18:02:01,2026-08-14 18:02:01,2026-08-14 20:13:53,JNY_925666537,USR_46929,STN_BLR_01,Bengaluru,OFFICE,38.3,85.0,63.6,TYPE2_AC,22.0,False,29.7,28.48,94.5,131.87,1.395,0.0,11.0,NORMAL,False,False,EVENING,False
CHG_AE2CB21298,2026-08-14 18:05:58,2026-08-14 18:05:58,2026-08-14 19:21:55,JNY_994587094,USR_27191,STN_JPR_01,Jaipur,MALL,22.2,95.0,82.7,CHAdeMO,75.0,True,60.21,58.03,61.54,75.96,1.234,0.2,4.0,NORMAL,False,False,EVENING,False
CHG_15BA5949A6,2026-08-14 18:06:22,2026-08-14 18:06:22,2026-08-14 18:23:12,JNY_248335981,USR_16916,STN_MUM_02,Mumbai,RESIDENTIAL,50.4,85.0,74.0,CHAdeMO,100.0,True,25.6,24.78,17.92,16.84,0.939,0.75,0.0,NORMAL,False,False,EVENING,False
CHG_2BF95D614C,2026-08-14 18:13:44,2026-08-14 18:13:44,2026-08-14 18:35:31,JNY_122609054,USR_32470,STN_MUM_02,Mumbai,RESIDENTIAL,29.4,80.0,64.8,CHAdeMO,100.0,True,32.79,31.03,21.86,21.8,0.997,0.75,0.0,NORMAL,False,False,EVENING,False
CHG_78773B6642,2026-08-14 18:14:56,2026-08-14 18:14:56,2026-08-14 18:40:09,JNY_852415810,USR_88401,STN_MUM_01,Mumbai,MALL,42.9,80.0,76.3,CCS2,90.0,True,28.31,27.75,20.97,25.23,1.203,0.2,2.0,NORMAL,False,False,EVENING,False
CHG_BA14BA9A54,2026-08-14 18:15:16,2026-08-14 18:15:16,2026-08-14 18:54:20,JNY_686343585,USR_53675,STN_DEL_02,Delhi,OFFICE,16.4,85.0,81.9,CCS2,150.0,True,56.18,53.89,26.22,39.08,1.491,0.0,21.0,NORMAL,False,False,EVENING,False
CHG_89E8CB8DA4,2026-08-14 18:18:48,2026-08-14 18:18:48,2026-08-14 18:53:00,JNY_106516238,USR_65999,STN_DEL_01,Delhi,MALL,42.3,80.0,61.5,CCS2,60.0,True,23.19,22.7,25.76,34.21,1.328,0.2,9.0,NORMAL,False,False,EVENING,False
CHG_6766D91C5A,2026-08-14 18:23:18,2026-08-14 18:23:18,2026-08-14 19:23:16,JNY_642252901,USR_96965,STN_JPR_01,Jaipur,MALL,15.6,80.0,71.7,CCS2,90.0,True,46.17,42.68,34.2,59.98,1.754,0.0,13.0,MINOR_SLOWDOWN,True,True,EVENING,False
CHG_19318C88D1,2026-08-14 18:23:32,2026-08-14 18:23:32,2026-08-14 18:50:39,JNY_525795543,USR_99936,STN_MUM_01,Mumbai,MALL,20.1,85.0,60.6,CCS2,120.0,True,39.33,38.21,22.94,27.13,1.183,0.2,3.0,NORMAL,False,False,EVENING,False
CHG_B023959D52,2026-08-14 18:25:56,2026-08-14 18:25:56,2026-08-14 18:54:53,JNY_925979910,USR_39545,STN_MUM_02,Mumbai,RESIDENTIAL,60.5,90.0,68.2,CHAdeMO,50.0,True,20.12,19.61,29.51,28.95,0.981,0.75,0.0,NORMAL,False,False,EVENING,False
CHG_C20F7F92AF,2026-08-14 18:26:30,2026-08-14 18:26:30,2026-08-14 19:10:00,JNY_435079389,USR_77901,STN_MUM_02,Mumbai,RESIDENTIAL,21.7,85.0,68.9,CCS2,90.0,True,43.61,42.27,33.92,43.51,1.283,0.5,0.0,MINOR_SLOWDOWN,True,False,EVENING,False
CHG_A57D2718AC,2026-08-14 18:29:39,2026-08-14 18:29:39,2026-08-14 19:38:37,JNY_834422244,USR_29370,STN_JPR_01,Jaipur,MALL,28.9,90.0,90.0,CCS2,150.0,True,54.99,52.26,26.88,68.98,2.566,0.2,3.0,CHARGER_FAULT,True,True,EVENING,False
CHG_9A13767D12,2026-08-14 18:29:51,2026-08-14 18:29:51,2026-08-14 19:11:50,JNY_263682122,USR_46945,STN_MUM_01,Mumbai,MALL,27.1,85.0,54.3,CHAdeMO,75.0,True,31.44,30.66,29.34,41.99,1.431,0.2,14.0,NORMAL,False,False,EVENING,False
CHG_F33CD16B76,2026-08-14 18:35:34,2026-08-14 18:35:34,2026-08-14 18:58:52,JNY_763573657,USR_77141,STN_BLR_01,Bengaluru,OFFICE,45.1,80.0,90.0,CCS2,120.0,True,31.41,29.36,17.45,23.31,1.336,0.25,11.0,NORMAL,False,False,EVENING,False
CHG_38975A2E4D,2026-08-14 18:36:25,2026-08-14 18:36:25,2026-08-14 19:21:50,JNY_195991508,USR_34199,STN_MUM_02,Mumbai,RESIDENTIAL,35.7,80.0,74.5,CHAdeMO,50.0,True,33.0,31.73,44.0,45.42,1.032,0.5,0.0,NORMAL,False,False,EVENING,False
CHG_793C3EF0FF,2026-08-14 18:43:07,2026-08-14 18:43:07,2026-08-14 21:46:04,JNY_230977799,USR_31792,STN_GGN_02,Gurugram,MALL,34.3,85.0,90.0,TYPE2_AC,22.0,False,45.63,43.94,145.19,182.96,1.26,0.2,5.0,NORMAL,False,False,EVENING,False
CHG_168BBF4813,2026-08-14 18:47:16,2026-08-14 18:47:16,2026-08-14 19:27:57,JNY_567939518,USR_81484,STN_JPR_01,Jaipur,MALL,13.5,80.0,74.9,CCS2,120.0,True,49.81,48.91,27.67,40.7,1.471,0.2,16.0,NORMAL,False,False,EVENING,False
CHG_5D1A0D6CD7,2026-08-14 18:48:40,2026-08-14 18:48:40,2026-08-14 19:32:20,JNY_649314442,USR_20903,STN_MUM_02,Mumbai,RESIDENTIAL,14.2,95.0,64.8,CHAdeMO,100.0,True,52.36,49.43,40.14,43.67,1.088,0.75,0.0,NORMAL,False,False,EVENING,False
CHG_7A8235332D,2026-08-14 18:54:51,2026-08-14 18:54:51,2026-08-14 19:12:35,JNY_436159917,USR_10851,STN_GGN_01,Gurugram,OFFICE,61.2,85.0,65.1,CCS2,90.0,True,15.49,14.94,12.05,17.74,1.472,0.25,24.0,NORMAL,False,False,EVENING,False
CHG_49981ACF79,2026-08-14 19:15:28,2026-08-14 19:15:28,2026-08-14 23:12:16,JNY_903959711,USR_35433,STN_DEL_03,Delhi,HIGHWAY,20.5,85.0,76.2,TYPE2_AC,22.0,False,49.15,46.04,156.38,236.82,1.514,0.2,20.0,NORMAL,False,True,EVENING,False
CHG_E83C7CFF99,2026-08-14 19:21:12,2026-08-14 19:21:12,2026-08-14 19:59:11,JNY_285238294,USR_32137,STN_BLR_01,Bengaluru,OFFICE,49.1,80.0,89.7,CCS2,60.0,True,27.72,26.86,30.8,37.99,1.233,0.25,8.0,NORMAL,False,False,EVENING,False
CHG_6C8F825B68,2026-08-14 19:22:57,2026-08-14 19:22:57,2026-08-14 20:35:43,JNY_257252528,USR_25671,STN_BLR_01,Bengaluru,OFFICE,29.0,80.0,79.4,CCS2,60.0,True,40.49,38.79,44.99,72.77,1.617,0.5,0.0,POWER_LIMITATION,True,True,EVENING,False
CHG_D8FCCD3305,2026-08-14 19:24:00,2026-08-14 19:24:00,2026-08-14 20:03:08,JNY_940321831,USR_10209,STN_GGN_01,Gurugram,OFFICE,44.7,80.0,69.5,CHAdeMO,50.0,True,24.53,24.15,32.71,39.13,1.196,0.5,11.0,NORMAL,False,False,EVENING,False
CHG_9AAC333177,2026-08-14 19:28:50,2026-08-14 19:28:50,2026-08-14 20:39:33,JNY_242234214,USR_89358,STN_JPR_02,Jaipur,HIGHWAY,43.0,85.0,90.0,CHAdeMO,50.0,True,37.8,36.7,52.92,70.73,1.337,0.4,10.0,NORMAL,False,False,EVENING,False
CHG_F6C19D2583,2026-08-14 19:32:07,2026-08-14 19:32:07,2026-08-14 19:55:27,JNY_443621793,USR_93543,STN_DEL_02,Delhi,OFFICE,39.2,85.0,87.4,CCS2,120.0,True,40.03,39.12,23.35,23.35,1.0,0.75,3.0,NORMAL,False,False,EVENING,False
CHG_7648C8AA79,2026-08-14 19:33:43,2026-08-14 19:33:43,2026-08-14 21:22:48,JNY_972565966,USR_67471,STN_DEL_02,Delhi,OFFICE,24.9,85.0,57.1,TYPE2_AC,22.0,False,34.32,32.83,109.19,109.09,0.999,0.75,0.0,NORMAL,False,False,EVENING,False
CHG_6D2B09A5F8,2026-08-14 19:33:43,2026-08-14 19:33:43,2026-08-15 00:57:27,JNY_316064383,USR_50793,STN_DEL_03,Delhi,HIGHWAY,43.6,90.0,83.7,TYPE2_AC,11.0,False,38.84,36.94,258.91,323.74,1.25,0.2,4.0,NORMAL,False,False,EVENING,False
CHG_F69082DADC,2026-08-14 19:45:28,2026-08-14 19:45:28,2026-08-14 20:09:06,JNY_535379087,USR_98995,STN_BLR_01,Bengaluru,OFFICE,37.1,80.0,68.8,CCS2,90.0,True,29.52,28.3,21.86,23.63,1.081,0.75,0.0,NORMAL,False,False,EVENING,False
CHG_36C36E82F4,2026-08-14 19:46:52,2026-08-14 19:46:52,2026-08-14 20:11:47,JNY_411538586,USR_46958,STN_GGN_01,Gurugram,OFFICE,42.3,85.0,67.5,CHAdeMO,100.0,True,28.82,27.6,20.18,24.93,1.235,0.5,7.0,NORMAL,False,False,EVENING,False
CHG_BE9F9C4FF4,2026-08-14 19:58:40,2026-08-14 19:58:40,2026-08-15 00:45:11,JNY_294863135,USR_43218,STN_GGN_01,Gurugram,OFFICE,35.2,80.0,73.8,TYPE2_AC,7.2,False,33.06,31.74,306.13,286.52,0.936,1.0,0.0,NORMAL,False,False,EVENING,False
CHG_56F977DFFD,2026-08-14 20:03:32,2026-08-14 20:03:32,2026-08-14 20:28:48,JNY_859450986,USR_31351,STN_GGN_01,Gurugram,OFFICE,40.6,85.0,68.2,CCS2,90.0,True,30.28,29.43,23.55,25.27,1.073,1.0,3.0,NORMAL,False,False,EVENING,False
CHG_93F776E955,2026-08-14 20:03:59,2026-08-14 20:03:59,2026-08-15 02:03:59,JNY_402355027,USR_74647,STN_MUM_01,Mumbai,MALL,21.0,90.0,64.4,TYPE2_AC,11.0,False,44.44,41.84,296.24,360.0,1.215,0.2,2.0,NORMAL,False,False,EVENING,False
CHG_5A0AA89C9D,2026-08-14 20:10:24,2026-08-14 20:10:24,2026-08-14 21:55:54,JNY_669290810,USR_98380,STN_GGN_01,Gurugram,OFFICE,35.8,80.0,72.8,TYPE2_AC,22.0,False,32.18,30.82,97.51,105.5,1.082,0.5,0.0,NORMAL,False,False,EVENING,False
CHG_B94F0F3A81,2026-08-14 20:11:14,2026-08-14 20:11:14,2026-08-14 21:06:22,JNY_582280719,USR_87272,STN_JPR_01,Jaipur,MALL,37.4,90.0,66.7,CHAdeMO,50.0,True,35.08,33.76,51.46,55.15,1.072,0.4,6.0,NORMAL,False,False,EVENING,False
CHG_CA16C61E42,2026-08-14 20:11:32,2026-08-14 20:11:32,2026-08-14 20:28:46,JNY_703693555,USR_79237,STN_MUM_01,Mumbai,MALL,53.9,90.0,67.4,CCS2,120.0,True,24.33,23.39,14.87,17.24,1.159,0.4,4.0,NORMAL,False,False,EVENING,False
CHG_9C1ACBD263,2026-08-14 20:20:12,2026-08-14 20:20:12,2026-08-14 20:54:07,JNY_753304091,USR_76975,STN_GGN_01,Gurugram,OFFICE,35.5,80.0,80.1,CHAdeMO,75.0,True,35.64,34.23,31.68,33.93,1.071,0.75,0.0,NORMAL,False,False,EVENING,False
CHG_CF202C47E0,2026-08-14 20:22:03,2026-08-14 20:22:03,2026-08-14 20:35:39,JNY_405608739,USR_14518,STN_DEL_02,Delhi,OFFICE,50.9,85.0,74.1,CCS2,120.0,True,25.27,23.94,14.74,13.61,0.923,1.0,0.0,NORMAL,False,False,EVENING,False
CHG_92F3D88897,2026-08-14 20:26:17,2026-08-14 20:26:17,2026-08-14 20:48:06,JNY_101454583,USR_84144,STN_BLR_01,Bengaluru,OFFICE,19.5,80.0,66.5,CCS2,120.0,True,40.23,38.61,22.35,21.83,0.977,1.0,0.0,NORMAL,False,False,EVENING,False
CHG_D4702CAD3B,2026-08-14 20:26:37,2026-08-14 20:26:37,2026-08-14 21:18:23,JNY_888742157,USR_35159,STN_GGN_01,Gurugram,OFFICE,22.0,85.0,76.2,CHAdeMO,75.0,True,48.01,44.95,44.81,51.77,1.155,0.5,8.0,NORMAL,False,False,EVENING,False
CHG_B5F16F1F68,2026-08-14 20:26:51,2026-08-14 20:26:51,2026-08-14 23:32:27,JNY_706063753,USR_90982,STN_MUM_01,Mumbai,MALL,20.5,80.0,72.2,TYPE2_AC,22.0,False,42.96,41.7,130.18,185.61,1.426,0.2,12.0,NORMAL,False,False,EVENING,False
CHG_0008FCE3B0,2026-08-14 20:27:51,2026-08-14 20:27:51,2026-08-14 20:50:46,JNY_315783792,USR_68423,STN_DEL_01,Delhi,MALL,36.3,80.0,64.9,CCS2,90.0,True,28.36,27.76,21.01,22.92,1.091,0.6,0.0,NORMAL,False,False,EVENING,False
CHG_1E6E3A6D1C,2026-08-14 20:32:47,2026-08-14 20:32:47,2026-08-14 21:59:31,JNY_630345674,USR_45555,STN_MUM_01,Mumbai,MALL,34.5,95.0,86.8,CHAdeMO,50.0,True,52.51,50.56,80.52,86.75,1.077,0.4,2.0,NORMAL,False,False,EVENING,False
CHG_A546CA5D42,2026-08-14 20:36:05,2026-08-14 20:36:05,2026-08-14 21:12:42,JNY_601256756,USR_80238,STN_BLR_01,Bengaluru,OFFICE,18.0,80.0,74.6,CCS2,90.0,True,46.25,45.49,34.26,36.63,1.069,0.75,0.0,NORMAL,False,False,EVENING,False
CHG_D67920099A,2026-08-14 20:38:03,2026-08-14 20:38:03,2026-08-14 20:56:15,JNY_687271570,USR_41349,STN_GGN_01,Gurugram,OFFICE,48.0,80.0,76.1,CCS2,120.0,True,24.35,23.27,13.53,18.21,1.346,0.5,10.0,NORMAL,False,False,EVENING,False
CHG_A68F741CDA,2026-08-14 20:38:15,2026-08-14 20:38:15,2026-08-14 21:04:27,JNY_529931182,USR_23634,STN_GGN_02,Gurugram,MALL,14.3,85.0,58.2,CCS2,150.0,True,41.15,40.39,19.2,26.2,1.365,0.2,23.0,NORMAL,False,False,EVENING,False
CHG_BE0AA62267,2026-08-14 20:48:01,2026-08-14 20:48:01,2026-08-14 21:31:07,JNY_252732266,USR_16232,STN_JPR_02,Jaipur,HIGHWAY,29.4,95.0,78.4,CCS2,90.0,True,51.43,49.54,43.81,43.12,0.984,0.6,0.0,NORMAL,False,False,EVENING,False
CHG_B63CB9D054,2026-08-14 20:56:03,2026-08-14 20:56:03,2026-08-15 01:37:05,JNY_145890937,USR_15597,STN_GGN_02,Gurugram,MALL,34.4,85.0,70.6,TYPE2_AC,11.0,False,35.72,34.22,227.33,281.04,1.236,0.2,4.0,NORMAL,False,False,EVENING,False
CHG_872758611D,2026-08-14 20:57:51,2026-08-14 20:57:51,2026-08-14 23:02:25,JNY_777772056,USR_64787,STN_DEL_02,Delhi,OFFICE,59.3,85.0,72.4,TYPE2_AC,11.0,False,18.61,17.7,118.41,124.57,1.052,1.0,0.0,NORMAL,False,False,EVENING,False
CHG_95DA7BC17C,2026-08-14 21:00:23,2026-08-14 21:00:23,2026-08-14 21:14:55,JNY_161785865,USR_99809,STN_JPR_02,Jaipur,HIGHWAY,32.6,80.0,65.2,CCS2,150.0,True,30.9,29.65,13.74,14.54,1.058,0.6,0.0,NORMAL,False,False,NIGHT,False
CHG_C4768515F2,2026-08-14 21:00:50,2026-08-14 21:00:50,2026-08-14 21:26:36,JNY_180492540,USR_30794,STN_MUM_01,Mumbai,MALL,39.4,85.0,68.3,CHAdeMO,100.0,True,31.14,30.36,21.8,25.77,1.182,0.6,5.0,NORMAL,False,False,NIGHT,False
CHG_AB8E2C8463,2026-08-14 21:10:50,2026-08-14 21:10:50,2026-08-14 21:34:02,JNY_228906224,USR_43849,STN_DEL_01,Delhi,MALL,24.2,85.0,74.3,CCS2,150.0,True,45.17,42.51,21.08,23.21,1.101,0.4,0.0,NORMAL,False,False,NIGHT,False
CHG_56F7A5CB48,2026-08-14 21:15:20,2026-08-14 21:15:20,2026-08-14 21:40:41,JNY_520015383,USR_98542,STN_DEL_03,Delhi,HIGHWAY,33.7,90.0,67.1,CCS2,120.0,True,37.78,35.6,23.09,25.36,1.099,0.8,0.0,NORMAL,False,False,NIGHT,False
CHG_580938D2EF,2026-08-14 21:21:03,2026-08-14 21:21:03,2026-08-14 21:40:41,JNY_672960668,USR_95555,STN_DEL_02,Delhi,OFFICE,30.7,80.0,66.3,CCS2,150.0,True,32.69,30.89,14.53,19.65,1.352,0.75,3.0,POWER_LIMITATION,True,False,NIGHT,False
CHG_1CEE4150CA,2026-08-14 21:23:58,2026-08-14 21:23:58,2026-08-14 21:48:03,JNY_664432821,USR_87787,STN_DEL_01,Delhi,MALL,30.9,90.0,57.9,CCS2,120.0,True,34.22,33.45,20.91,24.08,1.152,0.2,2.0,NORMAL,False,False,NIGHT,False
CHG_6233D6F878,2026-08-14 21:25:33,2026-08-14 21:25:33,2026-08-14 22:05:07,JNY_662417100,USR_53925,STN_MUM_01,Mumbai,MALL,13.7,80.0,62.4,CHAdeMO,75.0,True,41.37,40.66,36.77,39.57,1.076,0.6,0.0,NORMAL,False,False,NIGHT,False
CHG_C79DFA1A6E,2026-08-14 21:27:46,2026-08-14 21:27:46,2026-08-14 21:53:24,JNY_634105859,USR_13348,STN_JPR_01,Jaipur,MALL,50.8,80.0,90.0,CHAdeMO,75.0,True,26.28,24.79,23.36,25.65,1.098,0.6,0.0,NORMAL,False,False,NIGHT,False
CHG_4DD946DC34,2026-08-14 21:45:12,2026-08-14 21:45:12,2026-08-14 23:17:42,JNY_375905612,USR_34768,STN_BLR_01,Bengaluru,OFFICE,46.3,85.0,69.7,TYPE2_AC,22.0,False,26.97,25.45,85.83,92.5,1.078,1.0,0.0,NORMAL,False,False,NIGHT,False
CHG_DDA17B18A2,2026-08-14 21:45:44,2026-08-14 21:45:44,2026-08-15 00:43:13,JNY_976330320,USR_18056,STN_GGN_02,Gurugram,MALL,42.2,80.0,77.2,TYPE2_AC,11.0,False,29.18,28.53,176.86,177.49,1.004,0.8,0.0,NORMAL,False,False,NIGHT,False
CHG_C38460DEAA,2026-08-14 21:48:46,2026-08-14 21:48:46,2026-08-14 22:17:49,JNY_912700931,USR_86779,STN_DEL_02,Delhi,OFFICE,26.0,85.0,67.5,CHAdeMO,100.0,True,39.83,37.74,27.88,29.07,1.043,1.0,0.0,NORMAL,False,False,NIGHT,False
CHG_46080A9F20,2026-08-14 22:01:49,2026-08-14 22:01:49,2026-08-14 22:31:27,JNY_569349334,USR_61332,STN_BLR_01,Bengaluru,OFFICE,22.4,85.0,88.2,CCS2,120.0,True,55.21,52.82,32.21,29.63,0.92,0.75,0.0,NORMAL,False,False,NIGHT,False
CHG_ECCFFB1BF5,2026-08-14 22:09:41,2026-08-14 22:09:41,2026-08-14 22:24:22,JNY_456288305,USR_72251,STN_BLR_01,Bengaluru,OFFICE,42.0,80.0,67.1,CCS2,120.0,True,25.5,24.54,14.17,14.69,1.037,1.0,0.0,NORMAL,False,False,NIGHT,False
CHG_D2DDAF58BB,2026-08-14 22:20:02,2026-08-14 22:20:02,2026-08-14 23:19:52,JNY_731473883,USR_29041,STN_GGN_01,Gurugram,OFFICE,19.4,80.0,84.4,CCS2,60.0,True,51.15,48.51,56.83,59.84,1.053,1.0,0.0,NORMAL,False,False,NIGHT,False
CHG_47DBD630D2,2026-08-14 22:23:29,2026-08-14 22:23:29,2026-08-14 22:44:23,JNY_353352893,USR_85990,STN_DEL_02,Delhi,OFFICE,32.3,80.0,79.8,CCS2,120.0,True,38.06,37.0,21.15,20.9,0.988,0.75,0.0,NORMAL,False,False,NIGHT,False
CHG_388FA8D0A7,2026-08-14 22:53:12,2026-08-14 22:53:12,2026-08-14 23:15:23,JNY_400968665,USR_83357,STN_MUM_01,Mumbai,MALL,32.2,85.0,74.6,CCS2,120.0,True,39.39,37.4,22.98,22.2,0.966,0.8,0.0,NORMAL,False,False,NIGHT,False
CHG_5DEDF398F8,2026-08-14 23:52:28,2026-08-14 23:52:28,2026-08-15 01:42:50,JNY_267412897,USR_38878,STN_MUM_01,Mumbai,MALL,37.7,85.0,69.7,TYPE2_AC,22.0,False,32.97,32.38,104.9,110.38,1.052,0.8,0.0,NORMAL,False,False,NIGHT,False
CHG_6F4808F13C,2026-08-14 23:56:59,2026-08-14 23:56:59,2026-08-15 04:35:06,JNY_707444189,USR_52895,STN_GGN_01,Gurugram,OFFICE,34.1,90.0,71.7,TYPE2_AC,11.0,False,40.08,39.88,267.2,278.13,1.041,1.0,0.0,NORMAL,False,False,NIGHT,False
CHG_FF49FAA6A4,2026-08-15 00:17:31,2026-08-15 00:17:31,2026-08-15 06:17:31,JNY_695694868,USR_35967,STN_JPR_01,Jaipur,MALL,14.3,90.0,74.4,TYPE2_AC,11.0,False,56.32,55.71,375.47,360.0,0.959,1.0,0.0,MINOR_SLOWDOWN,True,False,NIGHT,True
CHG_5125F3A9DB,2026-08-15 00:22:09,2026-08-15 00:22:09,2026-08-15 00:40:14,JNY_769480454,USR_17546,STN_JPR_02,Jaipur,HIGHWAY,34.7,85.0,74.3,CCS2,150.0,True,37.37,34.86,17.44,18.1,1.038,1.0,0.0,NORMAL,False,False,NIGHT,False
CHG_C74BEBBC46,2026-08-15 00:35:49,2026-08-15 00:35:49,2026-08-15 00:50:37,JNY_738789921,USR_68400,STN_DEL_03,Delhi,HIGHWAY,48.7,85.0,63.4,CCS2,120.0,True,23.01,22.29,13.42,14.81,1.103,1.0,5.0,NORMAL,False,False,NIGHT,True
CHG_ABDF82EDD8,2026-08-15 00:47:40,2026-08-15 00:47:40,2026-08-15 01:52:06,JNY_968036240,USR_62850,STN_DEL_03,Delhi,HIGHWAY,18.3,80.0,87.7,CCS2,60.0,True,54.11,52.4,60.12,64.44,1.072,1.0,0.0,NORMAL,False,False,NIGHT,True
CHG_FF4F5B2C09,2026-08-15 01:02:53,2026-08-15 01:02:53,2026-08-15 01:33:19,JNY_314048753,USR_19521,STN_BLR_01,Bengaluru,OFFICE,47.2,80.0,59.4,CCS2,60.0,True,19.48,18.16,21.65,30.45,1.406,1.0,0.0,POWER_LIMITATION,True,False,NIGHT,True
CHG_9D4CF92F71,2026-08-15 01:48:24,2026-08-15 01:48:24,2026-08-15 02:06:12,JNY_560104192,USR_44845,STN_GGN_01,Gurugram,OFFICE,37.2,80.0,73.3,CCS2,120.0,True,31.37,29.79,17.43,17.82,1.022,1.0,0.0,NORMAL,False,False,NIGHT,True
CHG_0B1A824EBA,2026-08-15 01:54:40,2026-08-15 01:54:40,2026-08-15 02:10:33,JNY_587427668,USR_51114,STN_DEL_01,Delhi,MALL,33.3,85.0,60.2,CCS2,150.0,True,31.12,29.47,14.52,15.89,1.094,1.0,0.0,NORMAL,False,False,NIGHT,True
CHG_C3192096AE,2026-08-15 02:02:59,2026-08-15 02:02:59,2026-08-15 02:39:38,JNY_829724061,USR_99791,STN_BLR_01,Bengaluru,OFFICE,15.3,85.0,64.9,CCS2,90.0,True,45.24,43.15,35.18,36.66,1.042,1.0,0.0,NORMAL,False,False,NIGHT,True
CHG_9723DE4DD5,2026-08-15 02:04:48,2026-08-15 02:04:48,2026-08-15 02:31:15,JNY_979238988,USR_65487,STN_BLR_01,Bengaluru,OFFICE,26.3,85.0,76.6,CCS2,120.0,True,44.96,43.37,26.23,26.45,1.008,1.0,0.0,NORMAL,False,False,NIGHT,True
CHG_19DABA091F,2026-08-15 03:00:03,2026-08-15 03:00:03,2026-08-15 03:13:34,JNY_725363171,USR_32130,STN_BLR_01,Bengaluru,OFFICE,50.5,80.0,77.5,CCS2,150.0,True,22.86,21.91,10.16,13.53,1.332,1.0,0.0,POWER_LIMITATION,True,False,NIGHT,True
CHG_D68408953B,2026-08-15 03:50:37,2026-08-15 03:50:37,2026-08-15 04:17:35,JNY_183927032,USR_64949,STN_BLR_01,Bengaluru,OFFICE,15.0,85.0,66.7,CCS2,120.0,True,46.69,44.36,27.24,26.98,0.991,1.0,0.0,NORMAL,False,False,NIGHT,True
CHG_922831AEE2,2026-08-15 04:36:05,2026-08-15 04:36:05,2026-08-15 05:47:46,JNY_913750291,USR_33975,STN_GGN_01,Gurugram,OFFICE,61.5,90.0,63.6,TYPE2_AC,22.0,False,18.13,17.72,60.42,71.7,1.187,1.0,0.0,MINOR_SLOWDOWN,True,False,NIGHT,True
CHG_0626330316,2026-08-15 04:57:56,2026-08-15 04:57:56,2026-08-15 05:14:58,JNY_260149366,USR_89653,STN_MUM_02,Mumbai,RESIDENTIAL,34.3,80.0,90.0,CCS2,150.0,True,41.13,40.17,18.28,17.05,0.933,0.75,0.0,NORMAL,False,False,NIGHT,True
CHG_8686054955,2026-08-15 05:07:14,2026-08-15 05:07:14,2026-08-15 09:35:26,JNY_124618252,USR_67194,STN_JPR_01,Jaipur,MALL,24.6,85.0,74.2,TYPE2_AC,11.0,False,44.82,43.27,285.2,268.22,0.94,0.8,0.0,NORMAL,False,False,NIGHT,True
CHG_CF548F3833,2026-08-15 05:21:47,2026-08-15 05:21:47,2026-08-15 08:36:20,JNY_399128968,USR_67881,STN_GGN_01,Gurugram,OFFICE,38.3,80.0,71.9,TYPE2_AC,11.0,False,29.98,28.94,181.71,194.56,1.071,1.0,0.0,NORMAL,False,False,NIGHT,True
CHG_089BFD3E2A,2026-08-15 05:25:33,2026-08-15 05:25:33,2026-08-15 05:53:09,JNY_783263891,USR_98847,STN_GGN_02,Gurugram,MALL,25.8,85.0,82.1,CCS2,150.0,True,48.6,47.41,22.68,27.61,1.217,0.8,0.0,MINOR_SLOWDOWN,True,False,NIGHT,True
CHG_C937B7BB7E,2026-08-15 05:30:52,2026-08-15 05:30:52,2026-08-15 07:45:23,JNY_661865269,USR_13415,STN_MUM_02,Mumbai,RESIDENTIAL,49.6,80.0,60.6,TYPE2_AC,11.0,False,18.42,17.54,111.65,134.52,1.205,0.25,4.0,NORMAL,False,False,NIGHT,True
CHG_344E5BED4C,2026-08-15 05:39:23,2026-08-15 05:39:23,2026-08-15 06:17:18,JNY_982380462,USR_20693,STN_DEL_02,Delhi,OFFICE,25.9,85.0,82.7,CCS2,90.0,True,48.88,45.72,38.01,37.93,0.998,0.75,0.0,NORMAL,False,False,NIGHT,True
CHG_E475DBB525,2026-08-15 05:46:08,2026-08-15 05:46:08,2026-08-15 06:14:26,JNY_789396952,USR_29604,STN_GGN_01,Gurugram,OFFICE,32.6,85.0,66.4,CCS2,90.0,True,34.79,33.49,27.06,28.3,1.046,0.5,2.0,NORMAL,False,False,NIGHT,True
CHG_40A30DE1FE,2026-08-15 05:48:29,2026-08-15 05:48:29,2026-08-15 11:48:29,JNY_942109967,USR_37519,STN_DEL_01,Delhi,MALL,24.0,95.0,73.6,TYPE2_AC,7.2,False,52.26,50.17,556.43,360.0,0.647,1.0,0.0,NORMAL,False,False,NIGHT,True
CHG_3C9B031461,2026-08-15 05:49:05,2026-08-15 05:49:05,2026-08-15 06:08:44,JNY_671820705,USR_77995,STN_GGN_02,Gurugram,MALL,40.5,80.0,86.7,CCS2,120.0,True,34.25,32.95,19.03,19.66,1.033,0.8,0.0,NORMAL,False,False,NIGHT,True
CHG_94766833DC,2026-08-15 05:50:34,2026-08-15 05:50:34,2026-08-15 06:43:15,JNY_725796602,USR_81540,STN_GGN_02,Gurugram,MALL,33.0,85.0,70.6,CHAdeMO,50.0,True,36.71,34.52,51.4,52.7,1.025,1.0,4.0,NORMAL,False,False,NIGHT,True
CHG_A81DE56615,2026-08-15 05:54:13,2026-08-15 05:54:13,2026-08-15 06:14:07,JNY_352723147,USR_59579,STN_MUM_02,Mumbai,RESIDENTIAL,30.4,85.0,83.3,CCS2,150.0,True,45.48,43.7,21.22,19.9,0.938,0.75,0.0,NORMAL,False,False,NIGHT,True
CHG_2F7053C831,2026-08-15 06:04:58,2026-08-15 06:04:58,2026-08-15 06:36:42,JNY_459801227,USR_59595,STN_JPR_01,Jaipur,MALL,13.8,85.0,62.0,CCS2,90.0,True,44.14,42.38,34.33,31.74,0.924,0.8,0.0,NORMAL,False,False,MORNING,True
CHG_AF08F27D21,2026-08-15 06:25:54,2026-08-15 06:25:54,2026-08-15 06:52:28,JNY_206450610,USR_25309,STN_MUM_01,Mumbai,MALL,42.2,80.0,88.3,CCS2,90.0,True,33.38,31.66,24.72,26.57,1.075,0.6,0.0,NORMAL,False,False,MORNING,True
CHG_273ECFCCB7,2026-08-15 06:37:31,2026-08-15 06:37:31,2026-08-15 08:19:07,JNY_454973133,USR_94316,STN_JPR_01,Jaipur,MALL,35.7,80.0,65.6,TYPE2_AC,22.0,False,29.06,27.4,88.06,101.61,1.154,0.8,4.0,NORMAL,False,False,MORNING,True
CHG_DE9669E6CF,2026-08-15 06:38:56,2026-08-15 06:38:56,2026-08-15 09:17:47,JNY_104562234,USR_33478,STN_DEL_01,Delhi,MALL,23.8,90.0,71.2,TYPE2_AC,22.0,False,47.13,45.72,157.11,158.86,1.011,1.0,0.0,NORMAL,False,False,MORNING,True
CHG_663E501346,2026-08-15 06:53:14,2026-08-15 06:53:14,2026-08-15 07:07:24,JNY_532861723,USR_63866,STN_BLR_01,Bengaluru,OFFICE,49.1,85.0,54.6,CCS2,120.0,True,19.6,18.79,11.43,14.17,1.239,0.75,2.0,MINOR_SLOWDOWN,True,False,MORNING,True
CHG_77BDCD4D7C,2026-08-15 06:58:09,2026-08-15 06:58:09,2026-08-15 07:44:47,JNY_180384142,USR_49329,STN_BLR_01,Bengaluru,OFFICE,27.7,80.0,71.2,CCS2,60.0,True,37.24,34.49,41.38,46.64,1.127,1.0,4.0,NORMAL,False,False,MORNING,True
CHG_CBF89D9CE2,2026-08-15 06:59:58,2026-08-15 06:59:58,2026-08-15 07:31:11,JNY_628428783,USR_76023,STN_MUM_01,Mumbai,MALL,27.2,85.0,64.9,CCS2,90.0,True,37.51,35.87,29.18,31.22,1.07,0.8,4.0,NORMAL,False,False,MORNING,True
CHG_E91547C78C,2026-08-15 07:07:10,2026-08-15 07:07:10,2026-08-15 07:22:11,JNY_494777282,USR_82323,STN_GGN_01,Gurugram,OFFICE,55.2,85.0,63.5,CCS2,90.0,True,18.92,18.22,14.72,15.03,1.021,0.75,0.0,NORMAL,False,False,MORNING,True
CHG_2DB3E7181C,2026-08-15 07:07:36,2026-08-15 07:07:36,2026-08-15 12:18:01,JNY_643067158,USR_27323,STN_MUM_02,Mumbai,RESIDENTIAL,27.6,80.0,57.3,TYPE2_AC,7.2,False,30.03,28.71,278.01,310.43,1.117,0.25,2.0,NORMAL,False,False,MORNING,True
CHG_E301CBD4BE,2026-08-15 07:09:30,2026-08-15 07:09:30,2026-08-15 07:38:33,JNY_365890449,USR_62185,STN_DEL_01,Delhi,MALL,20.5,85.0,83.1,CCS2,120.0,True,53.6,52.48,31.27,29.05,0.929,0.6,0.0,NORMAL,False,False,MORNING,True
CHG_5DEF51DCC6,2026-08-15 07:10:20,2026-08-15 07:10:20,2026-08-15 08:01:35,JNY_132304220,USR_83588,STN_DEL_01,Delhi,MALL,37.3,90.0,78.1,CCS2,60.0,True,41.16,38.41,50.31,51.25,1.019,0.8,0.0,NORMAL,False,False,MORNING,True
CHG_0815F2AEA3,2026-08-15 07:10:58,2026-08-15 07:10:58,2026-08-15 11:53:25,JNY_912473946,USR_86453,STN_MUM_01,Mumbai,MALL,48.4,90.0,65.7,TYPE2_AC,7.2,False,27.33,26.89,278.37,282.46,1.015,1.0,0.0,NORMAL,False,False,MORNING,True
CHG_93E0CA2C62,2026-08-15 07:20:45,2026-08-15 07:20:45,2026-08-15 08:00:42,JNY_169912620,USR_71094,STN_BLR_01,Bengaluru,OFFICE,30.5,80.0,57.0,CHAdeMO,50.0,True,28.21,27.42,37.62,39.96,1.062,1.0,0.0,NORMAL,False,False,MORNING,True
CHG_BA2E94E58D,2026-08-15 07:20:53,2026-08-15 07:20:53,2026-08-15 09:38:45,JNY_159708141,USR_32660,STN_DEL_01,Delhi,MALL,12.7,95.0,87.8,CCS2,60.0,True,72.26,69.66,92.33,137.87,1.493,0.8,0.0,POWER_LIMITATION,True,False,MORNING,True
CHG_5002F6289A,2026-08-15 07:25:06,2026-08-15 07:25:06,2026-08-15 07:45:04,JNY_303056059,USR_70417,STN_GGN_01,Gurugram,OFFICE,28.9,85.0,68.2,CCS2,150.0,True,38.26,35.88,17.85,19.98,1.119,0.5,7.0,NORMAL,False,False,MORNING,True
CHG_295ED65466,2026-08-15 07:35:01,2026-08-15 07:35:01,2026-08-15 07:58:01,JNY_417470990,USR_50951,STN_DEL_02,Delhi,OFFICE,40.8,85.0,90.0,CCS2,120.0,True,39.78,38.4,23.21,23.01,0.992,0.75,0.0,NORMAL,False,False,MORNING,True
CHG_AA1BC3D952,2026-08-15 07:41:03,2026-08-15 07:41:03,2026-08-15 08:26:47,JNY_479785081,USR_11338,STN_JPR_01,Jaipur,MALL,29.5,90.0,59.6,CCS2,60.0,True,36.06,34.39,44.07,45.74,1.038,0.6,0.0,NORMAL,False,False,MORNING,True
CHG_2F5A4EA3A5,2026-08-15 07:42:24,2026-08-15 07:42:24,2026-08-15 07:51:31,JNY_574435263,USR_80634,STN_MUM_02,Mumbai,RESIDENTIAL,60.8,80.0,75.2,CCS2,120.0,True,14.44,13.61,8.02,9.12,1.137,0.5,9.0,NORMAL,False,False,MORNING,True
CHG_7B96063E07,2026-08-15 07:42:29,2026-08-15 07:42:29,2026-08-15 08:01:46,JNY_330587820,USR_51418,STN_BLR_01,Bengaluru,OFFICE,32.0,90.0,68.8,CCS2,150.0,True,39.9,38.88,19.51,19.28,0.988,1.0,0.0,NORMAL,False,False,MORNING,True
CHG_7394D820DC,2026-08-15 07:42:42,2026-08-15 07:42:42,2026-08-15 08:47:36,JNY_218558702,USR_45499,STN_MUM_02,Mumbai,RESIDENTIAL,32.9,85.0,70.4,CHAdeMO,50.0,True,36.68,34.66,51.35,64.91,1.264,0.25,8.0,NORMAL,False,False,MORNING,True
CHG_8D2484E048,2026-08-15 07:46:51,2026-08-15 07:46:51,2026-08-15 08:42:14,JNY_474341618,USR_10331,STN_GGN_02,Gurugram,MALL,16.2,80.0,85.4,CHAdeMO,75.0,True,54.49,53.7,48.43,55.4,1.144,0.8,4.0,NORMAL,False,False,MORNING,True
CHG_CDFEFBF5E2,2026-08-15 07:50:26,2026-08-15 07:50:26,2026-08-15 08:10:24,JNY_380695125,USR_43511,STN_GGN_01,Gurugram,OFFICE,23.1,80.0,68.0,CCS2,120.0,True,38.69,36.95,21.5,19.97,0.929,1.0,0.0,NORMAL,False,False,MORNING,True
CHG_CB5A579160,2026-08-15 07:56:47,2026-08-15 07:56:47,2026-08-15 08:15:11,JNY_354352185,USR_44898,STN_JPR_02,Jaipur,HIGHWAY,48.7,80.0,89.5,CCS2,150.0,True,28.01,27.46,12.45,18.4,1.478,0.2,12.0,NORMAL,False,False,MORNING,True
CHG_754B370B16,2026-08-15 08:03:27,2026-08-15 08:03:27,2026-08-15 09:55:27,JNY_935678295,USR_26896,STN_MUM_01,Mumbai,MALL,43.0,90.0,67.5,TYPE2_AC,22.0,False,31.73,30.2,105.75,112.01,1.059,0.4,0.0,NORMAL,False,False,MORNING,True
CHG_A06235114D,2026-08-15 08:09:11,2026-08-15 08:09:11,2026-08-15 08:26:58,JNY_351198221,USR_20612,STN_MUM_02,Mumbai,RESIDENTIAL,33.1,85.0,54.2,CCS2,120.0,True,28.13,27.82,16.41,17.8,1.085,0.5,0.0,NORMAL,False,False,MORNING,True
CHG_AE1C67B33B,2026-08-15 08:13:03,2026-08-15 08:13:03,2026-08-15 09:06:09,JNY_933611941,USR_34567,STN_DEL_01,Delhi,MALL,18.3,95.0,90.0,CCS2,150.0,True,69.03,66.88,35.28,53.11,1.505,0.2,15.0,NORMAL,False,True,MORNING,True
CHG_22576A0F3C,2026-08-15 08:16:14,2026-08-15 08:16:14,2026-08-15 09:18:18,JNY_656667674,USR_22394,STN_JPR_02,Jaipur,HIGHWAY,38.9,90.0,59.5,CHAdeMO,50.0,True,30.4,30.12,44.59,62.08,1.392,0.2,12.0,NORMAL,False,False,MORNING,True
CHG_9C906EC312,2026-08-15 08:16:21,2026-08-15 08:16:21,2026-08-15 09:25:42,JNY_425802264,USR_88717,STN_MUM_02,Mumbai,RESIDENTIAL,25.6,90.0,79.8,CHAdeMO,50.0,True,51.39,50.51,75.37,69.37,0.92,0.75,0.0,NORMAL,False,False,MORNING,True
CHG_B1F0132C8D,2026-08-15 08:16:22,2026-08-15 08:16:22,2026-08-15 09:13:43,JNY_935955857,USR_49666,STN_DEL_03,Delhi,HIGHWAY,24.5,85.0,72.5,CCS2,60.0,True,43.86,40.1,51.17,57.36,1.121,0.2,4.0,NORMAL,False,False,MORNING,True
CHG_7A5DEB8295,2026-08-15 08:18:08,2026-08-15 08:18:08,2026-08-15 09:00:22,JNY_889497297,USR_44976,STN_GGN_01,Gurugram,OFFICE,14.5,90.0,71.9,CCS2,90.0,True,54.28,52.48,44.23,42.24,0.955,0.75,0.0,NORMAL,False,False,MORNING,True
CHG_F77163E0B9,2026-08-15 08:18:17,2026-08-15 08:18:17,2026-08-15 08:36:16,JNY_528923464,USR_36256,STN_BLR_01,Bengaluru,OFFICE,40.8,80.0,70.0,CCS2,120.0,True,27.44,26.79,15.24,18.0,1.18,0.75,0.0,MINOR_SLOWDOWN,True,False,MORNING,True
CHG_32C93B4176,2026-08-15 08:19:08,2026-08-15 08:19:08,2026-08-15 08:34:10,JNY_670989764,USR_78008,STN_MUM_02,Mumbai,RESIDENTIAL,55.2,85.0,83.0,CCS2,120.0,True,24.73,24.18,14.43,15.05,1.043,0.5,0.0,NORMAL,False,False,MORNING,True
CHG_76F5E3B463,2026-08-15 08:22:53,2026-08-15 08:22:53,2026-08-15 08:40:55,JNY_460785979,USR_35217,STN_DEL_02,Delhi,OFFICE,34.0,85.0,70.5,CCS2,150.0,True,35.95,35.09,16.78,18.04,1.075,0.5,3.0,NORMAL,False,False,MORNING,True
CHG_371AA9FFBB,2026-08-15 08:24:30,2026-08-15 08:24:30,2026-08-15 08:48:45,JNY_117824548,USR_46083,STN_MUM_02,Mumbai,RESIDENTIAL,33.3,95.0,63.0,CCS2,150.0,True,38.87,36.16,19.87,24.26,1.221,0.5,8.0,NORMAL,False,False,MORNING,True
CHG_F92D76DA33,2026-08-15 08:27:01,2026-08-15 08:27:01,2026-08-15 08:52:12,JNY_887286978,USR_36504,STN_MUM_01,Mumbai,MALL,15.6,80.0,68.2,CCS2,150.0,True,43.92,41.18,19.52,25.2,1.291,0.2,4.0,NORMAL,False,False,MORNING,True
CHG_12253593E3,2026-08-15 08:28:28,2026-08-15 08:28:28,2026-08-15 08:46:26,JNY_392125344,USR_90074,STN_BLR_01,Bengaluru,OFFICE,21.3,80.0,65.7,CCS2,150.0,True,38.57,36.34,17.14,17.98,1.049,1.0,0.0,NORMAL,False,False,MORNING,True
CHG_3F88F20A8C,2026-08-15 08:29:07,2026-08-15 08:29:07,2026-08-15 14:29:07,JNY_986555909,USR_54207,STN_GGN_02,Gurugram,MALL,16.9,85.0,87.3,TYPE2_AC,11.0,False,59.45,58.12,378.33,360.0,0.952,1.0,0.0,NORMAL,False,False,MORNING,True
CHG_15C0EE7BC3,2026-08-15 08:30:34,2026-08-15 08:30:34,2026-08-15 09:01:34,JNY_695725614,USR_29184,STN_JPR_02,Jaipur,HIGHWAY,25.0,90.0,75.9,CCS2,150.0,True,49.34,47.49,24.12,31.01,1.286,0.4,8.0,NORMAL,False,False,MORNING,True
CHG_B6E8859A59,2026-08-15 08:30:44,2026-08-15 08:30:44,2026-08-15 13:58:08,JNY_242002764,USR_51705,STN_MUM_02,Mumbai,RESIDENTIAL,41.8,85.0,74.6,TYPE2_AC,11.0,False,32.23,30.89,205.08,327.41,1.596,1.0,5.0,POWER_LIMITATION,True,True,MORNING,True
CHG_0CCB7869D0,2026-08-15 08:32:06,2026-08-15 08:32:06,2026-08-15 10:03:24,JNY_862258600,USR_39996,STN_JPR_02,Jaipur,HIGHWAY,32.1,90.0,89.2,CHAdeMO,100.0,True,51.65,49.32,37.87,91.31,2.411,0.2,8.0,CHARGER_FAULT,True,True,MORNING,True
CHG_698CCB4C7B,2026-08-15 08:32:30,2026-08-15 08:32:30,2026-08-15 09:11:31,JNY_660137157,USR_59039,STN_DEL_03,Delhi,HIGHWAY,13.6,80.0,75.9,CCS2,120.0,True,50.4,47.76,28.0,39.03,1.394,0.2,9.0,NORMAL,False,False,MORNING,True
CHG_CF2DDA5212,2026-08-15 08:34:34,2026-08-15 08:34:34,2026-08-15 08:57:59,JNY_749964670,USR_80008,STN_DEL_02,Delhi,OFFICE,25.8,80.0,78.7,CCS2,120.0,True,42.66,40.58,23.7,23.42,0.988,1.0,2.0,NORMAL,False,False,MORNING,True
CHG_B7B4C25CE8,2026-08-15 08:37:12,2026-08-15 08:37:12,2026-08-15 09:20:23,JNY_488171066,USR_79628,STN_DEL_01,Delhi,MALL,50.7,95.0,68.8,CHAdeMO,50.0,True,30.48,29.89,46.73,43.2,0.924,0.6,0.0,NORMAL,False,False,MORNING,True
CHG_DA62D7939C,2026-08-15 08:44:43,2026-08-15 08:44:43,2026-08-15 08:55:16,JNY_813606256,USR_44405,STN_BLR_01,Bengaluru,OFFICE,62.3,85.0,85.3,CCS2,150.0,True,19.36,18.88,9.04,10.56,1.169,0.5,10.0,NORMAL,False,False,MORNING,True
CHG_69DF5FFCEC,2026-08-15 08:51:41,2026-08-15 08:51:41,2026-08-15 09:36:58,JNY_417817750,USR_35522,STN_DEL_01,Delhi,MALL,21.1,85.0,66.1,CHAdeMO,75.0,True,42.24,40.48,39.42,45.29,1.149,0.4,0.0,NORMAL,False,False,MORNING,True
CHG_80B16E5C0A,2026-08-15 08:54:30,2026-08-15 08:54:30,2026-08-15 09:19:59,JNY_826952991,USR_58247,STN_JPR_01,Jaipur,MALL,31.6,85.0,76.1,CCS2,120.0,True,40.64,38.48,23.71,25.49,1.075,0.4,0.0,NORMAL,False,False,MORNING,True
CHG_6CE0817B4E,2026-08-15 09:00:24,2026-08-15 09:00:24,2026-08-15 15:00:24,JNY_622063705,USR_65702,STN_GGN_02,Gurugram,MALL,24.7,90.0,66.2,TYPE2_AC,11.0,False,43.23,42.24,288.19,360.0,1.249,0.8,0.0,POWER_LIMITATION,True,False,MORNING,True
CHG_58E132E709,2026-08-15 09:04:20,2026-08-15 09:04:20,2026-08-15 09:40:24,JNY_588375072,USR_56858,STN_BLR_01,Bengaluru,OFFICE,16.8,95.0,72.4,CCS2,120.0,True,56.62,53.3,36.17,36.08,0.997,0.75,0.0,NORMAL,False,False,MORNING,True
CHG_4E6C5A034F,2026-08-15 09:06:27,2026-08-15 09:06:27,2026-08-15 13:50:02,JNY_549280819,USR_51842,STN_DEL_01,Delhi,MALL,56.4,90.0,72.3,TYPE2_AC,7.2,False,24.29,22.44,247.43,283.59,1.146,0.4,0.0,NORMAL,False,False,MORNING,True
CHG_9144D75A81,2026-08-15 09:08:41,2026-08-15 09:08:41,2026-08-15 10:02:18,JNY_718466362,USR_23562,STN_MUM_02,Mumbai,RESIDENTIAL,30.3,85.0,61.5,CCS2,60.0,True,33.64,32.53,39.25,53.63,1.366,1.0,0.0,POWER_LIMITATION,True,False,MORNING,True
CHG_ADAE6E6FFB,2026-08-15 09:11:04,2026-08-15 09:11:04,2026-08-15 12:26:40,JNY_933844173,USR_79135,STN_GGN_01,Gurugram,OFFICE,34.3,85.0,55.8,TYPE2_AC,11.0,False,28.29,26.78,180.03,195.6,1.087,0.75,0.0,NORMAL,False,False,MORNING,True
CHG_2B62A50918,2026-08-15 09:11:16,2026-08-15 09:11:16,2026-08-15 12:13:20,JNY_396569298,USR_82432,STN_GGN_01,Gurugram,OFFICE,30.7,80.0,82.4,TYPE2_AC,22.0,False,40.62,39.08,123.1,182.08,1.479,0.25,7.0,MINOR_SLOWDOWN,True,False,MORNING,True
CHG_22A4DEE7CC,2026-08-15 09:12:25,2026-08-15 09:12:25,2026-08-15 09:56:51,JNY_895162670,USR_86928,STN_JPR_02,Jaipur,HIGHWAY,21.9,95.0,90.0,CCS2,120.0,True,65.79,61.73,42.03,44.44,1.057,0.4,2.0,NORMAL,False,False,MORNING,True
CHG_EAB41B3B7A,2026-08-15 09:16:38,2026-08-15 09:16:38,2026-08-15 09:40:55,JNY_176804126,USR_98712,STN_GGN_02,Gurugram,MALL,39.5,80.0,69.7,CCS2,90.0,True,28.23,26.97,20.91,24.29,1.162,0.4,9.0,NORMAL,False,False,MORNING,True
CHG_6DD4CE319F,2026-08-15 09:25:33,2026-08-15 09:25:33,2026-08-15 09:56:42,JNY_374780625,USR_38662,STN_GGN_01,Gurugram,OFFICE,36.6,85.0,90.0,CCS2,120.0,True,43.56,41.3,25.41,31.16,1.226,0.5,5.0,NORMAL,False,False,MORNING,True
CHG_93FEC4B648,2026-08-15 09:26:14,2026-08-15 09:26:14,2026-08-15 15:26:14,JNY_287040121,USR_28479,STN_JPR_01,Jaipur,MALL,26.5,80.0,88.7,TYPE2_AC,11.0,False,47.45,45.51,287.6,360.0,1.252,0.4,0.0,POWER_LIMITATION,True,False,MORNING,True
CHG_CB2BC4D277,2026-08-15 09:27:02,2026-08-15 09:27:02,2026-08-15 10:16:25,JNY_680929893,USR_77458,STN_BLR_01,Bengaluru,OFFICE,21.8,95.0,83.0,CCS2,120.0,True,60.76,57.49,38.82,49.4,1.273,0.25,4.0,NORMAL,False,False,MORNING,True
CHG_3142152312,2026-08-15 09:30:06,2026-08-15 09:30:06,2026-08-15 10:34:58,JNY_752865334,USR_99074,STN_BLR_01,Bengaluru,OFFICE,17.8,85.0,67.1,CCS2,90.0,True,45.09,43.22,35.07,64.87,1.85,0.25,5.0,POWER_LIMITATION,True,True,MORNING,True
CHG_EC8DC75C45,2026-08-15 09:37:19,2026-08-15 09:37:19,2026-08-15 09:54:27,JNY_145144692,USR_64266,STN_GGN_02,Gurugram,MALL,38.7,80.0,65.3,CCS2,120.0,True,26.97,25.77,14.98,17.15,1.144,0.4,11.0,NORMAL,False,False,MORNING,True
CHG_1EE769703A,2026-08-15 09:38:01,2026-08-15 09:38:01,2026-08-15 09:55:48,JNY_878841099,USR_90958,STN_MUM_01,Mumbai,MALL,55.0,90.0,85.1,CCS2,120.0,True,29.79,28.82,18.2,17.79,0.978,0.4,0.0,NORMAL,False,False,MORNING,True
CHG_ADFA04460E,2026-08-15 09:39:59,2026-08-15 09:39:59,2026-08-15 10:09:21,JNY_780522049,USR_79453,STN_MUM_02,Mumbai,RESIDENTIAL,31.9,85.0,72.8,CCS2,90.0,True,38.66,37.82,30.07,29.38,0.977,1.0,0.0,NORMAL,False,False,MORNING,True
CHG_4121FF0B1F,2026-08-15 09:42:06,2026-08-15 09:42:06,2026-08-15 10:06:25,JNY_838859931,USR_17390,STN_GGN_02,Gurugram,MALL,39.2,85.0,71.4,CHAdeMO,100.0,True,32.7,31.19,22.89,24.32,1.062,0.6,0.0,NORMAL,False,False,MORNING,True
CHG_96ECDBCEDA,2026-08-15 09:42:57,2026-08-15 09:42:57,2026-08-15 10:10:43,JNY_223495704,USR_55261,STN_BLR_01,Bengaluru,OFFICE,38.1,85.0,63.0,CCS2,90.0,True,29.55,28.57,22.98,27.78,1.209,0.5,10.0,NORMAL,False,False,MORNING,True
CHG_3F7B5EFA5A,2026-08-15 09:54:46,2026-08-15 09:54:46,2026-08-15 10:05:58,JNY_927246161,USR_62762,STN_BLR_01,Bengaluru,OFFICE,54.9,80.0,70.0,CCS2,120.0,True,17.57,17.36,9.76,11.21,1.148,0.25,3.0,NORMAL,False,False,MORNING,True
CHG_3D8B60A3E3,2026-08-15 09:57:19,2026-08-15 09:57:19,2026-08-15 11:30:25,JNY_726663675,USR_23689,STN_JPR_01,Jaipur,MALL,33.2,80.0,61.5,TYPE2_AC,22.0,False,28.78,28.1,87.22,93.12,1.068,0.2,2.0,NORMAL,False,False,MORNING,True
CHG_2B63E4333C,2026-08-15 09:58:56,2026-08-15 09:58:56,2026-08-15 10:33:46,JNY_563842538,USR_82461,STN_BLR_01,Bengaluru,OFFICE,32.6,85.0,85.5,CCS2,120.0,True,44.8,42.46,26.13,34.85,1.333,0.25,9.0,NORMAL,False,False,MORNING,True
CHG_F60F02984D,2026-08-15 10:00:10,2026-08-15 10:00:10,2026-08-15 10:32:23,JNY_428751816,USR_53169,STN_MUM_02,Mumbai,RESIDENTIAL,54.9,90.0,86.2,CCS2,90.0,True,30.26,29.44,24.65,32.22,1.307,0.5,9.0,NORMAL,False,False,MORNING,True
CHG_E6DB41F351,2026-08-15 10:00:29,2026-08-15 10:00:29,2026-08-15 11:12:55,JNY_713976423,USR_20362,STN_BLR_01,Bengaluru,OFFICE,17.9,90.0,78.7,CHAdeMO,75.0,True,56.74,54.06,55.48,72.45,1.306,0.25,4.0,NORMAL,False,False,MORNING,True
CHG_75A64F192C,2026-08-15 10:08:34,2026-08-15 10:08:34,2026-08-15 10:44:59,JNY_350501076,USR_65118,STN_JPR_02,Jaipur,HIGHWAY,17.3,80.0,74.5,CCS2,120.0,True,46.71,46.26,25.95,36.42,1.403,0.2,9.0,NORMAL,False,False,MORNING,True
CHG_885BF5FBE7,2026-08-15 10:09:35,2026-08-15 10:09:35,2026-08-15 10:41:52,JNY_311108717,USR_53834,STN_GGN_02,Gurugram,MALL,13.3,80.0,81.9,CCS2,120.0,True,54.63,52.62,30.35,32.3,1.064,0.6,0.0,NORMAL,False,False,MORNING,True
CHG_714F02C517,2026-08-15 10:18:30,2026-08-15 10:18:30,2026-08-15 11:53:18,JNY_318223173,USR_36080,STN_GGN_01,Gurugram,OFFICE,33.4,80.0,60.0,TYPE2_AC,22.0,False,27.96,27.14,84.73,94.81,1.119,0.25,3.0,NORMAL,False,False,MORNING,True
CHG_69EFB7B701,2026-08-15 10:18:56,2026-08-15 10:18:56,2026-08-15 10:41:31,JNY_465272520,USR_40777,STN_GGN_01,Gurugram,OFFICE,29.1,80.0,60.4,CCS2,90.0,True,30.74,28.73,22.77,22.59,0.992,0.5,0.0,NORMAL,False,False,MORNING,True
CHG_2A395CF2CB,2026-08-15 10:19:30,2026-08-15 10:19:30,2026-08-15 11:04:28,JNY_943427291,USR_77525,STN_DEL_01,Delhi,MALL,35.9,90.0,90.0,CCS2,90.0,True,48.69,47.49,39.67,44.98,1.134,0.8,0.0,MINOR_SLOWDOWN,True,False,MORNING,True
CHG_0B715F9E27,2026-08-15 10:23:50,2026-08-15 10:23:50,2026-08-15 10:50:53,JNY_598502021,USR_57639,STN_JPR_01,Jaipur,MALL,17.9,85.0,68.8,CCS2,120.0,True,46.16,44.89,26.93,27.05,1.005,0.8,0.0,NORMAL,False,False,MORNING,True
CHG_5F0A8432E5,2026-08-15 10:31:34,2026-08-15 10:31:34,2026-08-15 11:01:09,JNY_230011683,USR_15798,STN_BLR_01,Bengaluru,OFFICE,12.9,80.0,70.3,CCS2,150.0,True,47.17,44.32,20.97,29.59,1.411,0.25,15.0,NORMAL,False,False,MORNING,True
CHG_1E8A78428E,2026-08-15 10:34:54,2026-08-15 10:34:54,2026-08-15 10:58:15,JNY_198205123,USR_95184,STN_JPR_02,Jaipur,HIGHWAY,19.5,95.0,58.7,CCS2,150.0,True,44.32,41.86,22.65,23.36,1.031,0.8,0.0,NORMAL,False,False,MORNING,True
CHG_57924EF026,2026-08-15 10:36:38,2026-08-15 10:36:38,2026-08-15 13:26:09,JNY_506853161,USR_23418,STN_MUM_02,Mumbai,RESIDENTIAL,47.9,85.0,71.6,TYPE2_AC,11.0,False,26.56,25.56,169.04,169.53,1.003,0.75,0.0,NORMAL,False,False,MORNING,True
CHG_8706E0D5E4,2026-08-15 10:44:26,2026-08-15 10:44:26,2026-08-15 11:14:52,JNY_912730483,USR_59125,STN_DEL_01,Delhi,MALL,39.5,90.0,65.1,CCS2,90.0,True,32.88,31.72,26.79,30.44,1.136,0.4,3.0,NORMAL,False,False,MORNING,True
CHG_3F1CB5372E,2026-08-15 10:47:24,2026-08-15 10:47:24,2026-08-15 11:01:15,JNY_846310303,USR_81184,STN_DEL_02,Delhi,OFFICE,30.4,80.0,63.4,CCS2,150.0,True,31.45,29.91,13.98,13.86,0.991,0.75,2.0,NORMAL,False,False,MORNING,True
CHG_3A4110753E,2026-08-15 10:47:38,2026-08-15 10:47:38,2026-08-15 11:11:41,JNY_668884952,USR_33268,STN_DEL_02,Delhi,OFFICE,44.2,80.0,78.1,CHAdeMO,75.0,True,27.96,26.77,24.85,24.05,0.968,0.75,0.0,NORMAL,False,False,MORNING,True
CHG_981286F16E,2026-08-15 10:57:40,2026-08-15 10:57:40,2026-08-15 11:09:30,JNY_674815962,USR_13554,STN_DEL_01,Delhi,MALL,39.1,80.0,60.8,CCS2,150.0,True,24.87,23.48,11.05,11.85,1.072,0.4,2.0,NORMAL,False,False,MORNING,True
CHG_7247D1B560,2026-08-15 11:02:34,2026-08-15 11:02:34,2026-08-15 11:57:52,JNY_760178588,USR_49919,STN_DEL_03,Delhi,HIGHWAY,14.1,95.0,80.7,CCS2,120.0,True,65.29,62.23,41.71,55.31,1.326,0.2,7.0,NORMAL,False,False,MORNING,True
CHG_8B736879FF,2026-08-15 11:03:39,2026-08-15 11:03:39,2026-08-15 11:39:24,JNY_147455185,USR_30766,STN_GGN_02,Gurugram,MALL,12.5,80.0,76.7,CCS2,90.0,True,51.77,51.11,38.35,35.75,0.932,0.8,0.0,NORMAL,False,False,MORNING,True
CHG_B002E9932D,2026-08-15 11:04:22,2026-08-15 11:04:22,2026-08-15 11:32:56,JNY_747660463,USR_29820,STN_BLR_01,Bengaluru,OFFICE,42.3,85.0,70.1,CCS2,90.0,True,29.93,28.37,23.28,28.58,1.228,0.5,5.0,NORMAL,False,False,MORNING,True
CHG_49E050BF3F,2026-08-15 11:17:27,2026-08-15 11:17:27,2026-08-15 11:46:28,JNY_695594094,USR_88185,STN_JPR_01,Jaipur,MALL,38.1,85.0,71.1,CCS2,120.0,True,33.35,32.17,19.45,29.02,1.492,0.2,15.0,NORMAL,False,False,MORNING,True
CHG_EB3A0DBA0A,2026-08-15 11:17:27,2026-08-15 11:17:27,2026-08-15 11:33:13,JNY_577435672,USR_42867,STN_DEL_02,Delhi,OFFICE,41.5,85.0,63.1,CCS2,150.0,True,27.45,25.64,12.81,15.78,1.232,0.25,9.0,NORMAL,False,False,MORNING,True
CHG_778C42C76F,2026-08-15 11:27:21,2026-08-15 11:27:21,2026-08-15 15:22:49,JNY_724036703,USR_19199,STN_MUM_02,Mumbai,RESIDENTIAL,57.1,85.0,74.6,TYPE2_AC,7.2,False,20.81,19.99,202.35,235.47,1.164,0.5,11.0,NORMAL,False,False,MORNING,True
CHG_E49115C806,2026-08-15 11:28:13,2026-08-15 11:28:13,2026-08-15 12:04:58,JNY_979582473,USR_41138,STN_MUM_01,Mumbai,MALL,35.9,85.0,64.3,CHAdeMO,75.0,True,31.57,30.21,29.47,36.76,1.248,0.4,9.0,NORMAL,False,False,MORNING,True
CHG_E78EC52800,2026-08-15 11:28:53,2026-08-15 11:28:53,2026-08-15 11:52:13,JNY_943847558,USR_16674,STN_MUM_01,Mumbai,MALL,43.6,85.0,84.0,CCS2,120.0,True,34.78,32.15,20.29,23.34,1.151,0.4,6.0,NORMAL,False,False,MORNING,True
CHG_A0D0C20BCC,2026-08-15 11:33:40,2026-08-15 11:33:40,2026-08-15 12:19:32,JNY_197142827,USR_17313,STN_JPR_01,Jaipur,MALL,13.6,85.0,78.8,CCS2,90.0,True,56.26,53.98,43.76,45.87,1.048,0.8,0.0,NORMAL,False,False,MORNING,True
CHG_9664F34A06,2026-08-15 11:41:23,2026-08-15 11:41:23,2026-08-15 13:55:05,JNY_701573934,USR_67550,STN_JPR_01,Jaipur,MALL,36.1,85.0,76.4,TYPE2_AC,22.0,False,37.36,36.03,118.87,133.71,1.125,0.2,2.0,NORMAL,False,False,MORNING,True
CHG_399B2CF728,2026-08-15 11:42:28,2026-08-15 11:42:28,2026-08-15 12:17:42,JNY_108625565,USR_77999,STN_MUM_01,Mumbai,MALL,22.8,85.0,63.9,CCS2,90.0,True,39.75,37.81,30.91,35.25,1.14,0.4,5.0,NORMAL,False,False,MORNING,True
CHG_68FFB3785C,2026-08-15 11:55:02,2026-08-15 11:55:02,2026-08-15 13:03:15,JNY_838912421,USR_70702,STN_MUM_01,Mumbai,MALL,16.6,85.0,68.7,CHAdeMO,50.0,True,46.99,44.17,65.79,68.22,1.037,0.4,0.0,NORMAL,False,False,MORNING,True
CHG_47237463E0,2026-08-15 11:55:06,2026-08-15 11:55:06,2026-08-15 12:38:51,JNY_927832624,USR_44111,STN_GGN_02,Gurugram,MALL,28.6,85.0,58.7,CCS2,60.0,True,33.11,32.17,38.62,43.76,1.133,0.4,10.0,NORMAL,False,False,MORNING,True
CHG_C971A3F801,2026-08-15 11:58:00,2026-08-15 11:58:00,2026-08-15 12:24:50,JNY_727574339,USR_77575,STN_GGN_02,Gurugram,MALL,35.9,90.0,85.3,CCS2,120.0,True,46.15,45.05,28.2,26.84,0.952,0.6,0.0,NORMAL,False,False,MORNING,True
CHG_A195233E76,2026-08-15 11:58:38,2026-08-15 11:58:38,2026-08-15 16:20:25,JNY_560668950,USR_15746,STN_DEL_01,Delhi,MALL,52.1,85.0,63.4,TYPE2_AC,7.2,False,20.86,20.29,202.79,261.79,1.291,0.4,10.0,NORMAL,False,False,MORNING,True
CHG_943538089F,2026-08-15 12:00:13,2026-08-15 12:00:13,2026-08-15 12:52:37,JNY_861289196,USR_77989,STN_JPR_01,Jaipur,MALL,32.0,80.0,79.2,CHAdeMO,50.0,True,38.02,36.61,50.69,52.42,1.034,0.4,2.0,NORMAL,False,False,AFTERNOON,True
CHG_2588D30AC3,2026-08-15 12:01:31,2026-08-15 12:01:31,2026-08-15 12:46:10,JNY_714422712,USR_45206,STN_BLR_01,Bengaluru,OFFICE,25.7,80.0,67.6,CHAdeMO,75.0,True,36.71,35.14,32.63,44.65,1.368,0.25,11.0,NORMAL,False,False,AFTERNOON,True
CHG_F997D8E0DD,2026-08-15 12:16:44,2026-08-15 12:16:44,2026-08-15 13:10:16,JNY_468768858,USR_71607,STN_DEL_03,Delhi,HIGHWAY,13.6,95.0,77.8,CCS2,90.0,True,63.33,60.21,53.95,53.54,0.992,0.8,0.0,NORMAL,False,False,AFTERNOON,True
CHG_16AD8C7CAA,2026-08-15 12:58:59,2026-08-15 12:58:59,2026-08-15 13:45:39,JNY_598565325,USR_84518,STN_BLR_01,Bengaluru,OFFICE,50.2,95.0,66.3,CCS2,60.0,True,29.7,28.53,37.95,46.67,1.23,0.25,2.0,NORMAL,False,False,AFTERNOON,True
CHG_FF32A0511D,2026-08-15 13:03:17,2026-08-15 13:03:17,2026-08-15 16:05:31,JNY_113727155,USR_51053,STN_MUM_01,Mumbai,MALL,43.3,85.0,65.3,TYPE2_AC,11.0,False,27.23,26.55,173.28,182.24,1.052,0.6,0.0,NORMAL,False,False,AFTERNOON,True
CHG_C72988F220,2026-08-15 13:05:41,2026-08-15 13:05:41,2026-08-15 13:57:41,JNY_596762697,USR_29831,STN_JPR_02,Jaipur,HIGHWAY,35.9,90.0,68.3,CCS2,60.0,True,36.95,35.37,45.16,52.02,1.152,0.4,11.0,NORMAL,False,False,AFTERNOON,True
CHG_DE58DBBCB2,2026-08-15 13:06:41,2026-08-15 13:06:41,2026-08-15 13:43:56,JNY_803296608,USR_10400,STN_MUM_01,Mumbai,MALL,36.0,85.0,68.2,CCS2,90.0,True,33.42,32.7,25.99,37.26,1.434,0.2,9.0,MINOR_SLOWDOWN,True,False,AFTERNOON,True
CHG_21B22B6DED,2026-08-15 13:09:26,2026-08-15 13:09:26,2026-08-15 13:49:10,JNY_928475612,USR_52271,STN_DEL_03,Delhi,HIGHWAY,17.5,90.0,57.1,CCS2,90.0,True,41.4,39.11,33.73,39.74,1.178,0.4,3.0,NORMAL,False,False,AFTERNOON,True
CHG_7F77126D5E,2026-08-15 13:12:07,2026-08-15 13:12:07,2026-08-15 13:32:05,JNY_116878693,USR_31191,STN_DEL_01,Delhi,MALL,45.8,80.0,75.0,CHAdeMO,100.0,True,25.65,23.67,17.1,19.98,1.168,0.4,8.0,NORMAL,False,False,AFTERNOON,True
CHG_B46067BE6B,2026-08-15 13:15:27,2026-08-15 13:15:27,2026-08-15 14:10:33,JNY_614134677,USR_34758,STN_DEL_02,Delhi,OFFICE,20.7,85.0,84.1,CHAdeMO,75.0,True,54.08,52.1,50.47,55.11,1.092,0.25,2.0,NORMAL,False,False,AFTERNOON,True
CHG_7195419C03,2026-08-15 13:18:09,2026-08-15 13:18:09,2026-08-15 14:50:35,JNY_379818528,USR_97134,STN_GGN_02,Gurugram,MALL,34.5,95.0,83.4,CHAdeMO,50.0,True,50.46,48.2,77.37,92.44,1.195,0.2,3.0,NORMAL,False,False,AFTERNOON,True
CHG_FF7FFCA218,2026-08-15 13:27:39,2026-08-15 13:27:39,2026-08-15 13:46:14,JNY_851045714,USR_26200,STN_JPR_02,Jaipur,HIGHWAY,56.7,80.0,90.0,CCS2,90.0,True,20.97,20.29,15.53,18.59,1.197,0.4,3.0,NORMAL,False,False,AFTERNOON,True
CHG_9AC92E106F,2026-08-15 13:30:07,2026-08-15 13:30:07,2026-08-15 14:34:40,JNY_447173250,USR_69759,STN_JPR_01,Jaipur,MALL,15.8,85.0,90.0,CHAdeMO,75.0,True,62.28,60.78,58.13,64.55,1.111,0.6,0.0,MINOR_SLOWDOWN,True,False,AFTERNOON,True
CHG_325ECC3034,2026-08-15 13:47:19,2026-08-15 13:47:19,2026-08-15 15:01:50,JNY_306672335,USR_64054,STN_GGN_02,Gurugram,MALL,24.9,90.0,71.7,CCS2,60.0,True,46.68,45.05,57.05,74.53,1.306,0.4,11.0,NORMAL,False,False,AFTERNOON,True
CHG_664C57437F,2026-08-15 13:48:26,2026-08-15 13:48:26,2026-08-15 14:10:33,JNY_520741075,USR_83583,STN_DEL_01,Delhi,MALL,42.3,85.0,66.5,CCS2,90.0,True,28.4,26.93,22.09,22.13,1.002,0.6,0.0,NORMAL,False,False,AFTERNOON,True
CHG_64FB047C00,2026-08-15 13:54:00,2026-08-15 13:54:00,2026-08-15 17:12:02,JNY_499967984,USR_29735,STN_MUM_02,Mumbai,RESIDENTIAL,17.7,85.0,80.3,TYPE2_AC,22.0,False,54.04,52.58,171.95,198.04,1.152,1.0,0.0,MINOR_SLOWDOWN,True,False,AFTERNOON,True
CHG_1C323256E7,2026-08-15 14:02:01,2026-08-15 14:02:01,2026-08-15 14:29:07,JNY_277997051,USR_96639,STN_GGN_02,Gurugram,MALL,30.7,80.0,68.4,CCS2,90.0,True,33.72,33.21,24.98,27.12,1.086,0.6,0.0,NORMAL,False,False,AFTERNOON,True
CHG_0917E17598,2026-08-15 14:03:27,2026-08-15 14:03:27,2026-08-15 19:43:02,JNY_449776093,USR_80833,STN_MUM_02,Mumbai,RESIDENTIAL,35.4,85.0,83.5,TYPE2_AC,11.0,False,41.42,39.83,263.56,339.6,1.289,1.0,0.0,POWER_LIMITATION,True,False,AFTERNOON,True
CHG_F51E205A18,2026-08-15 14:04:56,2026-08-15 14:04:56,2026-08-15 14:44:22,JNY_370012339,USR_55464,STN_MUM_01,Mumbai,MALL,13.7,90.0,87.0,CCS2,120.0,True,66.38,63.24,40.57,39.44,0.972,0.4,0.0,NORMAL,False,False,AFTERNOON,True
CHG_15119DA56E,2026-08-15 14:09:52,2026-08-15 14:09:52,2026-08-15 14:43:41,JNY_823709057,USR_80812,STN_DEL_01,Delhi,MALL,47.5,90.0,85.8,CCS2,90.0,True,36.47,34.47,29.71,33.82,1.138,0.4,0.0,NORMAL,False,False,AFTERNOON,True
CHG_94054829FF,2026-08-15 14:11:22,2026-08-15 14:11:22,2026-08-15 14:30:22,JNY_403242713,USR_35225,STN_GGN_02,Gurugram,MALL,25.4,85.0,59.2,CCS2,120.0,True,35.28,32.93,20.58,19.01,0.924,0.8,0.0,NORMAL,False,False,AFTERNOON,True
CHG_0770E6BD54,2026-08-15 14:15:25,2026-08-15 14:15:25,2026-08-15 15:00:03,JNY_158600973,USR_42023,STN_GGN_01,Gurugram,OFFICE,25.2,90.0,73.2,CHAdeMO,100.0,True,47.43,45.01,34.78,44.65,1.284,0.25,4.0,NORMAL,False,False,AFTERNOON,True
CHG_0945C73574,2026-08-15 14:19:39,2026-08-15 14:19:39,2026-08-15 15:56:17,JNY_920410522,USR_29360,STN_JPR_02,Jaipur,HIGHWAY,18.4,85.0,76.5,CHAdeMO,75.0,True,50.95,48.64,47.55,96.64,2.032,0.2,2.0,CHARGER_FAULT,True,True,AFTERNOON,True
CHG_C9ECBFEF0A,2026-08-15 14:23:42,2026-08-15 14:23:42,2026-08-15 14:44:55,JNY_988513897,USR_69044,STN_DEL_01,Delhi,MALL,42.1,85.0,56.4,CHAdeMO,75.0,True,24.2,23.75,22.58,21.23,0.94,0.6,0.0,NORMAL,False,False,AFTERNOON,True
CHG_9C8451D6D8,2026-08-15 14:26:45,2026-08-15 14:26:45,2026-08-15 15:06:43,JNY_673175097,USR_94283,STN_JPR_01,Jaipur,MALL,22.7,85.0,71.1,CHAdeMO,100.0,True,44.3,42.12,31.01,39.97,1.289,0.2,5.0,NORMAL,False,False,AFTERNOON,True
CHG_6EEFD8BAF7,2026-08-15 14:26:48,2026-08-15 14:26:48,2026-08-15 14:48:43,JNY_838663924,USR_64923,STN_GGN_02,Gurugram,MALL,48.5,95.0,63.3,CCS2,120.0,True,29.43,28.59,18.81,21.92,1.166,0.2,2.0,NORMAL,False,False,AFTERNOON,True
CHG_06A1D0EE9F,2026-08-15 14:30:38,2026-08-15 14:30:38,2026-08-15 15:18:27,JNY_889487493,USR_66929,STN_MUM_02,Mumbai,RESIDENTIAL,15.1,85.0,59.7,CCS2,60.0,True,41.73,39.31,48.69,47.83,0.982,1.0,0.0,NORMAL,False,False,AFTERNOON,True
CHG_833356979F,2026-08-15 14:40:11,2026-08-15 14:40:11,2026-08-15 15:00:07,JNY_176751899,USR_96357,STN_GGN_01,Gurugram,OFFICE,38.6,85.0,69.5,CCS2,120.0,True,32.25,31.17,18.81,19.95,1.06,0.75,0.0,NORMAL,False,False,AFTERNOON,True
CHG_2511EAEBEE,2026-08-15 14:41:58,2026-08-15 14:41:58,2026-08-15 15:16:11,JNY_958719943,USR_22001,STN_JPR_01,Jaipur,MALL,39.3,90.0,74.8,CCS2,120.0,True,37.92,36.56,23.18,34.22,1.477,0.6,0.0,POWER_LIMITATION,True,False,AFTERNOON,True
CHG_CA58233B20,2026-08-15 14:43:20,2026-08-15 14:43:20,2026-08-15 15:12:16,JNY_946013195,USR_90559,STN_MUM_02,Mumbai,RESIDENTIAL,17.4,80.0,79.2,CCS2,120.0,True,49.58,48.7,27.54,28.95,1.051,1.0,0.0,NORMAL,False,False,AFTERNOON,True
CHG_E7796F517C,2026-08-15 14:45:42,2026-08-15 14:45:42,2026-08-15 15:00:37,JNY_319047358,USR_51107,STN_DEL_01,Delhi,MALL,47.1,80.0,78.6,CCS2,120.0,True,25.86,25.45,14.37,14.92,1.039,0.6,3.0,NORMAL,False,False,AFTERNOON,True
CHG_1773A77B5C,2026-08-15 14:46:17,2026-08-15 14:46:17,2026-08-15 15:11:53,JNY_475898446,USR_99745,STN_DEL_02,Delhi,OFFICE,58.6,85.0,87.6,CCS2,90.0,True,23.13,21.7,17.99,25.6,1.423,0.25,18.0,NORMAL,False,False,AFTERNOON,True
CHG_8D368F6BEE,2026-08-15 14:48:33,2026-08-15 14:48:33,2026-08-15 15:04:25,JNY_396272280,USR_27186,STN_GGN_02,Gurugram,MALL,45.4,80.0,78.9,CCS2,120.0,True,27.3,26.08,15.17,15.87,1.046,0.6,0.0,NORMAL,False,False,AFTERNOON,True
CHG_677494D5A1,2026-08-15 14:50:53,2026-08-15 14:50:53,2026-08-15 15:40:05,JNY_149051483,USR_38642,STN_DEL_02,Delhi,OFFICE,18.6,85.0,84.7,CCS2,90.0,True,56.24,53.17,43.74,49.22,1.125,0.25,4.0,NORMAL,False,False,AFTERNOON,True
CHG_D854A9F81D,2026-08-15 14:53:24,2026-08-15 14:53:24,2026-08-15 15:06:24,JNY_662059051,USR_74997,STN_GGN_01,Gurugram,OFFICE,60.3,90.0,84.6,CCS2,150.0,True,25.13,24.11,12.28,13.02,1.06,0.75,0.0,NORMAL,False,False,AFTERNOON,True
CHG_7E2C3EF26C,2026-08-15 15:03:11,2026-08-15 15:03:11,2026-08-15 15:53:21,JNY_463985002,USR_65652,STN_BLR_01,Bengaluru,OFFICE,36.4,90.0,73.3,CCS2,90.0,True,39.29,37.31,32.01,50.18,1.567,0.25,18.0,NORMAL,False,True,AFTERNOON,True
CHG_10F7824008,2026-08-15 15:03:23,2026-08-15 15:03:23,2026-08-15 16:30:52,JNY_899228711,USR_82404,STN_DEL_01,Delhi,MALL,20.9,90.0,66.0,CHAdeMO,75.0,True,45.61,43.75,44.59,87.49,1.962,0.2,3.0,CHARGER_FAULT,True,True,AFTERNOON,True
CHG_3AE5035473,2026-08-15 15:03:28,2026-08-15 15:03:28,2026-08-15 15:37:23,JNY_674432415,USR_84442,STN_JPR_01,Jaipur,MALL,30.4,85.0,81.2,CCS2,120.0,True,44.34,43.84,25.86,33.92,1.312,0.4,0.0,MINOR_SLOWDOWN,True,False,AFTERNOON,True
CHG_4167573227,2026-08-15 15:06:53,2026-08-15 15:06:53,2026-08-15 16:12:14,JNY_985767460,USR_55142,STN_JPR_01,Jaipur,MALL,37.7,95.0,89.4,CHAdeMO,75.0,True,51.23,49.23,52.36,65.36,1.248,0.6,0.0,MINOR_SLOWDOWN,True,False,AFTERNOON,True
CHG_6463BCF00E,2026-08-15 15:11:30,2026-08-15 15:11:30,2026-08-15 15:40:56,JNY_428785621,USR_28502,STN_JPR_02,Jaipur,HIGHWAY,20.6,90.0,59.1,CCS2,120.0,True,41.02,39.82,25.06,29.44,1.174,0.4,8.0,NORMAL,False,False,AFTERNOON,True
CHG_B67D155F77,2026-08-15 15:11:56,2026-08-15 15:11:56,2026-08-15 20:03:23,JNY_742678993,USR_36521,STN_MUM_01,Mumbai,MALL,30.0,95.0,60.3,TYPE2_AC,11.0,False,39.2,37.15,273.18,291.46,1.067,0.4,0.0,NORMAL,False,False,AFTERNOON,True
CHG_DAA47346F2,2026-08-15 15:16:06,2026-08-15 15:16:06,2026-08-15 15:40:55,JNY_992965918,USR_50081,STN_DEL_01,Delhi,MALL,52.7,85.0,85.9,CCS2,120.0,True,27.75,26.74,16.18,24.83,1.534,0.2,9.0,MINOR_SLOWDOWN,True,True,AFTERNOON,True
CHG_C19BFCF5E4,2026-08-15 15:17:57,2026-08-15 15:17:57,2026-08-15 15:37:59,JNY_978912495,USR_14459,STN_GGN_01,Gurugram,OFFICE,30.6,90.0,69.5,CCS2,150.0,True,41.28,38.93,20.18,20.03,0.993,0.75,2.0,NORMAL,False,False,AFTERNOON,True
CHG_42822A960D,2026-08-15 15:21:46,2026-08-15 15:21:46,2026-08-15 16:04:25,JNY_791949734,USR_38409,STN_DEL_02,Delhi,OFFICE,39.4,85.0,62.9,CCS2,60.0,True,28.68,27.53,33.46,42.66,1.275,0.25,6.0,NORMAL,False,False,AFTERNOON,True
CHG_6BF3148CB8,2026-08-15 15:22:03,2026-08-15 15:22:03,2026-08-15 15:52:03,JNY_175153280,USR_56943,STN_MUM_02,Mumbai,RESIDENTIAL,12.0,80.0,56.3,CCS2,90.0,True,38.28,36.54,28.36,30.01,1.058,1.0,0.0,NORMAL,False,False,AFTERNOON,True
CHG_CB4BF49B65,2026-08-15 15:22:04,2026-08-15 15:22:04,2026-08-15 17:59:57,JNY_228052635,USR_64842,STN_DEL_01,Delhi,MALL,60.4,80.0,77.7,TYPE2_AC,11.0,False,15.23,14.52,92.3,157.9,1.711,0.2,21.0,MINOR_SLOWDOWN,True,True,AFTERNOON,True
CHG_A26BA4ED40,2026-08-15 15:24:18,2026-08-15 15:24:18,2026-08-15 16:00:09,JNY_329297414,USR_42568,STN_DEL_02,Delhi,OFFICE,34.6,85.0,82.8,CCS2,120.0,True,41.73,40.66,24.34,35.85,1.473,0.25,7.0,MINOR_SLOWDOWN,True,False,AFTERNOON,True
CHG_3D693BA491,2026-08-15 15:27:54,2026-08-15 15:27:54,2026-08-15 20:32:14,JNY_232189843,USR_81498,STN_MUM_02,Mumbai,RESIDENTIAL,25.6,85.0,85.0,TYPE2_AC,11.0,False,50.49,49.38,321.3,304.34,0.947,0.75,0.0,NORMAL,False,False,AFTERNOON,True
CHG_29CBC4F3EF,2026-08-15 15:37:56,2026-08-15 15:37:56,2026-08-15 19:15:19,JNY_794369471,USR_66442,STN_BLR_01,Bengaluru,OFFICE,25.1,85.0,76.4,TYPE2_AC,22.0,False,45.76,43.4,145.61,217.4,1.493,0.25,14.0,NORMAL,False,False,AFTERNOON,True
CHG_7F32B1F76D,2026-08-15 15:58:26,2026-08-15 15:58:26,2026-08-15 16:24:35,JNY_296213020,USR_95455,STN_JPR_02,Jaipur,HIGHWAY,25.5,90.0,76.0,CCS2,150.0,True,49.02,47.18,23.97,26.16,1.092,0.6,0.0,NORMAL,False,False,AFTERNOON,True
CHG_544F011174,2026-08-15 15:59:21,2026-08-15 15:59:21,2026-08-15 16:44:41,JNY_174418282,USR_44319,STN_BLR_01,Bengaluru,OFFICE,22.8,85.0,73.7,CCS2,90.0,True,45.84,44.35,35.65,45.35,1.272,0.25,6.0,NORMAL,False,False,AFTERNOON,True
CHG_2AFFDBAE0E,2026-08-15 16:00:05,2026-08-15 16:00:05,2026-08-15 16:33:54,JNY_884624594,USR_57075,STN_DEL_01,Delhi,MALL,41.2,90.0,72.6,CCS2,90.0,True,35.43,35.25,28.87,33.82,1.172,0.4,2.0,NORMAL,False,False,AFTERNOON,True
CHG_55F8539867,2026-08-15 16:04:41,2026-08-15 16:04:41,2026-08-15 16:18:34,JNY_590142475,USR_76160,STN_DEL_01,Delhi,MALL,51.1,90.0,73.3,CCS2,150.0,True,28.51,27.07,13.94,13.89,0.997,0.4,0.0,NORMAL,False,False,AFTERNOON,True
CHG_179EB64CB5,2026-08-15 16:05:42,2026-08-15 16:05:42,2026-08-15 16:36:36,JNY_163336927,USR_40532,STN_DEL_01,Delhi,MALL,40.3,80.0,65.1,CCS2,120.0,True,25.84,25.11,14.36,30.91,2.153,0.8,0.0,CHARGER_FAULT,True,True,AFTERNOON,True
CHG_0D1F14A456,2026-08-15 16:06:39,2026-08-15 16:06:39,2026-08-15 16:58:38,JNY_125451257,USR_79941,STN_DEL_03,Delhi,HIGHWAY,19.6,85.0,89.4,CCS2,120.0,True,58.47,55.04,34.11,52.0,1.525,0.4,0.0,POWER_LIMITATION,True,True,AFTERNOON,True
CHG_D1AD3F517D,2026-08-15 16:11:17,2026-08-15 16:11:17,2026-08-15 16:27:16,JNY_348516685,USR_38620,STN_DEL_01,Delhi,MALL,37.4,85.0,64.0,CCS2,150.0,True,30.46,28.83,14.22,15.99,1.125,0.4,0.0,NORMAL,False,False,AFTERNOON,True
CHG_0CB4772F95,2026-08-15 16:12:48,2026-08-15 16:12:48,2026-08-15 16:44:50,JNY_962085865,USR_12812,STN_MUM_02,Mumbai,RESIDENTIAL,17.0,80.0,63.3,CCS2,90.0,True,39.88,37.98,29.54,32.04,1.085,1.0,0.0,NORMAL,False,False,AFTERNOON,True
CHG_E42E81E052,2026-08-15 16:19:42,2026-08-15 16:19:42,2026-08-15 16:40:57,JNY_602511279,USR_73294,STN_DEL_03,Delhi,HIGHWAY,43.1,85.0,63.7,CCS2,90.0,True,26.69,25.74,20.76,21.26,1.024,0.4,0.0,NORMAL,False,False,AFTERNOON,True
CHG_42316B7418,2026-08-15 16:20:50,2026-08-15 16:20:50,2026-08-15 16:43:19,JNY_636520790,USR_86610,STN_BLR_01,Bengaluru,OFFICE,22.4,85.0,65.5,CCS2,120.0,True,41.0,39.33,23.92,22.5,0.941,0.75,0.0,NORMAL,False,False,AFTERNOON,True
CHG_BC918544D4,2026-08-15 16:22:13,2026-08-15 16:22:13,2026-08-15 16:50:36,JNY_844872510,USR_44992,STN_JPR_01,Jaipur,MALL,29.7,85.0,84.5,CCS2,120.0,True,46.73,44.95,27.26,28.39,1.042,0.8,0.0,NORMAL,False,False,AFTERNOON,True
CHG_AB5855A2EC,2026-08-15 16:24:35,2026-08-15 16:24:35,2026-08-15 19:23:06,JNY_294462326,USR_73254,STN_DEL_01,Delhi,MALL,37.9,80.0,63.7,TYPE2_AC,11.0,False,26.82,25.99,162.53,178.52,1.098,0.6,0.0,NORMAL,False,False,AFTERNOON,True
CHG_D03A7719D8,2026-08-15 16:29:18,2026-08-15 16:29:18,2026-08-15 18:34:59,JNY_125062896,USR_76599,STN_BLR_01,Bengaluru,OFFICE,56.0,95.0,66.6,TYPE2_AC,22.0,False,25.97,25.05,90.52,125.68,1.389,0.25,6.0,MINOR_SLOWDOWN,True,False,AFTERNOON,True
CHG_14E45AD36E,2026-08-15 16:31:13,2026-08-15 16:31:13,2026-08-15 16:47:48,JNY_832308766,USR_45999,STN_MUM_02,Mumbai,RESIDENTIAL,40.9,90.0,68.1,CCS2,150.0,True,33.44,31.95,16.35,16.59,1.015,0.75,0.0,NORMAL,False,False,AFTERNOON,True
CHG_805BF38BE0,2026-08-15 16:32:57,2026-08-15 16:32:57,2026-08-15 17:32:25,JNY_784148360,USR_98610,STN_DEL_03,Delhi,HIGHWAY,31.0,80.0,88.3,CHAdeMO,50.0,True,43.27,39.81,57.69,59.47,1.031,0.6,0.0,NORMAL,False,False,AFTERNOON,True
CHG_6FC9B405F5,2026-08-15 16:35:22,2026-08-15 16:35:22,2026-08-15 17:08:34,JNY_806821146,USR_48774,STN_JPR_02,Jaipur,HIGHWAY,44.2,80.0,87.1,CHAdeMO,75.0,True,31.18,30.13,27.72,33.2,1.198,0.2,9.0,NORMAL,False,False,AFTERNOON,True
CHG_B8132467AA,2026-08-15 16:41:13,2026-08-15 16:41:13,2026-08-15 16:58:34,JNY_729085975,USR_63227,STN_GGN_02,Gurugram,MALL,27.4,80.0,69.1,CCS2,150.0,True,36.35,34.91,16.15,17.36,1.075,0.4,0.0,NORMAL,False,False,AFTERNOON,True
CHG_051465C9F8,2026-08-15 16:46:51,2026-08-15 16:46:51,2026-08-15 17:18:43,JNY_901067934,USR_84224,STN_DEL_01,Delhi,MALL,31.6,80.0,90.0,CCS2,90.0,True,43.56,41.55,32.27,31.88,0.988,0.4,0.0,NORMAL,False,False,AFTERNOON,True
CHG_F6CAD6EA16,2026-08-15 16:48:16,2026-08-15 16:48:16,2026-08-15 17:30:26,JNY_112217005,USR_89615,STN_GGN_02,Gurugram,MALL,28.9,80.0,79.9,CCS2,60.0,True,40.83,39.29,45.37,42.18,0.93,0.6,0.0,NORMAL,False,False,AFTERNOON,True
CHG_E7D0A1AD21,2026-08-15 16:49:48,2026-08-15 16:49:48,2026-08-15 19:30:45,JNY_666963203,USR_19493,STN_JPR_01,Jaipur,MALL,36.4,80.0,62.5,TYPE2_AC,11.0,False,27.25,26.23,165.15,160.95,0.975,0.4,0.0,NORMAL,False,False,AFTERNOON,True
CHG_52C96B63F8,2026-08-15 16:58:09,2026-08-15 16:58:09,2026-08-15 20:56:22,JNY_937011636,USR_41146,STN_BLR_01,Bengaluru,OFFICE,33.8,80.0,76.1,TYPE2_AC,11.0,False,35.16,33.72,213.08,238.22,1.118,0.25,5.0,NORMAL,False,False,AFTERNOON,True
CHG_946CA2CC6B,2026-08-15 17:00:13,2026-08-15 17:00:13,2026-08-15 17:25:04,JNY_414166471,USR_71018,STN_GGN_01,Gurugram,OFFICE,42.4,85.0,85.0,CCS2,150.0,True,36.21,34.54,16.9,24.86,1.471,0.0,20.0,NORMAL,False,False,EVENING,True
CHG_F83489526F,2026-08-15 17:10:49,2026-08-15 17:10:49,2026-08-15 17:45:20,JNY_991415767,USR_14403,STN_MUM_02,Mumbai,RESIDENTIAL,27.1,90.0,76.0,CCS2,120.0,True,47.8,47.29,29.21,34.52,1.182,1.0,0.0,MINOR_SLOWDOWN,True,False,EVENING,True
CHG_C6F9B73886,2026-08-15 17:14:04,2026-08-15 17:14:04,2026-08-15 19:25:46,JNY_441595083,USR_21464,STN_GGN_02,Gurugram,MALL,41.9,85.0,71.3,TYPE2_AC,22.0,False,30.73,29.08,97.78,131.71,1.347,0.2,8.0,NORMAL,False,False,EVENING,True
CHG_0417FCDD3E,2026-08-15 17:15:18,2026-08-15 17:15:18,2026-08-15 17:59:14,JNY_807512173,USR_11441,STN_DEL_01,Delhi,MALL,45.2,85.0,70.9,CHAdeMO,50.0,True,28.22,26.5,39.51,43.94,1.112,0.4,0.0,NORMAL,False,False,EVENING,True
CHG_6D40C0FA2C,2026-08-15 17:15:19,2026-08-15 17:15:19,2026-08-15 17:36:18,JNY_623035712,USR_72640,STN_JPR_01,Jaipur,MALL,56.0,80.0,75.8,CCS2,60.0,True,18.19,17.06,20.21,20.99,1.039,0.6,0.0,NORMAL,False,False,EVENING,True
CHG_BF05EEE57E,2026-08-15 17:19:56,2026-08-15 17:19:56,2026-08-15 17:44:31,JNY_702202810,USR_24498,STN_JPR_01,Jaipur,MALL,44.4,90.0,77.2,CCS2,120.0,True,35.2,34.62,21.51,24.59,1.143,0.4,0.0,NORMAL,False,False,EVENING,True
CHG_57AEC2CF1A,2026-08-15 17:22:39,2026-08-15 17:22:39,2026-08-15 17:48:11,JNY_981168633,USR_10426,STN_MUM_01,Mumbai,MALL,32.1,80.0,81.7,CCS2,120.0,True,39.13,37.22,21.74,25.54,1.175,0.2,8.0,NORMAL,False,False,EVENING,True
CHG_71A8713585,2026-08-15 17:22:57,2026-08-15 17:22:57,2026-08-15 17:52:43,JNY_678365365,USR_69719,STN_GGN_02,Gurugram,MALL,26.0,90.0,79.4,CCS2,150.0,True,50.82,49.51,24.84,29.78,1.199,0.2,4.0,NORMAL,False,False,EVENING,True
CHG_ED307EFF4B,2026-08-15 17:31:57,2026-08-15 17:31:57,2026-08-15 18:54:18,JNY_816824923,USR_22569,STN_MUM_02,Mumbai,RESIDENTIAL,18.8,85.0,77.1,CHAdeMO,50.0,True,51.04,49.52,71.46,82.37,1.153,0.75,0.0,MINOR_SLOWDOWN,True,False,EVENING,True
CHG_A33C1DE785,2026-08-15 17:41:05,2026-08-15 17:41:05,2026-08-15 18:02:10,JNY_890692805,USR_25328,STN_DEL_02,Delhi,OFFICE,38.1,85.0,62.2,CCS2,120.0,True,29.17,28.34,17.02,21.09,1.239,0.25,7.0,NORMAL,False,False,EVENING,True
CHG_E89CD849B6,2026-08-15 17:47:01,2026-08-15 17:47:01,2026-08-15 19:49:37,JNY_416256632,USR_38127,STN_JPR_01,Jaipur,MALL,33.2,80.0,81.7,TYPE2_AC,22.0,False,38.24,35.67,115.87,122.6,1.058,0.4,0.0,NORMAL,False,False,EVENING,True
CHG_671A6CE84A,2026-08-15 17:47:37,2026-08-15 17:47:37,2026-08-15 18:14:50,JNY_625704016,USR_45205,STN_MUM_01,Mumbai,MALL,36.4,80.0,66.1,CCS2,120.0,True,28.82,28.02,16.01,27.23,1.701,0.0,39.0,NORMAL,False,True,EVENING,True
CHG_F84F896A47,2026-08-15 17:51:21,2026-08-15 17:51:21,2026-08-15 18:55:57,JNY_243246059,USR_46905,STN_MUM_02,Mumbai,RESIDENTIAL,33.3,85.0,86.9,CHAdeMO,50.0,True,44.93,43.75,62.9,64.61,1.027,0.75,0.0,NORMAL,False,False,EVENING,True
CHG_BD145214E9,2026-08-15 17:54:42,2026-08-15 17:54:42,2026-08-15 18:16:34,JNY_680881389,USR_98618,STN_JPR_02,Jaipur,HIGHWAY,21.9,80.0,56.3,CCS2,120.0,True,32.71,31.3,18.17,21.87,1.204,0.2,6.0,NORMAL,False,False,EVENING,True
CHG_0D8F7A38E7,2026-08-15 17:57:41,2026-08-15 17:57:41,2026-08-15 21:18:05,JNY_336401608,USR_96456,STN_DEL_01,Delhi,MALL,12.6,80.0,75.0,TYPE2_AC,22.0,False,50.55,48.45,153.18,200.41,1.308,0.2,5.0,NORMAL,False,False,EVENING,True
CHG_BAC2EED1FB,2026-08-15 18:03:37,2026-08-15 18:03:37,2026-08-15 18:29:52,JNY_838741102,USR_14344,STN_GGN_02,Gurugram,MALL,23.2,80.0,83.3,CCS2,120.0,True,47.31,45.85,26.29,26.26,0.999,0.4,0.0,NORMAL,False,False,EVENING,True
CHG_913504FBD1,2026-08-15 18:03:39,2026-08-15 18:03:39,2026-08-15 19:52:13,JNY_722103889,USR_61620,STN_DEL_02,Delhi,OFFICE,30.0,80.0,65.6,TYPE2_AC,22.0,False,32.8,32.08,99.39,108.58,1.092,0.25,2.0,NORMAL,False,False,EVENING,True
CHG_DCF06E4792,2026-08-15 18:09:40,2026-08-15 18:09:40,2026-08-15 18:28:23,JNY_811014278,USR_17011,STN_JPR_01,Jaipur,MALL,48.7,90.0,77.5,CCS2,120.0,True,32.01,31.01,19.56,18.72,0.957,0.8,0.0,NORMAL,False,False,EVENING,True
CHG_877D5B46E7,2026-08-15 18:11:51,2026-08-15 18:11:51,2026-08-15 20:40:39,JNY_123600544,USR_55674,STN_JPR_02,Jaipur,HIGHWAY,27.6,80.0,85.5,TYPE2_AC,22.0,False,44.8,43.03,135.76,148.81,1.096,0.6,0.0,NORMAL,False,False,EVENING,True
CHG_7EEDE50DE3,2026-08-15 18:13:15,2026-08-15 18:13:15,2026-08-15 18:44:46,JNY_786442964,USR_71291,STN_DEL_01,Delhi,MALL,38.6,90.0,76.6,CCS2,120.0,True,39.37,38.1,24.06,31.52,1.31,0.4,10.0,NORMAL,False,False,EVENING,True
CHG_D1B5F440C8,2026-08-15 18:16:23,2026-08-15 18:16:23,2026-08-15 19:21:29,JNY_360629865,USR_72173,STN_GGN_02,Gurugram,MALL,18.7,85.0,69.9,CCS2,60.0,True,46.34,44.11,54.07,65.11,1.204,0.2,2.0,NORMAL,False,False,EVENING,True
CHG_723981F93B,2026-08-15 18:18:45,2026-08-15 18:18:45,2026-08-15 19:38:39,JNY_394502171,USR_53096,STN_MUM_01,Mumbai,MALL,24.5,80.0,84.1,CCS2,60.0,True,46.68,44.98,51.86,79.91,1.541,0.2,25.0,NORMAL,False,True,EVENING,True
CHG_7453219485,2026-08-15 18:25:54,2026-08-15 18:25:54,2026-08-15 19:24:41,JNY_254473195,USR_94570,STN_DEL_01,Delhi,MALL,29.2,85.0,90.0,CHAdeMO,75.0,True,50.22,48.17,46.87,58.8,1.254,0.2,8.0,NORMAL,False,False,EVENING,True
CHG_2ED999DB21,2026-08-15 18:25:57,2026-08-15 18:25:57,2026-08-15 21:17:41,JNY_248051742,USR_26754,STN_GGN_02,Gurugram,MALL,20.0,80.0,75.9,TYPE2_AC,22.0,False,45.54,42.8,138.0,171.74,1.245,0.2,4.0,NORMAL,False,False,EVENING,True
CHG_16072949D2,2026-08-15 18:30:49,2026-08-15 18:30:49,2026-08-16 00:30:49,JNY_252404360,USR_83555,STN_DEL_01,Delhi,MALL,26.9,80.0,82.0,TYPE2_AC,7.2,False,43.54,41.69,403.17,360.0,0.893,0.0,18.0,NORMAL,False,False,EVENING,True
CHG_BBD0A8DE9E,2026-08-15 18:32:24,2026-08-15 18:32:24,2026-08-15 19:35:57,JNY_991347377,USR_56990,STN_JPR_01,Jaipur,MALL,14.5,90.0,70.5,CHAdeMO,75.0,True,53.23,51.12,52.04,63.56,1.221,0.2,3.0,NORMAL,False,False,EVENING,True
CHG_69CE49E88F,2026-08-15 18:37:39,2026-08-15 18:37:39,2026-08-15 19:18:55,JNY_960793114,USR_69409,STN_DEL_02,Delhi,OFFICE,20.5,85.0,73.4,CCS2,120.0,True,47.34,45.71,27.62,41.27,1.494,0.25,16.0,NORMAL,False,False,EVENING,True
CHG_90BA03605A,2026-08-15 18:37:44,2026-08-15 18:37:44,2026-08-15 19:12:34,JNY_774885811,USR_91817,STN_JPR_01,Jaipur,MALL,18.8,85.0,82.0,CCS2,120.0,True,54.28,52.45,31.67,34.84,1.1,0.2,2.0,NORMAL,False,False,EVENING,True
CHG_F11C559525,2026-08-15 18:42:34,2026-08-15 18:42:34,2026-08-16 00:42:34,JNY_234538097,USR_50892,STN_MUM_01,Mumbai,MALL,34.3,85.0,74.5,TYPE2_AC,7.2,False,37.77,34.8,367.22,360.0,0.98,0.2,2.0,NORMAL,False,False,EVENING,True
CHG_7E647D794A,2026-08-15 18:44:10,2026-08-15 18:44:10,2026-08-15 19:14:38,JNY_950791353,USR_16171,STN_MUM_01,Mumbai,MALL,34.2,80.0,90.0,CCS2,90.0,True,41.22,40.19,30.53,30.48,0.998,0.4,0.0,NORMAL,False,False,EVENING,True
CHG_B93143C108,2026-08-15 18:46:31,2026-08-15 18:46:31,2026-08-15 19:10:42,JNY_922585924,USR_74407,STN_JPR_01,Jaipur,MALL,52.3,80.0,87.4,CHAdeMO,75.0,True,24.21,23.25,21.52,24.2,1.124,0.2,2.0,NORMAL,False,False,EVENING,True
CHG_5A54D25538,2026-08-15 18:47:18,2026-08-15 18:47:18,2026-08-15 19:23:42,JNY_281306625,USR_89532,STN_JPR_01,Jaipur,MALL,13.1,85.0,61.9,CCS2,90.0,True,44.51,43.82,34.62,36.41,1.052,0.4,0.0,NORMAL,False,False,EVENING,True
CHG_2FD0288FE3,2026-08-15 19:02:17,2026-08-15 19:02:17,2026-08-16 01:02:17,JNY_234471076,USR_51228,STN_MUM_02,Mumbai,RESIDENTIAL,34.6,85.0,73.5,TYPE2_AC,7.2,False,37.04,36.48,360.15,360.0,1.0,0.5,0.0,NORMAL,False,False,EVENING,True
CHG_8E7101D2D8,2026-08-15 19:08:47,2026-08-15 19:08:47,2026-08-15 19:23:40,JNY_537244518,USR_40247,STN_MUM_02,Mumbai,RESIDENTIAL,45.1,90.0,70.6,CCS2,150.0,True,31.7,30.08,15.5,14.89,0.961,0.75,0.0,NORMAL,False,False,EVENING,True
CHG_E0633318D3,2026-08-15 19:11:49,2026-08-15 19:11:49,2026-08-15 19:38:25,JNY_115584590,USR_79010,STN_BLR_01,Bengaluru,OFFICE,24.3,80.0,68.6,CCS2,120.0,True,38.21,36.02,21.23,26.61,1.254,0.25,5.0,NORMAL,False,False,EVENING,True
CHG_8549EFFF0E,2026-08-15 19:16:23,2026-08-15 19:16:23,2026-08-15 19:36:12,JNY_642019023,USR_73699,STN_DEL_01,Delhi,MALL,39.2,90.0,67.7,CCS2,150.0,True,34.39,32.97,16.81,19.83,1.179,0.6,0.0,MINOR_SLOWDOWN,True,False,EVENING,True
CHG_D924D4440D,2026-08-15 19:19:27,2026-08-15 19:19:27,2026-08-15 19:47:16,JNY_830959561,USR_46193,STN_GGN_01,Gurugram,OFFICE,37.5,80.0,90.0,CHAdeMO,100.0,True,38.25,36.9,25.5,27.82,1.091,1.0,0.0,NORMAL,False,False,EVENING,True
CHG_3C37EB5B55,2026-08-15 19:25:25,2026-08-15 19:25:25,2026-08-15 19:53:14,JNY_603672571,USR_75633,STN_DEL_01,Delhi,MALL,38.8,90.0,65.2,CCS2,120.0,True,33.38,32.5,20.4,27.82,1.364,0.4,0.0,POWER_LIMITATION,True,False,EVENING,True
CHG_FDBC4EEB55,2026-08-15 19:34:11,2026-08-15 19:34:11,2026-08-15 21:56:25,JNY_750925620,USR_20848,STN_BLR_01,Bengaluru,OFFICE,52.2,85.0,68.6,TYPE2_AC,11.0,False,22.5,21.85,143.19,142.24,0.993,0.75,0.0,NORMAL,False,False,EVENING,True
CHG_AE445ACDE8,2026-08-15 19:34:50,2026-08-15 19:34:50,2026-08-15 21:18:15,JNY_652076219,USR_12917,STN_JPR_02,Jaipur,HIGHWAY,47.2,80.0,76.3,TYPE2_AC,22.0,False,25.03,24.6,75.84,103.42,1.364,0.2,8.0,NORMAL,False,False,EVENING,True
CHG_C7272CA694,2026-08-15 19:40:55,2026-08-15 19:40:55,2026-08-15 20:06:35,JNY_855653684,USR_36918,STN_MUM_02,Mumbai,RESIDENTIAL,26.2,85.0,71.5,CCS2,120.0,True,42.04,40.21,24.52,25.68,1.047,1.0,0.0,NORMAL,False,False,EVENING,True
CHG_77B7B6E08D,2026-08-15 19:42:15,2026-08-15 19:42:15,2026-08-15 20:02:08,JNY_379229900,USR_11305,STN_GGN_01,Gurugram,OFFICE,44.4,85.0,69.7,CCS2,120.0,True,28.3,27.43,16.51,19.89,1.205,0.25,3.0,NORMAL,False,False,EVENING,True
CHG_3BD62303FC,2026-08-15 19:45:12,2026-08-15 19:45:12,2026-08-15 20:05:25,JNY_801451092,USR_52800,STN_GGN_01,Gurugram,OFFICE,53.9,80.0,73.6,CHAdeMO,75.0,True,19.21,18.84,17.08,20.23,1.184,0.5,9.0,NORMAL,False,False,EVENING,True
CHG_E7632B0EFA,2026-08-15 19:46:15,2026-08-15 19:46:15,2026-08-15 20:24:33,JNY_489645130,USR_33595,STN_JPR_01,Jaipur,MALL,32.1,85.0,68.3,CHAdeMO,75.0,True,36.13,34.55,33.72,38.32,1.136,0.4,0.0,NORMAL,False,False,EVENING,True
CHG_1909235460,2026-08-15 19:48:16,2026-08-15 19:48:16,2026-08-15 20:15:21,JNY_441792343,USR_46865,STN_JPR_01,Jaipur,MALL,28.9,85.0,57.8,CCS2,90.0,True,32.43,31.46,25.22,27.09,1.074,0.4,0.0,NORMAL,False,False,EVENING,True
CHG_9C14F28A27,2026-08-15 19:52:40,2026-08-15 19:52:40,2026-08-15 20:19:22,JNY_458308664,USR_56837,STN_MUM_01,Mumbai,MALL,18.9,80.0,73.1,CCS2,150.0,True,44.66,44.4,19.85,26.72,1.346,0.2,16.0,NORMAL,False,False,EVENING,True
CHG_9425194BAD,2026-08-15 19:52:51,2026-08-15 19:52:51,2026-08-15 21:01:55,JNY_103653569,USR_96672,STN_JPR_01,Jaipur,MALL,23.0,85.0,65.3,CCS2,60.0,True,40.49,39.12,47.23,69.07,1.462,0.0,16.0,NORMAL,False,False,EVENING,True
CHG_11CAA5CEF4,2026-08-15 19:55:11,2026-08-15 19:55:11,2026-08-15 20:08:15,JNY_204330585,USR_89365,STN_BLR_01,Bengaluru,OFFICE,53.8,90.0,73.0,CCS2,150.0,True,26.43,25.77,12.92,13.08,1.012,1.0,0.0,NORMAL,False,False,EVENING,True
CHG_B082BB7DF2,2026-08-15 19:58:43,2026-08-15 19:58:43,2026-08-15 22:56:42,JNY_630088944,USR_40603,STN_BLR_01,Bengaluru,OFFICE,45.0,85.0,68.2,TYPE2_AC,11.0,False,27.28,26.16,173.6,178.0,1.025,0.75,0.0,NORMAL,False,False,EVENING,True
CHG_429EC0FAB1,2026-08-15 19:59:54,2026-08-15 19:59:54,2026-08-15 23:43:34,JNY_180921570,USR_72225,STN_DEL_02,Delhi,OFFICE,42.7,80.0,63.6,TYPE2_AC,7.2,False,23.72,22.79,219.66,223.67,1.018,1.0,0.0,NORMAL,False,False,EVENING,True
CHG_385AF01A57,2026-08-15 20:07:14,2026-08-15 20:07:14,2026-08-16 02:07:14,JNY_815953654,USR_55347,STN_JPR_02,Jaipur,HIGHWAY,23.8,80.0,84.7,TYPE2_AC,22.0,False,47.6,46.3,144.25,360.0,2.496,0.2,6.0,CHARGER_FAULT,True,True,EVENING,True
CHG_B0D3316A96,2026-08-15 20:07:56,2026-08-15 20:07:56,2026-08-16 01:45:58,JNY_129791011,USR_94069,STN_DEL_01,Delhi,MALL,28.3,80.0,79.8,TYPE2_AC,11.0,False,41.26,39.11,250.04,338.04,1.352,0.2,6.0,NORMAL,False,False,EVENING,True
CHG_5CCC72E3C5,2026-08-15 20:08:27,2026-08-15 20:08:27,2026-08-16 02:08:27,JNY_810308878,USR_93216,STN_DEL_01,Delhi,MALL,15.1,90.0,71.9,TYPE2_AC,7.2,False,53.85,53.1,548.5,360.0,0.656,0.2,8.0,NORMAL,False,False,EVENING,True
CHG_7DF9E82D5E,2026-08-15 20:09:32,2026-08-15 20:09:32,2026-08-15 21:14:37,JNY_364278536,USR_99939,STN_GGN_01,Gurugram,OFFICE,32.9,80.0,77.4,CHAdeMO,50.0,True,36.46,35.25,48.61,65.1,1.339,0.5,3.0,MINOR_SLOWDOWN,True,False,EVENING,True
CHG_0FAC43E976,2026-08-15 20:13:21,2026-08-15 20:13:21,2026-08-15 20:26:54,JNY_899451364,USR_13516,STN_MUM_01,Mumbai,MALL,50.7,80.0,81.6,CCS2,120.0,True,23.91,23.12,13.28,13.55,1.02,0.8,0.0,NORMAL,False,False,EVENING,True
CHG_EA3F5A2E92,2026-08-15 20:15:18,2026-08-15 20:15:18,2026-08-15 21:09:55,JNY_225713422,USR_33114,STN_MUM_01,Mumbai,MALL,24.2,80.0,79.0,CCS2,60.0,True,44.08,42.03,48.98,54.62,1.115,0.4,7.0,NORMAL,False,False,EVENING,True
CHG_B13406E46C,2026-08-15 20:19:34,2026-08-15 20:19:34,2026-08-15 20:41:31,JNY_580884710,USR_10845,STN_DEL_01,Delhi,MALL,25.9,80.0,66.7,CCS2,120.0,True,36.08,33.83,20.05,21.96,1.095,0.8,0.0,NORMAL,False,False,EVENING,True
CHG_1303622795,2026-08-15 20:20:12,2026-08-15 20:20:12,2026-08-15 21:05:50,JNY_189340702,USR_31250,STN_BLR_01,Bengaluru,OFFICE,43.0,85.0,87.6,CCS2,60.0,True,36.79,34.42,42.92,45.64,1.063,1.0,5.0,NORMAL,False,False,EVENING,True
CHG_09B800D726,2026-08-15 20:22:01,2026-08-15 20:22:01,2026-08-15 21:03:12,JNY_133539126,USR_24391,STN_JPR_02,Jaipur,HIGHWAY,35.4,85.0,86.3,CHAdeMO,75.0,True,42.8,40.18,39.95,41.19,1.031,0.6,0.0,NORMAL,False,False,EVENING,True
CHG_D2F82F2C4A,2026-08-15 20:24:17,2026-08-15 20:24:17,2026-08-15 20:49:03,JNY_501465649,USR_17686,STN_MUM_02,Mumbai,RESIDENTIAL,37.6,80.0,86.1,CCS2,120.0,True,36.51,34.32,20.28,24.78,1.222,0.25,2.0,NORMAL,False,False,EVENING,True
CHG_7CD33CAB43,2026-08-15 20:26:09,2026-08-15 20:26:09,2026-08-15 21:59:41,JNY_616330923,USR_96444,STN_DEL_02,Delhi,OFFICE,20.8,80.0,79.0,CHAdeMO,50.0,True,46.77,44.73,62.36,93.54,1.5,1.0,0.0,POWER_LIMITATION,True,True,EVENING,True
CHG_B6CB50A52B,2026-08-15 20:27:35,2026-08-15 20:27:35,2026-08-16 00:56:40,JNY_764041219,USR_67060,STN_DEL_02,Delhi,OFFICE,34.5,90.0,74.1,TYPE2_AC,11.0,False,41.13,39.16,274.17,269.1,0.981,1.0,0.0,NORMAL,False,False,EVENING,True
CHG_9C44199FCC,2026-08-15 20:33:21,2026-08-15 20:33:21,2026-08-16 02:33:21,JNY_133686192,USR_49001,STN_BLR_01,Bengaluru,OFFICE,21.5,90.0,77.7,TYPE2_AC,11.0,False,53.22,51.97,354.83,360.0,1.015,1.0,5.0,NORMAL,False,False,EVENING,True
CHG_422E694BA9,2026-08-15 20:39:17,2026-08-15 20:39:17,2026-08-15 21:00:58,JNY_100303138,USR_45885,STN_GGN_01,Gurugram,OFFICE,37.4,85.0,81.5,CCS2,120.0,True,38.79,37.59,22.63,21.7,0.959,1.0,0.0,NORMAL,False,False,EVENING,True
CHG_6DB1E62B45,2026-08-15 20:42:12,2026-08-15 20:42:12,2026-08-15 21:14:06,JNY_509694243,USR_43134,STN_JPR_01,Jaipur,MALL,31.9,85.0,81.8,CHAdeMO,100.0,True,43.44,42.02,30.41,31.92,1.05,0.6,0.0,NORMAL,False,False,EVENING,True
CHG_9FC935D7F2,2026-08-15 20:42:24,2026-08-15 20:42:24,2026-08-16 00:06:29,JNY_589962262,USR_16195,STN_JPR_02,Jaipur,HIGHWAY,46.2,80.0,75.7,TYPE2_AC,11.0,False,25.59,24.38,155.07,204.09,1.316,0.2,7.0,NORMAL,False,False,EVENING,True
CHG_298E233A1C,2026-08-15 20:43:49,2026-08-15 20:43:49,2026-08-15 21:21:54,JNY_171497835,USR_47972,STN_JPR_01,Jaipur,MALL,38.3,85.0,69.2,CCS2,60.0,True,32.32,30.95,37.7,38.09,1.01,0.4,0.0,NORMAL,False,False,EVENING,True
CHG_AA1948C046,2026-08-15 20:44:36,2026-08-15 20:44:36,2026-08-15 21:09:13,JNY_144392063,USR_18632,STN_GGN_01,Gurugram,OFFICE,20.9,80.0,78.2,CCS2,120.0,True,46.22,45.09,25.68,24.63,0.959,0.75,0.0,NORMAL,False,False,EVENING,True
CHG_1D199131E2,2026-08-15 20:57:09,2026-08-15 20:57:09,2026-08-15 22:59:17,JNY_949642908,USR_17485,STN_DEL_03,Delhi,HIGHWAY,37.5,80.0,71.7,TYPE2_AC,22.0,False,30.47,28.43,92.34,122.13,1.323,0.4,5.0,MINOR_SLOWDOWN,True,False,EVENING,True
CHG_0AF2BF1826,2026-08-15 21:01:40,2026-08-15 21:01:40,2026-08-15 21:46:58,JNY_873780297,USR_38448,STN_DEL_02,Delhi,OFFICE,31.5,85.0,84.4,CCS2,120.0,True,45.15,42.63,26.34,45.31,1.72,1.0,0.0,CHARGER_FAULT,True,True,NIGHT,True
CHG_B4B924C41F,2026-08-15 21:09:48,2026-08-15 21:09:48,2026-08-15 21:37:42,JNY_950614239,USR_49601,STN_GGN_01,Gurugram,OFFICE,23.3,85.0,77.7,CCS2,120.0,True,47.94,46.34,27.97,27.92,0.998,1.0,0.0,NORMAL,False,False,NIGHT,True
CHG_311539DE7D,2026-08-15 21:11:57,2026-08-15 21:11:57,2026-08-16 00:01:55,JNY_954985792,USR_70794,STN_MUM_01,Mumbai,MALL,18.6,95.0,59.5,TYPE2_AC,22.0,False,45.46,43.89,158.41,169.97,1.073,0.8,0.0,NORMAL,False,False,NIGHT,True
CHG_4C5F89F7ED,2026-08-15 21:17:25,2026-08-15 21:17:25,2026-08-15 21:59:29,JNY_268257876,USR_25059,STN_DEL_01,Delhi,MALL,41.0,85.0,66.1,CHAdeMO,50.0,True,29.08,27.32,40.72,42.08,1.033,0.6,0.0,NORMAL,False,False,NIGHT,True
CHG_A13E769EAA,2026-08-15 21:19:41,2026-08-15 21:19:41,2026-08-15 21:39:45,JNY_909564558,USR_93264,STN_BLR_01,Bengaluru,OFFICE,23.7,85.0,74.9,CCS2,150.0,True,45.91,43.21,21.43,20.08,0.937,0.75,0.0,NORMAL,False,False,NIGHT,True
CHG_B7AAB6A435,2026-08-15 21:22:27,2026-08-15 21:22:27,2026-08-15 21:47:24,JNY_693122758,USR_12082,STN_DEL_03,Delhi,HIGHWAY,39.9,85.0,71.3,CCS2,90.0,True,32.16,30.53,25.01,24.96,0.998,1.0,0.0,NORMAL,False,False,NIGHT,True
CHG_5453AEE00D,2026-08-15 21:28:50,2026-08-15 21:28:50,2026-08-16 00:23:05,JNY_247883433,USR_65016,STN_JPR_01,Jaipur,MALL,29.6,85.0,90.0,TYPE2_AC,22.0,False,49.86,48.28,158.65,174.26,1.098,0.4,0.0,NORMAL,False,False,NIGHT,True
CHG_A294840242,2026-08-15 21:36:05,2026-08-15 21:36:05,2026-08-15 22:05:55,JNY_764638591,USR_50784,STN_MUM_01,Mumbai,MALL,32.3,90.0,79.7,CCS2,120.0,True,45.99,43.44,28.1,29.85,1.062,0.8,4.0,NORMAL,False,False,NIGHT,True
CHG_DF5710D1C4,2026-08-15 21:47:35,2026-08-15 21:47:35,2026-08-16 02:02:05,JNY_937518693,USR_52492,STN_DEL_02,Delhi,OFFICE,29.9,80.0,85.1,TYPE2_AC,11.0,False,42.64,41.37,258.39,254.5,0.985,1.0,0.0,NORMAL,False,False,NIGHT,True
CHG_4ACFA02E9F,2026-08-15 21:49:33,2026-08-15 21:49:33,2026-08-15 22:09:56,JNY_221728574,USR_79317,STN_JPR_02,Jaipur,HIGHWAY,23.2,80.0,62.3,CCS2,120.0,True,35.39,33.4,19.66,20.39,1.037,0.8,0.0,NORMAL,False,False,NIGHT,True
CHG_587E91AD15,2026-08-15 21:53:40,2026-08-15 21:53:40,2026-08-15 22:18:40,JNY_372130211,USR_67981,STN_JPR_01,Jaipur,MALL,40.2,80.0,85.8,CHAdeMO,100.0,True,34.15,31.86,22.77,25.01,1.099,0.8,0.0,NORMAL,False,False,NIGHT,True
CHG_A9802FF6CD,2026-08-15 21:58:26,2026-08-15 21:58:26,2026-08-15 22:38:17,JNY_455320602,USR_21540,STN_GGN_02,Gurugram,MALL,25.5,90.0,67.3,CCS2,90.0,True,43.41,42.91,35.37,39.86,1.127,0.6,0.0,MINOR_SLOWDOWN,True,False,NIGHT,True
CHG_A860A3D079,2026-08-15 22:01:04,2026-08-15 22:01:04,2026-08-15 22:38:34,JNY_853246118,USR_73191,STN_DEL_01,Delhi,MALL,22.0,80.0,88.4,CCS2,90.0,True,51.27,50.92,37.98,37.51,0.988,0.8,0.0,NORMAL,False,False,NIGHT,True
CHG_52258CE8AC,2026-08-15 22:04:48,2026-08-15 22:04:48,2026-08-15 22:19:21,JNY_181177614,USR_48597,STN_DEL_01,Delhi,MALL,40.8,85.0,68.5,CCS2,150.0,True,30.28,29.22,14.13,14.56,1.031,0.6,0.0,NORMAL,False,False,NIGHT,True
CHG_8758C76B9E,2026-08-15 22:06:31,2026-08-15 22:06:31,2026-08-15 22:53:07,JNY_480643923,USR_85403,STN_JPR_02,Jaipur,HIGHWAY,25.3,90.0,90.0,CCS2,90.0,True,58.23,55.81,47.45,46.62,0.983,1.0,3.0,NORMAL,False,False,NIGHT,True
CHG_E8C530F6AD,2026-08-15 22:09:23,2026-08-15 22:09:23,2026-08-15 22:30:54,JNY_742924197,USR_15237,STN_DEL_03,Delhi,HIGHWAY,17.4,80.0,58.0,CCS2,120.0,True,36.31,36.08,20.17,21.52,1.067,1.0,0.0,NORMAL,False,False,NIGHT,True
CHG_31003E822C,2026-08-15 22:15:23,2026-08-15 22:15:23,2026-08-15 23:09:11,JNY_359149547,USR_82547,STN_MUM_02,Mumbai,RESIDENTIAL,42.0,85.0,75.0,CCS2,60.0,True,32.25,30.81,37.63,53.82,1.43,0.5,11.0,MINOR_SLOWDOWN,True,False,NIGHT,True
CHG_3B28F2C327,2026-08-15 22:32:22,2026-08-15 22:32:22,2026-08-15 23:09:38,JNY_655451741,USR_27440,STN_DEL_03,Delhi,HIGHWAY,25.7,85.0,70.7,CCS2,90.0,True,41.93,40.28,32.61,37.28,1.143,0.6,0.0,MINOR_SLOWDOWN,True,False,NIGHT,True
CHG_890BBD81B9,2026-08-15 22:40:07,2026-08-15 22:40:07,2026-08-15 23:06:39,JNY_459820276,USR_26568,STN_JPR_02,Jaipur,HIGHWAY,25.5,85.0,62.2,CCS2,90.0,True,37.01,35.81,28.78,26.54,0.922,0.8,0.0,NORMAL,False,False,NIGHT,True
CHG_0199C959B6,2026-08-15 22:44:08,2026-08-15 22:44:08,2026-08-16 01:14:03,JNY_815389897,USR_36243,STN_GGN_02,Gurugram,MALL,38.3,95.0,73.8,TYPE2_AC,22.0,False,41.84,39.91,145.82,149.92,1.028,0.8,0.0,NORMAL,False,False,NIGHT,True
CHG_5727DFE436,2026-08-15 22:47:07,2026-08-15 22:47:07,2026-08-15 23:20:37,JNY_457079807,USR_83923,STN_BLR_01,Bengaluru,OFFICE,26.2,90.0,79.3,CCS2,120.0,True,50.59,48.61,30.92,33.52,1.084,1.0,0.0,NORMAL,False,False,NIGHT,True
CHG_D85212FD51,2026-08-15 22:51:04,2026-08-15 22:51:04,2026-08-15 23:27:12,JNY_879134207,USR_17788,STN_DEL_03,Delhi,HIGHWAY,56.2,85.0,89.2,CHAdeMO,50.0,True,25.69,24.75,35.97,36.13,1.005,1.0,0.0,NORMAL,False,False,NIGHT,True
CHG_259D035A1F,2026-08-15 22:53:16,2026-08-15 22:53:16,2026-08-16 03:42:38,JNY_720899633,USR_96173,STN_DEL_02,Delhi,OFFICE,27.4,85.0,83.0,TYPE2_AC,11.0,False,47.81,45.99,304.23,289.37,0.951,1.0,0.0,NORMAL,False,False,NIGHT,True
CHG_BC2A072761,2026-08-15 22:58:49,2026-08-15 22:58:49,2026-08-15 23:14:03,JNY_311004974,USR_35195,STN_DEL_02,Delhi,OFFICE,46.2,80.0,77.8,CCS2,120.0,True,26.3,24.56,14.61,15.24,1.043,0.75,0.0,NORMAL,False,False,NIGHT,True
CHG_5BF53544C5,2026-08-15 23:00:18,2026-08-15 23:00:18,2026-08-15 23:29:16,JNY_146619592,USR_53463,STN_JPR_02,Jaipur,HIGHWAY,25.1,95.0,68.1,CCS2,120.0,True,47.6,44.54,30.41,28.97,0.953,1.0,0.0,NORMAL,False,False,NIGHT,True
CHG_0237205B11,2026-08-15 23:01:12,2026-08-15 23:01:12,2026-08-15 23:14:02,JNY_596385558,USR_62842,STN_MUM_02,Mumbai,RESIDENTIAL,51.1,80.0,72.8,CCS2,120.0,True,21.04,20.3,11.69,12.83,1.098,0.75,0.0,NORMAL,False,False,NIGHT,True
CHG_AEE8D9EBDF,2026-08-15 23:24:01,2026-08-15 23:24:01,2026-08-15 23:50:03,JNY_523936101,USR_61453,STN_DEL_03,Delhi,HIGHWAY,35.5,85.0,81.2,CCS2,120.0,True,40.19,37.61,23.45,26.03,1.11,0.4,0.0,NORMAL,False,False,NIGHT,True
CHG_8217AFAC4F,2026-08-15 23:37:06,2026-08-15 23:37:06,2026-08-16 00:20:37,JNY_145174750,USR_79419,STN_JPR_02,Jaipur,HIGHWAY,36.3,85.0,76.4,CCS2,60.0,True,37.21,35.7,43.41,43.53,1.003,1.0,0.0,NORMAL,False,False,NIGHT,True
CHG_7D4F2C619B,2026-08-15 23:37:54,2026-08-15 23:37:54,2026-08-16 00:20:21,JNY_768596641,USR_28453,STN_BLR_01,Bengaluru,OFFICE,38.6,95.0,78.2,CCS2,90.0,True,44.1,40.78,37.57,42.45,1.13,1.0,0.0,MINOR_SLOWDOWN,True,False,NIGHT,True
CHG_F602EF22D7,2026-08-15 23:49:16,2026-08-15 23:49:16,2026-08-16 00:11:11,JNY_579120421,USR_71599,STN_JPR_01,Jaipur,MALL,45.1,85.0,90.0,CCS2,120.0,True,35.91,34.7,20.95,21.93,1.047,0.8,0.0,NORMAL,False,False,NIGHT,True
CHG_B3A484BC46,2026-08-16 02:57:25,2026-08-16 02:57:25,2026-08-16 05:49:55,JNY_586238918,USR_59565,STN_DEL_02,Delhi,OFFICE,29.2,85.0,80.3,TYPE2_AC,22.0,False,44.81,42.56,142.57,172.5,1.21,1.0,0.0,MINOR_SLOWDOWN,True,False,NIGHT,True
CHG_BD2289BE53,2026-08-16 02:58:38,2026-08-16 02:58:38,2026-08-16 03:07:31,JNY_964097007,USR_90820,STN_DEL_02,Delhi,OFFICE,51.8,80.0,56.7,CCS2,120.0,True,15.99,15.13,8.88,8.9,1.002,1.0,0.0,NORMAL,False,False,NIGHT,True
CHG_8E17913570,2026-08-16 04:11:13,2026-08-16 04:11:13,2026-08-16 04:43:51,JNY_644870456,USR_73082,STN_MUM_01,Mumbai,MALL,34.4,85.0,88.0,CCS2,90.0,True,44.53,42.53,34.63,32.65,0.943,1.0,0.0,NORMAL,False,False,NIGHT,True
CHG_3CB1173DE3,2026-08-16 04:27:35,2026-08-16 04:27:35,2026-08-16 07:04:03,JNY_853950790,USR_27274,STN_JPR_01,Jaipur,MALL,20.6,90.0,70.6,TYPE2_AC,22.0,False,49.0,46.45,163.32,156.47,0.958,1.0,0.0,NORMAL,False,False,NIGHT,True
CHG_68292B28C6,2026-08-16 04:47:57,2026-08-16 04:47:57,2026-08-16 10:47:57,JNY_998366198,USR_91363,STN_MUM_01,Mumbai,MALL,23.3,80.0,70.4,TYPE2_AC,7.2,False,39.92,38.02,369.6,360.0,0.974,1.0,0.0,NORMAL,False,False,NIGHT,True
CHG_0963D650E1,2026-08-16 05:04:30,2026-08-16 05:04:30,2026-08-16 11:04:30,JNY_800709076,USR_15153,STN_DEL_01,Delhi,MALL,18.5,95.0,62.9,TYPE2_AC,7.2,False,48.12,45.89,512.37,360.0,0.703,0.8,0.0,NORMAL,False,False,NIGHT,True
CHG_58B3FDEB70,2026-08-16 05:12:00,2026-08-16 05:12:00,2026-08-16 05:50:37,JNY_347936983,USR_67689,STN_DEL_02,Delhi,OFFICE,39.2,80.0,64.9,CHAdeMO,50.0,True,26.48,25.91,35.31,38.63,1.094,1.0,0.0,NORMAL,False,False,NIGHT,True
CHG_8D769EF9C5,2026-08-16 05:31:14,2026-08-16 05:31:14,2026-08-16 10:47:14,JNY_805827073,USR_73553,STN_JPR_02,Jaipur,HIGHWAY,38.9,90.0,82.0,TYPE2_AC,11.0,False,41.9,39.63,279.35,316.01,1.131,0.8,0.0,MINOR_SLOWDOWN,True,False,NIGHT,True
CHG_BCAD71A44E,2026-08-16 05:40:08,2026-08-16 05:40:08,2026-08-16 09:30:24,JNY_947001044,USR_73484,STN_BLR_01,Bengaluru,OFFICE,37.1,80.0,86.0,TYPE2_AC,11.0,False,36.89,35.24,223.6,230.28,1.03,1.0,0.0,NORMAL,False,False,NIGHT,True
CHG_48FFE06096,2026-08-16 05:43:50,2026-08-16 05:43:50,2026-08-16 06:15:33,JNY_731903257,USR_66041,STN_BLR_01,Bengaluru,OFFICE,62.7,85.0,87.4,CHAdeMO,50.0,True,19.49,19.14,27.29,31.73,1.163,1.0,5.0,NORMAL,False,False,NIGHT,True
CHG_717F1D3F2C,2026-08-16 05:49:28,2026-08-16 05:49:28,2026-08-16 06:04:44,JNY_712127721,USR_53875,STN_MUM_02,Mumbai,RESIDENTIAL,45.1,80.0,54.1,CCS2,90.0,True,18.88,18.31,13.99,15.27,1.092,0.75,0.0,NORMAL,False,False,NIGHT,True
CHG_989CF7E4D2,2026-08-16 06:04:24,2026-08-16 06:04:24,2026-08-16 09:38:17,JNY_588049895,USR_96941,STN_GGN_02,Gurugram,MALL,34.9,80.0,77.5,TYPE2_AC,11.0,False,34.95,33.89,211.83,213.9,1.01,0.6,0.0,NORMAL,False,False,MORNING,True
CHG_A187952D75,2026-08-16 06:16:25,2026-08-16 06:16:25,2026-08-16 06:48:05,JNY_764975251,USR_13943,STN_JPR_02,Jaipur,HIGHWAY,36.7,85.0,75.5,CCS2,120.0,True,36.47,35.01,21.27,31.68,1.489,0.6,0.0,POWER_LIMITATION,True,False,MORNING,True
CHG_9E3C40473E,2026-08-16 06:19:32,2026-08-16 06:19:32,2026-08-16 06:44:13,JNY_857861707,USR_66120,STN_MUM_01,Mumbai,MALL,23.7,85.0,69.9,CCS2,150.0,True,42.85,41.1,20.0,24.7,1.235,0.4,10.0,NORMAL,False,False,MORNING,True
CHG_AB5D23FF37,2026-08-16 06:21:14,2026-08-16 06:21:14,2026-08-16 06:47:13,JNY_960988668,USR_78868,STN_GGN_02,Gurugram,MALL,39.5,85.0,77.6,CCS2,90.0,True,35.31,33.74,27.46,25.99,0.946,0.8,0.0,NORMAL,False,False,MORNING,True
CHG_1CA5511664,2026-08-16 06:28:13,2026-08-16 06:28:13,2026-08-16 06:40:18,JNY_268096188,USR_64560,STN_JPR_01,Jaipur,MALL,59.1,80.0,78.1,CCS2,120.0,True,16.32,15.72,9.07,12.09,1.333,0.4,10.0,NORMAL,False,False,MORNING,True
CHG_4D4B6F3843,2026-08-16 06:45:37,2026-08-16 06:45:37,2026-08-16 07:17:02,JNY_173838689,USR_98039,STN_DEL_02,Delhi,OFFICE,23.5,85.0,69.7,CCS2,90.0,True,42.87,40.34,33.34,31.42,0.943,1.0,0.0,NORMAL,False,False,MORNING,True
CHG_17F7386C7F,2026-08-16 06:48:13,2026-08-16 06:48:13,2026-08-16 09:31:34,JNY_593344722,USR_97986,STN_GGN_01,Gurugram,OFFICE,23.5,85.0,87.3,TYPE2_AC,22.0,False,53.69,51.94,170.83,163.36,0.956,1.0,0.0,NORMAL,False,False,MORNING,True
CHG_ABE87CD549,2026-08-16 06:49:05,2026-08-16 06:49:05,2026-08-16 12:49:05,JNY_823254580,USR_21853,STN_GGN_02,Gurugram,MALL,13.4,80.0,67.2,TYPE2_AC,7.2,False,44.76,42.88,414.4,360.0,0.869,0.8,0.0,NORMAL,False,False,MORNING,True
CHG_68EA52D0D8,2026-08-16 06:53:19,2026-08-16 06:53:19,2026-08-16 07:50:52,JNY_427545489,USR_21120,STN_MUM_02,Mumbai,RESIDENTIAL,35.1,90.0,70.0,CHAdeMO,75.0,True,38.43,37.26,37.58,57.56,1.532,0.0,40.0,NORMAL,False,True,MORNING,True
CHG_DA386E96C2,2026-08-16 06:54:45,2026-08-16 06:54:45,2026-08-16 07:30:22,JNY_533833685,USR_69923,STN_MUM_01,Mumbai,MALL,14.0,90.0,62.1,CCS2,120.0,True,47.2,45.23,28.84,35.62,1.235,0.2,6.0,NORMAL,False,False,MORNING,True
CHG_7B6938FE53,2026-08-16 06:55:16,2026-08-16 06:55:16,2026-08-16 07:57:42,JNY_508488997,USR_57113,STN_DEL_02,Delhi,OFFICE,29.5,80.0,90.0,CHAdeMO,50.0,True,45.45,43.95,60.6,62.45,1.03,0.75,0.0,NORMAL,False,False,MORNING,True
CHG_4E40552C2C,2026-08-16 06:56:15,2026-08-16 06:56:15,2026-08-16 08:03:20,JNY_813581502,USR_28207,STN_JPR_02,Jaipur,HIGHWAY,19.4,85.0,71.8,CCS2,60.0,True,47.1,45.28,54.95,67.1,1.221,0.2,2.0,NORMAL,False,False,MORNING,True
CHG_738B2C45F0,2026-08-16 06:58:23,2026-08-16 06:58:23,2026-08-16 07:37:22,JNY_975188428,USR_30964,STN_MUM_02,Mumbai,RESIDENTIAL,24.9,85.0,58.2,CHAdeMO,75.0,True,34.98,34.11,32.65,39.0,1.194,0.25,2.0,NORMAL,False,False,MORNING,True
CHG_759EDFCE73,2026-08-16 06:59:52,2026-08-16 06:59:52,2026-08-16 07:10:44,JNY_865660210,USR_98697,STN_GGN_01,Gurugram,OFFICE,49.6,80.0,70.9,CCS2,150.0,True,21.55,20.79,9.58,10.88,1.135,1.0,3.0,NORMAL,False,False,MORNING,True
CHG_3958F246DB,2026-08-16 07:06:46,2026-08-16 07:06:46,2026-08-16 07:44:09,JNY_669606960,USR_10647,STN_DEL_02,Delhi,OFFICE,32.0,85.0,86.7,CCS2,90.0,True,45.95,44.05,35.74,37.39,1.046,0.75,0.0,NORMAL,False,False,MORNING,True
CHG_EA4379C40E,2026-08-16 07:08:30,2026-08-16 07:08:30,2026-08-16 09:56:42,JNY_822043183,USR_14015,STN_GGN_02,Gurugram,MALL,49.4,80.0,69.2,TYPE2_AC,11.0,False,21.18,20.17,128.33,168.2,1.311,0.2,4.0,NORMAL,False,False,MORNING,True
CHG_FD863F2DE4,2026-08-16 07:13:47,2026-08-16 07:13:47,2026-08-16 07:34:44,JNY_123095281,USR_47275,STN_MUM_01,Mumbai,MALL,37.6,80.0,80.0,CCS2,120.0,True,33.92,32.8,18.84,20.96,1.112,0.4,3.0,NORMAL,False,False,MORNING,True
CHG_6DC4BC3B79,2026-08-16 07:16:13,2026-08-16 07:16:13,2026-08-16 07:33:03,JNY_722943731,USR_49078,STN_GGN_02,Gurugram,MALL,35.6,80.0,70.4,CCS2,150.0,True,31.26,30.17,13.89,16.83,1.212,0.4,5.0,NORMAL,False,False,MORNING,True
CHG_D8BC8654B7,2026-08-16 07:21:01,2026-08-16 07:21:01,2026-08-16 07:46:26,JNY_159705396,USR_89347,STN_GGN_01,Gurugram,OFFICE,31.5,85.0,85.4,CCS2,120.0,True,45.69,43.92,26.65,25.43,0.954,1.0,0.0,NORMAL,False,False,MORNING,True
CHG_6D8998F2AA,2026-08-16 07:22:02,2026-08-16 07:22:02,2026-08-16 08:04:27,JNY_170035518,USR_18890,STN_DEL_03,Delhi,HIGHWAY,21.6,80.0,71.7,CCS2,90.0,True,41.87,39.66,31.02,42.42,1.368,0.2,7.0,NORMAL,False,False,MORNING,True
CHG_AC642DFA22,2026-08-16 07:23:59,2026-08-16 07:23:59,2026-08-16 09:49:31,JNY_910320390,USR_17266,STN_MUM_02,Mumbai,RESIDENTIAL,39.9,85.0,62.5,TYPE2_AC,22.0,False,28.19,27.51,89.69,145.55,1.623,0.0,54.0,NORMAL,False,True,MORNING,True
CHG_E88BB7CB57,2026-08-16 07:27:55,2026-08-16 07:27:55,2026-08-16 08:08:39,JNY_801491243,USR_29027,STN_MUM_01,Mumbai,MALL,32.3,85.0,67.2,CCS2,90.0,True,35.41,34.76,27.54,40.74,1.479,0.6,0.0,POWER_LIMITATION,True,False,MORNING,True
CHG_7F825CCA7C,2026-08-16 07:29:28,2026-08-16 07:29:28,2026-08-16 07:44:05,JNY_918160441,USR_21299,STN_GGN_02,Gurugram,MALL,56.4,80.0,88.8,CCS2,120.0,True,20.96,20.57,11.64,14.63,1.256,0.8,4.0,MINOR_SLOWDOWN,True,False,MORNING,True
CHG_97FF68DEE2,2026-08-16 07:38:03,2026-08-16 07:38:03,2026-08-16 08:32:26,JNY_896973906,USR_83026,STN_JPR_01,Jaipur,MALL,33.4,80.0,82.8,CCS2,60.0,True,38.58,37.09,42.87,54.4,1.269,0.2,7.0,NORMAL,False,False,MORNING,True
CHG_A255250E76,2026-08-16 07:45:03,2026-08-16 07:45:03,2026-08-16 07:53:25,JNY_451390241,USR_59456,STN_DEL_02,Delhi,OFFICE,57.9,80.0,73.5,CCS2,120.0,True,16.24,16.06,9.02,8.37,0.928,1.0,0.0,NORMAL,False,False,MORNING,True
CHG_178201F007,2026-08-16 07:46:25,2026-08-16 07:46:25,2026-08-16 08:32:55,JNY_368770857,USR_76971,STN_JPR_02,Jaipur,HIGHWAY,23.7,85.0,80.0,CCS2,90.0,True,49.04,47.12,38.14,46.52,1.22,0.4,8.0,NORMAL,False,False,MORNING,True
CHG_F47AD0F801,2026-08-16 07:55:52,2026-08-16 07:55:52,2026-08-16 08:26:59,JNY_807895092,USR_97876,STN_GGN_02,Gurugram,MALL,38.5,85.0,84.2,CCS2,90.0,True,39.15,37.52,30.45,31.12,1.022,0.6,0.0,NORMAL,False,False,MORNING,True
CHG_E1FE979CE1,2026-08-16 07:58:19,2026-08-16 07:58:19,2026-08-16 09:40:38,JNY_656350321,USR_51520,STN_GGN_02,Gurugram,MALL,51.4,85.0,90.0,TYPE2_AC,22.0,False,30.24,28.5,96.22,102.32,1.063,1.0,3.0,NORMAL,False,False,MORNING,True
CHG_EF883956E2,2026-08-16 08:05:23,2026-08-16 08:05:23,2026-08-16 08:50:29,JNY_179201088,USR_85798,STN_DEL_01,Delhi,MALL,18.4,90.0,80.9,CCS2,120.0,True,57.92,55.3,35.4,45.1,1.274,0.2,9.0,NORMAL,False,False,MORNING,True
CHG_B115E6E909,2026-08-16 08:06:43,2026-08-16 08:06:43,2026-08-16 08:22:12,JNY_198775281,USR_44445,STN_BLR_01,Bengaluru,OFFICE,52.6,85.0,89.5,CCS2,150.0,True,29.0,28.55,13.53,15.49,1.145,0.75,2.0,MINOR_SLOWDOWN,True,False,MORNING,True
CHG_5A85EC0658,2026-08-16 08:09:41,2026-08-16 08:09:41,2026-08-16 08:41:10,JNY_433050696,USR_34231,STN_MUM_02,Mumbai,RESIDENTIAL,30.1,80.0,90.0,CCS2,90.0,True,44.91,43.16,33.27,31.49,0.947,0.75,0.0,NORMAL,False,False,MORNING,True
CHG_A189C623A0,2026-08-16 08:11:47,2026-08-16 08:11:47,2026-08-16 10:11:58,JNY_605847810,USR_30841,STN_GGN_01,Gurugram,OFFICE,34.5,90.0,67.8,TYPE2_AC,22.0,False,37.63,35.4,125.43,120.2,0.958,0.75,0.0,NORMAL,False,False,MORNING,True
CHG_A1F237A70F,2026-08-16 08:13:13,2026-08-16 08:13:13,2026-08-16 08:49:03,JNY_591923073,USR_91372,STN_GGN_01,Gurugram,OFFICE,26.4,90.0,84.5,CCS2,120.0,True,53.74,52.91,32.84,35.85,1.091,0.5,0.0,NORMAL,False,False,MORNING,True
CHG_D863032691,2026-08-16 08:15:24,2026-08-16 08:15:24,2026-08-16 08:53:34,JNY_794307851,USR_79410,STN_BLR_01,Bengaluru,OFFICE,42.0,85.0,80.4,CCS2,60.0,True,34.57,33.04,40.33,38.18,0.947,0.75,0.0,NORMAL,False,False,MORNING,True
CHG_D03AA62108,2026-08-16 08:16:34,2026-08-16 08:16:34,2026-08-16 08:44:24,JNY_810474723,USR_45495,STN_GGN_02,Gurugram,MALL,28.7,80.0,71.8,CCS2,90.0,True,36.83,35.72,27.28,27.83,1.02,0.8,0.0,NORMAL,False,False,MORNING,True
CHG_4228A31B8E,2026-08-16 08:16:52,2026-08-16 08:16:52,2026-08-16 09:14:44,JNY_671834582,USR_36068,STN_JPR_01,Jaipur,MALL,16.1,90.0,86.8,CHAdeMO,75.0,True,64.15,61.37,62.72,57.87,0.923,0.8,0.0,NORMAL,False,False,MORNING,True
CHG_6C0A898A8C,2026-08-16 08:19:52,2026-08-16 08:19:52,2026-08-16 08:40:45,JNY_779945676,USR_42701,STN_DEL_03,Delhi,HIGHWAY,62.6,90.0,81.7,CCS2,90.0,True,22.39,21.33,18.24,20.89,1.145,0.4,4.0,NORMAL,False,False,MORNING,True
CHG_A3FBE7A175,2026-08-16 08:21:13,2026-08-16 08:21:13,2026-08-16 08:40:18,JNY_119069646,USR_50701,STN_DEL_02,Delhi,OFFICE,49.3,85.0,70.8,CHAdeMO,100.0,True,25.28,24.51,17.69,19.1,1.079,1.0,0.0,NORMAL,False,False,MORNING,True
CHG_2B2EE80110,2026-08-16 08:26:47,2026-08-16 08:26:47,2026-08-16 08:47:46,JNY_548708168,USR_60480,STN_GGN_02,Gurugram,MALL,46.7,85.0,86.3,CCS2,120.0,True,33.05,32.72,19.28,20.99,1.088,0.6,0.0,NORMAL,False,False,MORNING,True
CHG_DBE7A69213,2026-08-16 08:30:07,2026-08-16 08:30:07,2026-08-16 11:12:06,JNY_743776124,USR_45006,STN_BLR_01,Bengaluru,OFFICE,57.0,80.0,77.3,TYPE2_AC,7.2,False,17.78,17.12,164.62,161.98,0.984,1.0,0.0,NORMAL,False,False,MORNING,True
CHG_347CA977EB,2026-08-16 08:30:38,2026-08-16 08:30:38,2026-08-16 09:03:06,JNY_878686115,USR_47024,STN_JPR_01,Jaipur,MALL,35.4,80.0,82.2,CHAdeMO,75.0,True,36.66,35.5,32.59,32.48,0.997,0.4,0.0,NORMAL,False,False,MORNING,True
CHG_07CD214231,2026-08-16 08:31:47,2026-08-16 08:31:47,2026-08-16 08:48:28,JNY_969232521,USR_97006,STN_MUM_01,Mumbai,MALL,43.2,85.0,74.0,CCS2,150.0,True,30.93,30.12,14.43,16.7,1.157,0.2,2.0,NORMAL,False,False,MORNING,True
CHG_EB68246C2E,2026-08-16 08:36:48,2026-08-16 08:36:48,2026-08-16 09:16:26,JNY_599961842,USR_57146,STN_BLR_01,Bengaluru,OFFICE,15.1,85.0,90.0,CCS2,120.0,True,62.91,59.75,36.7,39.64,1.08,0.75,0.0,NORMAL,False,False,MORNING,True
CHG_2224A976C3,2026-08-16 08:43:04,2026-08-16 08:43:04,2026-08-16 09:14:02,JNY_236306785,USR_94315,STN_BLR_01,Bengaluru,OFFICE,36.4,90.0,64.9,CCS2,90.0,True,34.79,32.25,28.34,30.97,1.093,1.0,0.0,NORMAL,False,False,MORNING,True
CHG_591DC66BDF,2026-08-16 08:45:02,2026-08-16 08:45:02,2026-08-16 09:13:41,JNY_529843090,USR_29481,STN_JPR_01,Jaipur,MALL,49.7,90.0,68.0,CCS2,90.0,True,27.4,26.69,22.33,28.65,1.283,0.2,3.0,NORMAL,False,False,MORNING,True
CHG_0BBD253CDC,2026-08-16 08:45:29,2026-08-16 08:45:29,2026-08-16 09:27:56,JNY_914912947,USR_13551,STN_MUM_02,Mumbai,RESIDENTIAL,34.6,95.0,75.2,CCS2,90.0,True,45.42,43.34,38.69,42.46,1.097,1.0,0.0,NORMAL,False,False,MORNING,True
CHG_9D4BD471DB,2026-08-16 08:46:04,2026-08-16 08:46:04,2026-08-16 14:46:04,JNY_618167469,USR_79880,STN_MUM_01,Mumbai,MALL,36.6,90.0,87.0,TYPE2_AC,7.2,False,46.46,44.03,473.18,360.0,0.761,0.2,10.0,NORMAL,False,False,MORNING,True
CHG_2425ED5C61,2026-08-16 08:52:37,2026-08-16 08:52:37,2026-08-16 09:19:26,JNY_405404219,USR_95954,STN_DEL_03,Delhi,HIGHWAY,38.3,85.0,80.6,CCS2,120.0,True,37.64,36.05,21.96,26.83,1.222,0.2,2.0,NORMAL,False,False,MORNING,True
CHG_450E880288,2026-08-16 09:04:06,2026-08-16 09:04:06,2026-08-16 10:33:09,JNY_870771321,USR_73950,STN_MUM_01,Mumbai,MALL,38.9,80.0,71.9,TYPE2_AC,22.0,False,29.55,28.91,89.55,89.06,0.994,0.4,0.0,NORMAL,False,False,MORNING,True
CHG_72C9695548,2026-08-16 09:11:24,2026-08-16 09:11:24,2026-08-16 09:36:15,JNY_437590746,USR_68914,STN_MUM_01,Mumbai,MALL,28.0,80.0,70.4,CCS2,120.0,True,36.61,34.5,20.34,24.85,1.222,0.4,0.0,MINOR_SLOWDOWN,True,False,MORNING,True
CHG_38508B36FC,2026-08-16 09:16:28,2026-08-16 09:16:28,2026-08-16 09:38:24,JNY_127507548,USR_78757,STN_BLR_01,Bengaluru,OFFICE,39.5,90.0,66.7,CCS2,120.0,True,33.68,32.38,20.58,21.95,1.066,0.5,0.0,NORMAL,False,False,MORNING,True
CHG_9A399BA127,2026-08-16 09:16:40,2026-08-16 09:16:40,2026-08-16 09:46:05,JNY_540675189,USR_22333,STN_DEL_03,Delhi,HIGHWAY,25.3,85.0,77.1,CCS2,120.0,True,46.03,43.68,26.85,29.42,1.096,0.4,0.0,NORMAL,False,False,MORNING,True
CHG_56C933DC8A,2026-08-16 09:21:10,2026-08-16 09:21:10,2026-08-16 09:53:58,JNY_551437058,USR_83782,STN_DEL_03,Delhi,HIGHWAY,14.7,90.0,84.0,CCS2,150.0,True,63.25,59.08,30.92,32.8,1.061,1.0,0.0,NORMAL,False,False,MORNING,True
CHG_149F1F3759,2026-08-16 09:28:35,2026-08-16 09:28:35,2026-08-16 10:03:33,JNY_697666064,USR_21760,STN_MUM_01,Mumbai,MALL,45.7,80.0,86.2,CCS2,60.0,True,29.57,28.17,32.85,34.97,1.064,0.8,0.0,NORMAL,False,False,MORNING,True
CHG_7C8B59BF4C,2026-08-16 09:28:35,2026-08-16 09:28:35,2026-08-16 10:06:58,JNY_571197984,USR_56828,STN_DEL_01,Delhi,MALL,48.1,85.0,61.8,CHAdeMO,50.0,True,22.8,22.16,31.93,38.39,1.203,0.4,4.0,NORMAL,False,False,MORNING,True
CHG_07F8E4A280,2026-08-16 09:34:10,2026-08-16 09:34:10,2026-08-16 09:59:52,JNY_638335004,USR_54611,STN_DEL_02,Delhi,OFFICE,30.3,85.0,73.0,CCS2,120.0,True,39.93,37.35,23.29,25.71,1.104,0.75,2.0,NORMAL,False,False,MORNING,True
CHG_93D2CEA12D,2026-08-16 09:34:22,2026-08-16 09:34:22,2026-08-16 10:02:03,JNY_567180601,USR_82737,STN_MUM_02,Mumbai,RESIDENTIAL,34.7,90.0,74.8,CCS2,120.0,True,41.36,39.68,25.28,27.69,1.096,1.0,0.0,NORMAL,False,False,MORNING,True
CHG_91F316C61F,2026-08-16 09:35:46,2026-08-16 09:35:46,2026-08-16 15:35:46,JNY_608367414,USR_46034,STN_DEL_02,Delhi,OFFICE,19.8,90.0,86.8,TYPE2_AC,11.0,False,60.93,58.17,406.22,360.0,0.886,0.5,0.0,NORMAL,False,False,MORNING,True
CHG_F5D3F99779,2026-08-16 09:38:12,2026-08-16 09:38:12,2026-08-16 09:59:43,JNY_145105385,USR_21554,STN_MUM_01,Mumbai,MALL,42.9,85.0,57.9,CHAdeMO,100.0,True,24.38,23.46,17.06,21.53,1.262,0.4,7.0,NORMAL,False,False,MORNING,True
CHG_CCE307B4F1,2026-08-16 09:40:59,2026-08-16 09:40:59,2026-08-16 10:24:17,JNY_173393251,USR_41891,STN_JPR_02,Jaipur,HIGHWAY,27.1,80.0,68.4,CCS2,60.0,True,36.18,34.59,40.2,43.31,1.077,0.4,0.0,NORMAL,False,False,MORNING,True
CHG_4E826FE5D7,2026-08-16 09:44:10,2026-08-16 09:44:10,2026-08-16 11:58:10,JNY_417028685,USR_72554,STN_DEL_02,Delhi,OFFICE,19.4,80.0,61.5,TYPE2_AC,22.0,False,37.27,35.24,112.94,134.01,1.187,0.5,5.0,NORMAL,False,False,MORNING,True
CHG_8C329ED46F,2026-08-16 09:46:49,2026-08-16 09:46:49,2026-08-16 09:54:18,JNY_662597125,USR_17608,STN_BLR_01,Bengaluru,OFFICE,61.5,80.0,59.6,CCS2,120.0,True,11.03,10.43,6.13,7.48,1.222,0.25,9.0,NORMAL,False,False,MORNING,True
CHG_47FC20EFFB,2026-08-16 09:47:18,2026-08-16 09:47:18,2026-08-16 10:19:19,JNY_121965477,USR_85956,STN_GGN_02,Gurugram,MALL,34.5,85.0,68.8,CCS2,90.0,True,34.74,33.19,27.02,32.03,1.185,0.4,10.0,NORMAL,False,False,MORNING,True
CHG_4E9AC591BB,2026-08-16 09:48:52,2026-08-16 09:48:52,2026-08-16 10:46:43,JNY_349607185,USR_51214,STN_JPR_01,Jaipur,MALL,16.8,85.0,84.4,CCS2,90.0,True,57.56,56.77,44.77,57.86,1.292,0.4,0.0,MINOR_SLOWDOWN,True,False,MORNING,True
CHG_6F06AAAD83,2026-08-16 10:05:37,2026-08-16 10:05:37,2026-08-16 10:24:26,JNY_839959289,USR_59544,STN_JPR_01,Jaipur,MALL,42.7,85.0,57.8,CCS2,90.0,True,24.45,23.46,19.02,18.82,0.99,0.8,0.0,NORMAL,False,False,MORNING,True
CHG_8B30AF7553,2026-08-16 10:14:54,2026-08-16 10:14:54,2026-08-16 16:06:58,JNY_410566392,USR_81523,STN_JPR_02,Jaipur,HIGHWAY,28.2,80.0,65.4,TYPE2_AC,7.2,False,33.88,32.5,313.68,352.08,1.122,0.6,0.0,MINOR_SLOWDOWN,True,False,MORNING,True
CHG_18A35AC3FC,2026-08-16 10:15:32,2026-08-16 10:15:32,2026-08-16 11:20:25,JNY_452006756,USR_17922,STN_GGN_01,Gurugram,OFFICE,12.3,95.0,73.9,CCS2,90.0,True,61.12,57.62,52.06,64.89,1.246,0.25,5.0,NORMAL,False,False,MORNING,True
CHG_9308D16018,2026-08-16 10:24:31,2026-08-16 10:24:31,2026-08-16 10:54:09,JNY_601704435,USR_99101,STN_MUM_02,Mumbai,RESIDENTIAL,33.0,85.0,89.3,CCS2,120.0,True,46.44,45.69,27.09,29.64,1.094,0.75,0.0,NORMAL,False,False,MORNING,True
CHG_0958276D16,2026-08-16 10:33:08,2026-08-16 10:33:08,2026-08-16 10:50:32,JNY_425931492,USR_45670,STN_GGN_02,Gurugram,MALL,58.9,80.0,84.2,CHAdeMO,75.0,True,17.77,17.42,15.79,17.42,1.103,0.4,0.0,NORMAL,False,False,MORNING,True
CHG_D34C9B60CC,2026-08-16 10:49:47,2026-08-16 10:49:47,2026-08-16 15:41:09,JNY_244526593,USR_17264,STN_GGN_01,Gurugram,OFFICE,19.8,80.0,66.2,TYPE2_AC,11.0,False,39.85,38.64,241.53,291.37,1.206,0.5,7.0,NORMAL,False,False,MORNING,True
CHG_E4D728576B,2026-08-16 10:49:48,2026-08-16 10:49:48,2026-08-16 11:19:03,JNY_784565782,USR_85509,STN_DEL_03,Delhi,HIGHWAY,27.4,80.0,71.4,CCS2,90.0,True,37.56,36.86,27.82,29.26,1.052,0.8,0.0,NORMAL,False,False,MORNING,True
CHG_E00D3567E0,2026-08-16 10:50:42,2026-08-16 10:50:42,2026-08-16 11:07:10,JNY_683377060,USR_75205,STN_GGN_02,Gurugram,MALL,37.6,85.0,69.3,CCS2,150.0,True,32.85,32.44,15.33,16.47,1.075,0.6,0.0,NORMAL,False,False,MORNING,True
CHG_0E0539D965,2026-08-16 11:07:53,2026-08-16 11:07:53,2026-08-16 11:57:01,JNY_788293640,USR_71100,STN_DEL_02,Delhi,OFFICE,29.8,90.0,77.7,CCS2,90.0,True,46.78,44.93,38.11,49.14,1.289,0.25,15.0,NORMAL,False,False,MORNING,True
CHG_B54EF179E4,2026-08-16 11:14:47,2026-08-16 11:14:47,2026-08-16 11:48:22,JNY_458282551,USR_47139,STN_JPR_02,Jaipur,HIGHWAY,41.9,80.0,71.5,CCS2,60.0,True,27.24,26.26,30.27,33.58,1.11,0.4,0.0,NORMAL,False,False,MORNING,True
CHG_FC8C0D522C,2026-08-16 11:16:10,2026-08-16 11:16:10,2026-08-16 16:06:56,JNY_644331715,USR_76964,STN_JPR_01,Jaipur,MALL,26.7,80.0,86.8,TYPE2_AC,11.0,False,46.26,45.06,280.39,290.77,1.037,1.0,0.0,NORMAL,False,False,MORNING,True
CHG_11787BAB90,2026-08-16 11:17:14,2026-08-16 11:17:14,2026-08-16 11:49:25,JNY_491834724,USR_34671,STN_JPR_01,Jaipur,MALL,16.8,85.0,72.7,CCS2,120.0,True,49.58,48.54,28.92,32.2,1.113,0.6,4.0,NORMAL,False,False,MORNING,True
CHG_2890558B08,2026-08-16 11:18:38,2026-08-16 11:18:38,2026-08-16 11:46:16,JNY_839892116,USR_36817,STN_JPR_02,Jaipur,HIGHWAY,20.4,90.0,64.8,CCS2,150.0,True,45.1,44.1,22.05,27.65,1.254,0.2,4.0,NORMAL,False,False,MORNING,True
CHG_9ADE6AEEEA,2026-08-16 11:21:50,2026-08-16 11:21:50,2026-08-16 12:21:36,JNY_677324366,USR_64986,STN_MUM_02,Mumbai,RESIDENTIAL,23.5,85.0,87.9,CCS2,60.0,True,54.06,52.32,63.07,59.78,0.948,1.0,0.0,NORMAL,False,False,MORNING,True
CHG_AE95263F44,2026-08-16 11:21:58,2026-08-16 11:21:58,2026-08-16 14:49:16,JNY_266996539,USR_90325,STN_GGN_01,Gurugram,OFFICE,20.5,80.0,82.0,TYPE2_AC,22.0,False,48.79,47.59,147.85,207.31,1.402,0.25,21.0,NORMAL,False,False,MORNING,True
CHG_178899F4EE,2026-08-16 11:23:30,2026-08-16 11:23:30,2026-08-16 13:09:26,JNY_172521127,USR_49816,STN_JPR_01,Jaipur,MALL,37.9,80.0,90.0,TYPE2_AC,22.0,False,37.89,35.62,114.82,105.94,0.923,0.8,0.0,NORMAL,False,False,MORNING,True
CHG_2A0B0785C5,2026-08-16 11:24:05,2026-08-16 11:24:05,2026-08-16 11:44:53,JNY_261705836,USR_99660,STN_JPR_01,Jaipur,MALL,48.2,90.0,65.8,CCS2,120.0,True,27.5,26.27,16.81,20.81,1.238,0.4,7.0,NORMAL,False,False,MORNING,True
CHG_5A631F1246,2026-08-16 11:25:08,2026-08-16 11:25:08,2026-08-16 11:42:30,JNY_450601278,USR_95956,STN_MUM_02,Mumbai,RESIDENTIAL,49.8,85.0,89.3,CCS2,120.0,True,31.43,30.28,18.34,17.37,0.947,1.0,0.0,NORMAL,False,False,MORNING,True
CHG_FF2C8AA653,2026-08-16 11:28:14,2026-08-16 11:28:14,2026-08-16 11:45:14,JNY_585239705,USR_30547,STN_DEL_03,Delhi,HIGHWAY,46.4,80.0,65.2,CCS2,90.0,True,21.91,20.61,16.23,17.01,1.048,0.6,0.0,NORMAL,False,False,MORNING,True
CHG_B7C4CBE4C5,2026-08-16 11:40:04,2026-08-16 11:40:04,2026-08-16 12:37:38,JNY_602897379,USR_40084,STN_MUM_02,Mumbai,RESIDENTIAL,14.8,85.0,56.3,CHAdeMO,50.0,True,39.52,37.09,55.33,57.58,1.041,0.75,0.0,NORMAL,False,False,MORNING,True
CHG_57BFC958D7,2026-08-16 11:42:18,2026-08-16 11:42:18,2026-08-16 12:03:09,JNY_246340549,USR_52622,STN_MUM_02,Mumbai,RESIDENTIAL,41.3,80.0,68.0,CCS2,90.0,True,26.32,25.24,19.49,20.86,1.07,1.0,0.0,NORMAL,False,False,MORNING,True
CHG_0302CEDB20,2026-08-16 11:51:05,2026-08-16 11:51:05,2026-08-16 12:21:16,JNY_689745936,USR_62429,STN_BLR_01,Bengaluru,OFFICE,27.4,85.0,70.4,CCS2,120.0,True,40.55,39.57,23.65,30.2,1.277,0.25,3.0,NORMAL,False,False,MORNING,True
CHG_894C10CD52,2026-08-16 11:51:28,2026-08-16 11:51:28,2026-08-16 13:22:55,JNY_218099555,USR_29299,STN_GGN_01,Gurugram,OFFICE,41.0,80.0,67.1,TYPE2_AC,22.0,False,26.17,25.28,79.3,91.46,1.153,0.5,6.0,NORMAL,False,False,MORNING,True
CHG_CB5785B325,2026-08-16 11:53:10,2026-08-16 11:53:10,2026-08-16 15:18:29,JNY_101906733,USR_55252,STN_DEL_02,Delhi,OFFICE,49.6,85.0,77.2,TYPE2_AC,11.0,False,27.33,25.93,173.91,205.33,1.181,0.5,10.0,NORMAL,False,False,MORNING,True
CHG_8530BB6030,2026-08-16 11:58:39,2026-08-16 11:58:39,2026-08-16 12:36:31,JNY_322703045,USR_43266,STN_DEL_03,Delhi,HIGHWAY,51.7,85.0,63.8,CHAdeMO,50.0,True,21.25,21.01,29.74,37.87,1.273,0.2,9.0,NORMAL,False,False,MORNING,True
CHG_FBB156C5F5,2026-08-16 11:59:04,2026-08-16 11:59:04,2026-08-16 13:58:28,JNY_669650350,USR_74551,STN_DEL_01,Delhi,MALL,22.2,80.0,68.6,TYPE2_AC,22.0,False,39.65,38.11,120.15,119.4,0.994,1.0,0.0,NORMAL,False,False,MORNING,True
CHG_53950B2D7A,2026-08-16 12:10:33,2026-08-16 12:10:33,2026-08-16 12:32:11,JNY_386005279,USR_19930,STN_DEL_01,Delhi,MALL,31.7,85.0,64.5,CCS2,120.0,True,34.38,32.7,20.05,21.63,1.079,0.6,0.0,NORMAL,False,False,AFTERNOON,True
CHG_AD441B6E86,2026-08-16 12:12:32,2026-08-16 12:12:32,2026-08-16 15:27:31,JNY_450122258,USR_27824,STN_DEL_01,Delhi,MALL,21.2,90.0,86.4,TYPE2_AC,22.0,False,59.44,57.04,198.14,194.99,0.984,0.6,0.0,NORMAL,False,False,AFTERNOON,True
CHG_6FB0D33817,2026-08-16 12:14:40,2026-08-16 12:14:40,2026-08-16 12:35:10,JNY_301512312,USR_38398,STN_JPR_01,Jaipur,MALL,48.7,80.0,83.5,CCS2,90.0,True,26.14,25.08,19.36,20.51,1.059,0.8,0.0,NORMAL,False,False,AFTERNOON,True
CHG_0023E34A61,2026-08-16 12:19:11,2026-08-16 12:19:11,2026-08-16 12:47:57,JNY_788540132,USR_48335,STN_BLR_01,Bengaluru,OFFICE,27.0,85.0,70.7,CCS2,120.0,True,41.01,39.46,23.92,28.78,1.203,0.5,10.0,NORMAL,False,False,AFTERNOON,True
CHG_DEB07243EA,2026-08-16 12:20:20,2026-08-16 12:20:20,2026-08-16 13:11:00,JNY_549999835,USR_40264,STN_JPR_02,Jaipur,HIGHWAY,29.7,90.0,80.6,CCS2,90.0,True,48.6,47.16,39.6,50.67,1.28,0.2,11.0,NORMAL,False,False,AFTERNOON,True
CHG_8ED32B3BBE,2026-08-16 12:20:49,2026-08-16 12:20:49,2026-08-16 13:06:38,JNY_125469139,USR_52142,STN_MUM_01,Mumbai,MALL,28.8,85.0,86.4,CCS2,90.0,True,48.56,47.42,37.77,45.82,1.213,0.6,4.0,MINOR_SLOWDOWN,True,False,AFTERNOON,True
CHG_82FA8BBFFF,2026-08-16 12:22:00,2026-08-16 12:22:00,2026-08-16 13:03:44,JNY_142421222,USR_84897,STN_MUM_01,Mumbai,MALL,34.5,85.0,83.4,CCS2,90.0,True,42.12,39.5,32.76,41.74,1.274,0.4,10.0,NORMAL,False,False,AFTERNOON,True
CHG_6EC57BE04B,2026-08-16 12:23:01,2026-08-16 12:23:01,2026-08-16 12:48:25,JNY_637870612,USR_78731,STN_DEL_01,Delhi,MALL,48.1,85.0,76.7,CCS2,90.0,True,28.3,27.66,22.01,25.42,1.155,0.4,6.0,NORMAL,False,False,AFTERNOON,True
CHG_415F2B9E7C,2026-08-16 12:32:06,2026-08-16 12:32:06,2026-08-16 15:06:07,JNY_163521437,USR_42446,STN_JPR_02,Jaipur,HIGHWAY,24.4,85.0,67.8,TYPE2_AC,22.0,False,41.09,39.13,130.73,154.02,1.178,0.4,4.0,NORMAL,False,False,AFTERNOON,True
CHG_FDCA0D8318,2026-08-16 12:37:30,2026-08-16 12:37:30,2026-08-16 13:24:28,JNY_646028859,USR_58725,STN_GGN_01,Gurugram,OFFICE,34.1,80.0,88.0,CCS2,60.0,True,40.39,38.43,44.88,46.97,1.047,0.5,0.0,NORMAL,False,False,AFTERNOON,True
CHG_7A2BF828F3,2026-08-16 12:38:41,2026-08-16 12:38:41,2026-08-16 13:10:31,JNY_717300573,USR_99592,STN_DEL_03,Delhi,HIGHWAY,34.8,80.0,58.9,CHAdeMO,75.0,True,26.62,25.37,23.66,31.84,1.345,0.2,30.0,NORMAL,False,False,AFTERNOON,True
CHG_CC387310F2,2026-08-16 12:38:57,2026-08-16 12:38:57,2026-08-16 13:05:13,JNY_743817409,USR_82551,STN_DEL_03,Delhi,HIGHWAY,16.5,85.0,62.2,CCS2,120.0,True,42.61,40.56,24.85,26.28,1.057,0.4,0.0,NORMAL,False,False,AFTERNOON,True
CHG_25FEC3045F,2026-08-16 12:41:58,2026-08-16 12:41:58,2026-08-16 13:05:30,JNY_233100956,USR_19875,STN_JPR_02,Jaipur,HIGHWAY,24.4,85.0,83.6,CCS2,150.0,True,50.66,48.72,23.64,23.55,0.996,0.4,0.0,NORMAL,False,False,AFTERNOON,True
CHG_D2F04C3682,2026-08-16 12:43:01,2026-08-16 12:43:01,2026-08-16 13:23:13,JNY_825185256,USR_28774,STN_JPR_01,Jaipur,MALL,34.6,90.0,62.5,CHAdeMO,75.0,True,34.62,33.02,33.86,40.2,1.187,0.4,6.0,NORMAL,False,False,AFTERNOON,True
CHG_19ACB0D937,2026-08-16 12:44:41,2026-08-16 12:44:41,2026-08-16 13:37:39,JNY_834468770,USR_10928,STN_JPR_01,Jaipur,MALL,36.1,85.0,85.2,CCS2,60.0,True,41.66,39.6,48.61,52.98,1.09,0.2,3.0,NORMAL,False,False,AFTERNOON,True
CHG_EA3D3423B9,2026-08-16 12:47:51,2026-08-16 12:47:51,2026-08-16 13:14:24,JNY_499018890,USR_99730,STN_DEL_01,Delhi,MALL,47.0,85.0,71.9,CCS2,90.0,True,27.32,26.39,21.25,26.56,1.25,0.2,3.0,NORMAL,False,False,AFTERNOON,True
CHG_08C8CAE1FA,2026-08-16 12:53:37,2026-08-16 12:53:37,2026-08-16 13:40:02,JNY_380593120,USR_53296,STN_DEL_01,Delhi,MALL,40.3,85.0,88.2,CCS2,60.0,True,39.43,38.79,46.0,46.43,1.009,0.4,0.0,NORMAL,False,False,AFTERNOON,True
CHG_81176777EF,2026-08-16 12:55:12,2026-08-16 12:55:12,2026-08-16 13:29:52,JNY_927011986,USR_14305,STN_GGN_01,Gurugram,OFFICE,30.2,85.0,61.7,CHAdeMO,75.0,True,33.81,32.8,31.56,34.67,1.099,0.75,0.0,NORMAL,False,False,AFTERNOON,True
CHG_46AC13F826,2026-08-16 12:55:50,2026-08-16 12:55:50,2026-08-16 13:21:44,JNY_442613285,USR_36565,STN_BLR_01,Bengaluru,OFFICE,24.1,80.0,67.0,CCS2,120.0,True,37.45,36.35,20.81,25.91,1.245,0.25,2.0,NORMAL,False,False,AFTERNOON,True
CHG_B99BAF4254,2026-08-16 13:01:55,2026-08-16 13:01:55,2026-08-16 13:29:04,JNY_439272707,USR_53110,STN_GGN_02,Gurugram,MALL,43.9,85.0,84.1,CCS2,90.0,True,34.57,32.74,26.88,27.16,1.01,0.4,0.0,NORMAL,False,False,AFTERNOON,True
CHG_84D259CC38,2026-08-16 13:05:07,2026-08-16 13:05:07,2026-08-16 13:30:13,JNY_907652294,USR_23724,STN_JPR_01,Jaipur,MALL,23.5,90.0,58.1,CCS2,150.0,True,38.64,37.01,18.89,25.11,1.329,0.2,11.0,NORMAL,False,False,AFTERNOON,True
CHG_18693AF469,2026-08-16 13:22:00,2026-08-16 13:22:00,2026-08-16 14:10:33,JNY_718398119,USR_69064,STN_GGN_01,Gurugram,OFFICE,34.9,90.0,81.2,CHAdeMO,75.0,True,44.74,43.74,43.75,48.56,1.11,0.25,3.0,NORMAL,False,False,AFTERNOON,True
CHG_DD784D8CB6,2026-08-16 13:22:34,2026-08-16 13:22:34,2026-08-16 14:16:44,JNY_761856453,USR_53011,STN_DEL_02,Delhi,OFFICE,13.2,90.0,77.2,CCS2,90.0,True,59.29,54.76,48.31,54.18,1.121,0.5,0.0,NORMAL,False,False,AFTERNOON,True
CHG_59CD6CCE68,2026-08-16 13:24:51,2026-08-16 13:24:51,2026-08-16 13:39:07,JNY_770157512,USR_20682,STN_DEL_01,Delhi,MALL,30.1,80.0,65.3,CCS2,150.0,True,32.58,31.12,14.48,14.28,0.986,0.4,0.0,NORMAL,False,False,AFTERNOON,True
CHG_67CDD0AE0D,2026-08-16 13:26:38,2026-08-16 13:26:38,2026-08-16 13:39:49,JNY_866976525,USR_83928,STN_MUM_01,Mumbai,MALL,47.7,80.0,69.0,CCS2,120.0,True,22.29,22.05,12.38,13.18,1.065,0.6,0.0,NORMAL,False,False,AFTERNOON,True
CHG_DB39537E61,2026-08-16 13:26:49,2026-08-16 13:26:49,2026-08-16 13:56:12,JNY_136472671,USR_50091,STN_BLR_01,Bengaluru,OFFICE,30.4,85.0,70.9,CCS2,90.0,True,38.71,37.16,30.11,29.39,0.976,0.5,0.0,NORMAL,False,False,AFTERNOON,True
CHG_B533285533,2026-08-16 13:29:15,2026-08-16 13:29:15,2026-08-16 15:11:30,JNY_295072368,USR_31506,STN_BLR_01,Bengaluru,OFFICE,52.2,80.0,85.3,TYPE2_AC,22.0,False,23.71,23.23,71.86,102.26,1.423,0.5,0.0,POWER_LIMITATION,True,False,AFTERNOON,True
CHG_C1F1F606D1,2026-08-16 13:31:59,2026-08-16 13:31:59,2026-08-16 19:31:59,JNY_587725515,USR_50524,STN_MUM_02,Mumbai,RESIDENTIAL,16.0,85.0,74.4,TYPE2_AC,7.2,False,51.34,50.89,499.1,360.0,0.721,0.75,5.0,NORMAL,False,False,AFTERNOON,True
CHG_0C1C2A57EE,2026-08-16 13:33:15,2026-08-16 13:33:15,2026-08-16 16:13:41,JNY_285611452,USR_73350,STN_DEL_02,Delhi,OFFICE,37.6,80.0,77.4,TYPE2_AC,22.0,False,32.82,31.3,99.45,160.44,1.613,0.25,15.0,MINOR_SLOWDOWN,True,True,AFTERNOON,True
CHG_E8F2876149,2026-08-16 13:33:19,2026-08-16 13:33:19,2026-08-16 14:48:03,JNY_641674217,USR_39854,STN_DEL_03,Delhi,HIGHWAY,19.7,80.0,89.2,CCS2,60.0,True,53.79,49.83,59.76,74.74,1.251,0.2,6.0,NORMAL,False,False,AFTERNOON,True
CHG_5C2266DC4C,2026-08-16 13:33:50,2026-08-16 13:33:50,2026-08-16 13:53:40,JNY_533929167,USR_21589,STN_DEL_03,Delhi,HIGHWAY,51.7,85.0,83.4,CCS2,120.0,True,27.77,26.99,16.2,19.85,1.225,0.2,3.0,NORMAL,False,False,AFTERNOON,True
CHG_51CA5A4B5E,2026-08-16 13:35:30,2026-08-16 13:35:30,2026-08-16 15:05:51,JNY_703290114,USR_77994,STN_DEL_03,Delhi,HIGHWAY,35.2,80.0,67.6,TYPE2_AC,22.0,False,30.28,28.91,91.77,90.36,0.985,0.6,0.0,NORMAL,False,False,AFTERNOON,True
CHG_5C31049AFB,2026-08-16 13:38:19,2026-08-16 13:38:19,2026-08-16 14:25:28,JNY_545358351,USR_54438,STN_DEL_02,Delhi,OFFICE,36.7,95.0,63.5,CCS2,90.0,True,37.02,34.46,31.54,47.16,1.495,0.25,15.0,NORMAL,False,False,AFTERNOON,True
CHG_261E301C11,2026-08-16 13:41:10,2026-08-16 13:41:10,2026-08-16 14:08:51,JNY_464951305,USR_58272,STN_DEL_01,Delhi,MALL,27.7,80.0,70.0,CCS2,90.0,True,36.61,34.75,27.12,27.69,1.021,0.6,0.0,NORMAL,False,False,AFTERNOON,True
CHG_C35D980D8F,2026-08-16 13:42:14,2026-08-16 13:42:14,2026-08-16 14:03:41,JNY_278443163,USR_69857,STN_JPR_02,Jaipur,HIGHWAY,36.9,90.0,63.7,CCS2,120.0,True,33.82,31.82,20.67,21.46,1.038,0.6,0.0,NORMAL,False,False,AFTERNOON,True
CHG_33B9E3C103,2026-08-16 13:43:26,2026-08-16 13:43:26,2026-08-16 17:56:36,JNY_488804079,USR_28215,STN_DEL_02,Delhi,OFFICE,43.1,80.0,72.8,TYPE2_AC,7.2,False,26.86,25.78,248.73,253.18,1.018,0.75,0.0,NORMAL,False,False,AFTERNOON,True
CHG_B3F6A62B1E,2026-08-16 13:50:53,2026-08-16 13:50:53,2026-08-16 14:16:49,JNY_438814547,USR_22975,STN_GGN_01,Gurugram,OFFICE,22.9,90.0,55.6,CCS2,120.0,True,37.31,35.25,22.8,25.95,1.138,0.5,10.0,NORMAL,False,False,AFTERNOON,True
CHG_19B4F6DADE,2026-08-16 13:53:27,2026-08-16 13:53:27,2026-08-16 14:11:08,JNY_625896974,USR_47701,STN_JPR_02,Jaipur,HIGHWAY,52.7,80.0,79.7,CCS2,90.0,True,21.76,20.62,16.12,17.69,1.097,0.6,0.0,NORMAL,False,False,AFTERNOON,True
CHG_788654C319,2026-08-16 13:53:31,2026-08-16 13:53:31,2026-08-16 14:27:10,JNY_345612402,USR_59543,STN_BLR_01,Bengaluru,OFFICE,32.4,90.0,71.1,CCS2,90.0,True,40.95,39.65,33.37,33.65,1.009,0.75,4.0,NORMAL,False,False,AFTERNOON,True
CHG_760F8E25AC,2026-08-16 13:53:56,2026-08-16 13:53:56,2026-08-16 14:20:38,JNY_347638247,USR_19539,STN_GGN_01,Gurugram,OFFICE,36.8,90.0,68.5,CCS2,150.0,True,36.44,34.72,17.82,26.71,1.499,0.25,24.0,NORMAL,False,False,AFTERNOON,True
CHG_02B57513E5,2026-08-16 13:57:44,2026-08-16 13:57:44,2026-08-16 14:53:50,JNY_781786387,USR_82672,STN_GGN_01,Gurugram,OFFICE,28.5,90.0,90.0,CCS2,90.0,True,55.35,54.14,45.1,56.12,1.244,0.25,4.0,NORMAL,False,False,AFTERNOON,True
CHG_581989CCFC,2026-08-16 13:58:56,2026-08-16 13:58:56,2026-08-16 14:56:00,JNY_841093510,USR_72673,STN_MUM_01,Mumbai,MALL,49.7,90.0,88.5,CHAdeMO,50.0,True,35.67,34.05,52.31,57.07,1.091,0.6,2.0,NORMAL,False,False,AFTERNOON,True
CHG_0F17049121,2026-08-16 13:59:38,2026-08-16 13:59:38,2026-08-16 14:29:05,JNY_243202045,USR_87226,STN_MUM_02,Mumbai,RESIDENTIAL,33.2,80.0,88.6,CHAdeMO,100.0,True,41.46,40.13,27.64,29.46,1.066,1.0,4.0,NORMAL,False,False,AFTERNOON,True
CHG_CA1E3447CC,2026-08-16 14:01:16,2026-08-16 14:01:16,2026-08-16 14:27:00,JNY_430071529,USR_68021,STN_MUM_02,Mumbai,RESIDENTIAL,29.0,85.0,78.0,CCS2,120.0,True,43.68,42.12,25.48,25.74,1.01,1.0,0.0,NORMAL,False,False,AFTERNOON,True
CHG_C5DAF1084E,2026-08-16 14:02:08,2026-08-16 14:02:08,2026-08-16 20:02:08,JNY_629874496,USR_31498,STN_MUM_01,Mumbai,MALL,26.0,85.0,70.0,TYPE2_AC,11.0,False,41.3,39.14,262.82,360.0,1.37,0.2,4.0,MINOR_SLOWDOWN,True,False,AFTERNOON,True
CHG_803B217DFC,2026-08-16 14:11:08,2026-08-16 14:11:08,2026-08-16 20:11:08,JNY_283199285,USR_50172,STN_DEL_03,Delhi,HIGHWAY,29.5,90.0,76.6,TYPE2_AC,7.2,False,46.34,44.6,472.01,360.0,0.763,0.2,10.0,NORMAL,False,False,AFTERNOON,True
CHG_73B1B95B19,2026-08-16 14:14:13,2026-08-16 14:14:13,2026-08-16 14:39:04,JNY_206288899,USR_96210,STN_MUM_01,Mumbai,MALL,26.7,85.0,72.4,CCS2,120.0,True,42.21,39.94,24.62,24.86,1.01,0.6,0.0,NORMAL,False,False,AFTERNOON,True
CHG_2CC2BFA9E6,2026-08-16 14:20:10,2026-08-16 14:20:10,2026-08-16 14:39:43,JNY_284804333,USR_48577,STN_DEL_03,Delhi,HIGHWAY,29.4,80.0,63.3,CCS2,120.0,True,32.03,31.54,17.79,19.55,1.099,0.4,0.0,NORMAL,False,False,AFTERNOON,True
CHG_C8915DA865,2026-08-16 14:22:28,2026-08-16 14:22:28,2026-08-16 15:02:06,JNY_310375099,USR_93130,STN_DEL_02,Delhi,OFFICE,38.2,85.0,67.3,CCS2,60.0,True,31.5,30.04,36.75,39.64,1.079,0.5,2.0,NORMAL,False,False,AFTERNOON,True
CHG_FEF1AC8E9B,2026-08-16 14:22:53,2026-08-16 14:22:53,2026-08-16 14:35:21,JNY_696934787,USR_16649,STN_BLR_01,Bengaluru,OFFICE,54.1,80.0,65.0,CCS2,120.0,True,16.84,15.8,9.35,12.48,1.334,0.25,6.0,NORMAL,False,False,AFTERNOON,True
CHG_98EDDD6E57,2026-08-16 14:24:04,2026-08-16 14:24:04,2026-08-16 14:58:46,JNY_547583882,USR_57240,STN_MUM_01,Mumbai,MALL,28.0,90.0,90.0,CCS2,120.0,True,55.8,53.54,34.1,34.71,1.018,0.6,0.0,NORMAL,False,False,AFTERNOON,True
CHG_840A18F76B,2026-08-16 14:29:31,2026-08-16 14:29:31,2026-08-16 14:49:24,JNY_310320216,USR_59812,STN_MUM_01,Mumbai,MALL,39.4,80.0,67.6,CCS2,120.0,True,27.45,25.99,15.25,19.89,1.305,0.2,15.0,NORMAL,False,False,AFTERNOON,True
CHG_D720C60424,2026-08-16 14:29:33,2026-08-16 14:29:33,2026-08-16 14:51:30,JNY_122912262,USR_62676,STN_BLR_01,Bengaluru,OFFICE,36.7,80.0,63.4,CCS2,90.0,True,27.45,26.84,20.33,21.96,1.08,0.25,2.0,NORMAL,False,False,AFTERNOON,True
CHG_68A97115CA,2026-08-16 14:29:44,2026-08-16 14:29:44,2026-08-16 19:58:09,JNY_820771262,USR_99505,STN_DEL_02,Delhi,OFFICE,28.0,90.0,65.1,TYPE2_AC,11.0,False,40.36,38.57,269.08,328.43,1.221,0.25,5.0,NORMAL,False,False,AFTERNOON,True
CHG_525814987B,2026-08-16 14:30:12,2026-08-16 14:30:12,2026-08-16 20:09:13,JNY_814837642,USR_81650,STN_GGN_02,Gurugram,MALL,30.5,80.0,69.8,TYPE2_AC,7.2,False,34.55,33.37,319.92,339.02,1.06,0.4,0.0,NORMAL,False,False,AFTERNOON,True
CHG_CBD898E589,2026-08-16 14:31:09,2026-08-16 14:31:09,2026-08-16 14:52:57,JNY_636797984,USR_97397,STN_MUM_02,Mumbai,RESIDENTIAL,37.2,85.0,76.1,CCS2,120.0,True,36.38,34.98,21.22,21.8,1.028,1.0,0.0,NORMAL,False,False,AFTERNOON,True
CHG_4EE231381F,2026-08-16 14:31:24,2026-08-16 14:31:24,2026-08-16 17:41:42,JNY_933317614,USR_79801,STN_BLR_01,Bengaluru,OFFICE,32.1,90.0,75.4,TYPE2_AC,22.0,False,43.66,42.3,145.52,190.31,1.308,0.25,11.0,NORMAL,False,False,AFTERNOON,True
CHG_F3956A7D3A,2026-08-16 14:41:36,2026-08-16 14:41:36,2026-08-16 14:56:30,JNY_856837790,USR_56645,STN_DEL_03,Delhi,HIGHWAY,34.7,80.0,71.6,CCS2,150.0,True,32.43,31.34,14.42,14.91,1.035,0.6,4.0,NORMAL,False,False,AFTERNOON,True
CHG_53D40B2581,2026-08-16 14:44:14,2026-08-16 14:44:14,2026-08-16 17:24:01,JNY_810003611,USR_70230,STN_MUM_02,Mumbai,RESIDENTIAL,51.8,85.0,71.0,TYPE2_AC,11.0,False,23.57,22.31,150.0,159.78,1.065,0.5,0.0,NORMAL,False,False,AFTERNOON,True
CHG_3F45834548,2026-08-16 14:49:49,2026-08-16 14:49:49,2026-08-16 15:13:04,JNY_279128454,USR_15404,STN_JPR_01,Jaipur,MALL,31.4,90.0,74.3,CCS2,150.0,True,43.54,41.24,21.29,23.25,1.092,0.8,0.0,NORMAL,False,False,AFTERNOON,True
CHG_0EC69369EE,2026-08-16 15:00:23,2026-08-16 15:00:23,2026-08-16 15:23:31,JNY_799648658,USR_65037,STN_JPR_01,Jaipur,MALL,51.4,80.0,86.2,CHAdeMO,75.0,True,24.65,23.94,21.91,23.14,1.056,0.8,0.0,NORMAL,False,False,AFTERNOON,True
CHG_39E92F1D67,2026-08-16 15:01:44,2026-08-16 15:01:44,2026-08-16 15:36:37,JNY_140007010,USR_95973,STN_GGN_02,Gurugram,MALL,41.2,90.0,78.7,CHAdeMO,75.0,True,38.41,36.94,37.55,34.89,0.929,0.6,0.0,NORMAL,False,False,AFTERNOON,True
CHG_F83AF0F767,2026-08-16 15:03:46,2026-08-16 15:03:46,2026-08-16 16:19:49,JNY_496241791,USR_85047,STN_DEL_02,Delhi,OFFICE,17.8,80.0,83.5,CHAdeMO,75.0,True,51.94,49.98,46.17,76.06,1.647,0.0,31.0,NORMAL,False,True,AFTERNOON,True
CHG_EF5327B608,2026-08-16 15:05:02,2026-08-16 15:05:02,2026-08-16 15:25:34,JNY_404487246,USR_44837,STN_JPR_02,Jaipur,HIGHWAY,47.0,85.0,90.0,CCS2,150.0,True,34.2,32.92,15.96,20.54,1.287,0.2,8.0,NORMAL,False,False,AFTERNOON,True
CHG_DFC7C0A60F,2026-08-16 15:11:57,2026-08-16 15:11:57,2026-08-16 15:46:24,JNY_550732179,USR_92972,STN_DEL_03,Delhi,HIGHWAY,23.3,80.0,64.5,CHAdeMO,75.0,True,36.57,35.73,32.51,34.47,1.06,0.6,0.0,NORMAL,False,False,AFTERNOON,True
CHG_C3B115B754,2026-08-16 15:12:34,2026-08-16 15:12:34,2026-08-16 16:00:55,JNY_707666364,USR_91752,STN_GGN_02,Gurugram,MALL,18.8,85.0,90.0,CCS2,90.0,True,59.58,56.87,46.34,48.37,1.044,0.6,0.0,NORMAL,False,False,AFTERNOON,True
CHG_968598981D,2026-08-16 15:15:42,2026-08-16 15:15:42,2026-08-16 16:07:20,JNY_985384780,USR_41535,STN_JPR_01,Jaipur,MALL,35.8,80.0,75.9,CHAdeMO,50.0,True,33.55,32.68,44.73,51.65,1.155,0.4,0.0,NORMAL,False,False,AFTERNOON,True
CHG_39E3E2BB31,2026-08-16 15:16:54,2026-08-16 15:16:54,2026-08-16 15:45:32,JNY_110387166,USR_69382,STN_BLR_01,Bengaluru,OFFICE,16.9,85.0,80.4,CCS2,150.0,True,54.75,51.45,25.55,28.65,1.121,0.5,0.0,NORMAL,False,False,AFTERNOON,True
CHG_2835592E70,2026-08-16 15:19:19,2026-08-16 15:19:19,2026-08-16 15:32:50,JNY_633586602,USR_80849,STN_DEL_01,Delhi,MALL,32.8,80.0,62.1,CCS2,150.0,True,29.31,28.54,13.03,13.53,1.039,0.4,0.0,NORMAL,False,False,AFTERNOON,True
CHG_3542C133E8,2026-08-16 15:20:01,2026-08-16 15:20:01,2026-08-16 16:45:35,JNY_914623939,USR_85288,STN_DEL_01,Delhi,MALL,24.6,85.0,76.4,CHAdeMO,50.0,True,46.15,44.93,64.6,85.57,1.325,0.4,9.0,NORMAL,False,False,AFTERNOON,True
CHG_AEB094B7A7,2026-08-16 15:23:11,2026-08-16 15:23:11,2026-08-16 15:33:31,JNY_793446866,USR_62140,STN_MUM_02,Mumbai,RESIDENTIAL,52.7,85.0,57.0,CCS2,120.0,True,18.41,17.57,10.74,10.35,0.964,1.0,0.0,NORMAL,False,False,AFTERNOON,True
CHG_3AE012D903,2026-08-16 15:26:15,2026-08-16 15:26:15,2026-08-16 16:11:15,JNY_458996573,USR_56723,STN_BLR_01,Bengaluru,OFFICE,24.8,95.0,72.0,CHAdeMO,100.0,True,50.54,49.31,38.75,45.01,1.162,0.5,0.0,MINOR_SLOWDOWN,True,False,AFTERNOON,True
CHG_482E18BE76,2026-08-16 15:27:09,2026-08-16 15:27:09,2026-08-16 16:03:03,JNY_228140065,USR_15271,STN_MUM_02,Mumbai,RESIDENTIAL,13.0,85.0,56.6,CCS2,90.0,True,40.75,38.8,31.7,35.91,1.133,1.0,0.0,MINOR_SLOWDOWN,True,False,AFTERNOON,True
CHG_79415FEE30,2026-08-16 15:33:17,2026-08-16 15:33:17,2026-08-16 17:43:43,JNY_920428595,USR_49179,STN_GGN_02,Gurugram,MALL,36.1,85.0,82.4,TYPE2_AC,22.0,False,40.29,38.42,128.21,130.44,1.017,0.8,0.0,NORMAL,False,False,AFTERNOON,True
CHG_24415B8645,2026-08-16 15:37:22,2026-08-16 15:37:22,2026-08-16 16:14:21,JNY_168068115,USR_21594,STN_JPR_02,Jaipur,HIGHWAY,21.9,80.0,79.9,CCS2,90.0,True,46.42,43.99,34.39,36.99,1.076,0.4,0.0,NORMAL,False,False,AFTERNOON,True
CHG_2D81E9492D,2026-08-16 15:39:09,2026-08-16 15:39:09,2026-08-16 15:55:12,JNY_510159407,USR_99486,STN_MUM_02,Mumbai,RESIDENTIAL,37.2,85.0,70.1,CCS2,150.0,True,33.51,33.1,15.64,16.06,1.027,0.5,0.0,NORMAL,False,False,AFTERNOON,True
CHG_FF509FEF9E,2026-08-16 15:53:53,2026-08-16 15:53:53,2026-08-16 16:49:15,JNY_721911348,USR_20757,STN_DEL_02,Delhi,OFFICE,13.3,80.0,77.5,CCS2,60.0,True,51.69,48.83,57.44,55.38,0.964,0.75,0.0,NORMAL,False,False,AFTERNOON,True
CHG_182A6CC4B7,2026-08-16 15:53:56,2026-08-16 15:53:56,2026-08-16 16:28:43,JNY_544262851,USR_73170,STN_MUM_01,Mumbai,MALL,23.1,80.0,70.6,CHAdeMO,75.0,True,40.17,38.14,35.71,34.78,0.974,0.6,0.0,NORMAL,False,False,AFTERNOON,True
CHG_2CE03220BA,2026-08-16 15:57:36,2026-08-16 15:57:36,2026-08-16 17:52:51,JNY_127820848,USR_10177,STN_BLR_01,Bengaluru,OFFICE,16.1,80.0,63.4,TYPE2_AC,22.0,False,40.51,39.0,122.77,115.27,0.939,0.75,0.0,NORMAL,False,False,AFTERNOON,True
CHG_BAFC7FDFDF,2026-08-16 15:58:07,2026-08-16 15:58:07,2026-08-16 17:07:19,JNY_471483843,USR_73925,STN_GGN_02,Gurugram,MALL,15.6,80.0,89.6,CCS2,60.0,True,57.7,55.8,64.11,69.21,1.08,0.8,0.0,NORMAL,False,False,AFTERNOON,True
CHG_0885BB04EF,2026-08-16 15:58:26,2026-08-16 15:58:26,2026-08-16 16:29:27,JNY_353508630,USR_15533,STN_DEL_02,Delhi,OFFICE,17.2,85.0,62.3,CCS2,120.0,True,42.24,40.72,24.64,31.03,1.259,0.25,2.0,NORMAL,False,False,AFTERNOON,True
CHG_EE3E161A55,2026-08-16 16:00:19,2026-08-16 16:00:19,2026-08-16 16:20:01,JNY_301492814,USR_22522,STN_BLR_01,Bengaluru,OFFICE,45.1,80.0,83.0,CCS2,150.0,True,28.97,27.45,12.87,19.71,1.531,0.0,32.0,NORMAL,False,True,AFTERNOON,True
CHG_9B52571530,2026-08-16 16:00:52,2026-08-16 16:00:52,2026-08-16 16:17:10,JNY_548165260,USR_88849,STN_MUM_02,Mumbai,RESIDENTIAL,28.6,80.0,61.3,CCS2,120.0,True,31.51,29.87,17.5,16.31,0.932,1.0,0.0,NORMAL,False,False,AFTERNOON,True
CHG_509B4BD85E,2026-08-16 16:06:36,2026-08-16 16:06:36,2026-08-16 16:21:35,JNY_960557770,USR_11192,STN_DEL_03,Delhi,HIGHWAY,26.8,80.0,61.2,CCS2,150.0,True,32.56,31.45,14.47,14.99,1.036,0.6,0.0,NORMAL,False,False,AFTERNOON,True
CHG_89DDF55812,2026-08-16 16:06:39,2026-08-16 16:06:39,2026-08-16 16:36:43,JNY_850539715,USR_44076,STN_BLR_01,Bengaluru,OFFICE,19.3,85.0,73.2,CCS2,120.0,True,48.09,45.78,28.05,30.07,1.072,0.5,0.0,NORMAL,False,False,AFTERNOON,True
CHG_976C23E7A9,2026-08-16 16:08:18,2026-08-16 16:08:18,2026-08-16 16:30:30,JNY_980935939,USR_45454,STN_DEL_03,Delhi,HIGHWAY,49.9,90.0,71.4,CCS2,90.0,True,28.63,27.4,23.33,22.2,0.952,0.8,0.0,NORMAL,False,False,AFTERNOON,True
CHG_E5CBEB77F4,2026-08-16 16:12:27,2026-08-16 16:12:27,2026-08-16 18:06:17,JNY_564702903,USR_94091,STN_MUM_02,Mumbai,RESIDENTIAL,31.6,80.0,83.3,TYPE2_AC,22.0,False,40.32,38.7,122.17,113.85,0.932,1.0,0.0,NORMAL,False,False,AFTERNOON,True
CHG_A51FE9209D,2026-08-16 16:19:17,2026-08-16 16:19:17,2026-08-16 18:00:44,JNY_917082159,USR_88684,STN_BLR_01,Bengaluru,OFFICE,56.4,85.0,88.4,TYPE2_AC,22.0,False,25.28,24.71,80.44,101.46,1.261,0.25,8.0,NORMAL,False,False,AFTERNOON,True
CHG_B386A77B32,2026-08-16 16:23:27,2026-08-16 16:23:27,2026-08-16 21:09:00,JNY_534059251,USR_18319,STN_BLR_01,Bengaluru,OFFICE,36.7,80.0,86.2,TYPE2_AC,11.0,False,37.32,35.31,226.21,285.55,1.262,0.25,8.0,NORMAL,False,False,AFTERNOON,True
CHG_8236B04740,2026-08-16 16:24:39,2026-08-16 16:24:39,2026-08-16 20:11:46,JNY_775780099,USR_91706,STN_DEL_01,Delhi,MALL,41.5,80.0,67.1,TYPE2_AC,7.2,False,25.83,25.52,239.2,227.13,0.95,0.8,0.0,NORMAL,False,False,AFTERNOON,True
CHG_A988E4ED69,2026-08-16 16:27:56,2026-08-16 16:27:56,2026-08-16 16:54:04,JNY_492476653,USR_17575,STN_MUM_02,Mumbai,RESIDENTIAL,28.5,80.0,67.9,CCS2,90.0,True,34.97,32.93,25.9,26.14,1.009,1.0,5.0,NORMAL,False,False,AFTERNOON,True
CHG_94D5A58BF3,2026-08-16 16:35:08,2026-08-16 16:35:08,2026-08-16 17:11:39,JNY_304411389,USR_96970,STN_MUM_01,Mumbai,MALL,19.6,85.0,86.1,CCS2,120.0,True,56.31,55.57,32.85,36.52,1.112,0.4,0.0,NORMAL,False,False,AFTERNOON,True
CHG_34AEF9DE25,2026-08-16 16:41:09,2026-08-16 16:41:09,2026-08-16 17:44:01,JNY_902627466,USR_37022,STN_GGN_02,Gurugram,MALL,62.0,85.0,75.9,TYPE2_AC,22.0,False,17.46,16.73,55.55,62.87,1.132,0.2,2.0,NORMAL,False,False,AFTERNOON,True
CHG_D9A7FEB057,2026-08-16 16:56:21,2026-08-16 16:56:21,2026-08-16 18:50:21,JNY_968252821,USR_10009,STN_BLR_01,Bengaluru,OFFICE,38.3,85.0,75.4,TYPE2_AC,22.0,False,35.21,34.62,112.04,114.01,1.018,0.5,0.0,NORMAL,False,False,AFTERNOON,True
CHG_2C24B43D99,2026-08-16 16:58:00,2026-08-16 16:58:00,2026-08-16 20:56:52,JNY_216387152,USR_56498,STN_JPR_01,Jaipur,MALL,39.6,80.0,82.9,TYPE2_AC,11.0,False,33.49,32.18,202.98,238.88,1.177,0.6,5.0,NORMAL,False,False,AFTERNOON,True
CHG_0A7743BAC4,2026-08-16 17:06:59,2026-08-16 17:06:59,2026-08-16 18:05:27,JNY_408465776,USR_32312,STN_BLR_01,Bengaluru,OFFICE,30.3,80.0,88.8,CHAdeMO,75.0,True,44.13,43.21,39.23,58.47,1.491,0.0,14.0,NORMAL,False,False,EVENING,True
CHG_041085B28A,2026-08-16 17:12:35,2026-08-16 17:12:35,2026-08-16 18:00:06,JNY_518220822,USR_85148,STN_MUM_01,Mumbai,MALL,48.1,90.0,72.1,CCS2,60.0,True,30.21,29.1,36.92,47.53,1.287,0.2,8.0,NORMAL,False,False,EVENING,True
CHG_EB2EBE9319,2026-08-16 17:13:09,2026-08-16 17:13:09,2026-08-16 19:16:15,JNY_484398287,USR_41273,STN_GGN_02,Gurugram,MALL,28.7,80.0,71.0,TYPE2_AC,22.0,False,36.42,34.3,110.37,123.1,1.115,0.4,0.0,NORMAL,False,False,EVENING,True
CHG_10D65207FF,2026-08-16 17:13:30,2026-08-16 17:13:30,2026-08-16 23:13:30,JNY_499286810,USR_31913,STN_MUM_01,Mumbai,MALL,31.9,90.0,79.4,TYPE2_AC,11.0,False,46.13,44.33,307.54,360.0,1.171,0.2,5.0,NORMAL,False,False,EVENING,True
CHG_841B3DB5DD,2026-08-16 17:33:04,2026-08-16 17:33:04,2026-08-16 18:02:38,JNY_785526891,USR_94560,STN_MUM_02,Mumbai,RESIDENTIAL,51.1,90.0,59.9,CCS2,90.0,True,23.3,21.86,18.99,29.57,1.558,0.5,8.0,POWER_LIMITATION,True,True,EVENING,True
CHG_370F5F32B5,2026-08-16 17:36:50,2026-08-16 17:36:50,2026-08-16 18:03:36,JNY_650762017,USR_83838,STN_MUM_02,Mumbai,RESIDENTIAL,27.9,90.0,75.5,CCS2,120.0,True,46.89,45.19,28.65,26.78,0.935,1.0,0.0,NORMAL,False,False,EVENING,True
CHG_4DF1D46690,2026-08-16 18:01:24,2026-08-16 18:01:24,2026-08-16 18:36:21,JNY_334487121,USR_55383,STN_JPR_02,Jaipur,HIGHWAY,19.2,85.0,77.0,CCS2,120.0,True,50.67,48.96,29.56,34.96,1.183,0.2,4.0,NORMAL,False,False,EVENING,True
CHG_D8B845CFF7,2026-08-16 18:03:07,2026-08-16 18:03:07,2026-08-16 18:52:36,JNY_569866581,USR_17940,STN_GGN_02,Gurugram,MALL,17.9,90.0,57.6,CCS2,60.0,True,41.53,39.82,50.76,49.49,0.975,0.4,0.0,NORMAL,False,False,EVENING,True
CHG_FFEBD3AFAE,2026-08-16 18:03:33,2026-08-16 18:03:33,2026-08-16 18:31:08,JNY_516231288,USR_71080,STN_MUM_02,Mumbai,RESIDENTIAL,29.1,90.0,68.9,CCS2,120.0,True,41.96,40.88,25.64,27.59,1.076,1.0,1.0,NORMAL,False,False,EVENING,True
CHG_17EC1F2B44,2026-08-16 18:04:27,2026-08-16 18:04:27,2026-08-16 18:37:53,JNY_739291796,USR_39746,STN_GGN_02,Gurugram,MALL,20.6,90.0,82.1,CCS2,150.0,True,56.98,54.44,27.86,33.43,1.2,0.4,3.0,NORMAL,False,False,EVENING,True
CHG_7DF5449B90,2026-08-16 18:07:25,2026-08-16 18:07:25,2026-08-16 18:30:11,JNY_889175397,USR_35892,STN_BLR_01,Bengaluru,OFFICE,56.1,85.0,76.9,CHAdeMO,75.0,True,22.22,21.55,20.74,22.77,1.098,0.25,2.0,NORMAL,False,False,EVENING,True
CHG_00DA02DC88,2026-08-16 18:07:31,2026-08-16 18:07:31,2026-08-16 18:32:27,JNY_931548642,USR_70300,STN_MUM_02,Mumbai,RESIDENTIAL,21.4,80.0,69.2,CCS2,120.0,True,40.55,38.96,22.53,24.95,1.107,0.75,0.0,MINOR_SLOWDOWN,True,False,EVENING,True
CHG_D6328DA11C,2026-08-16 18:21:23,2026-08-16 18:21:23,2026-08-16 18:54:04,JNY_939818061,USR_37905,STN_DEL_02,Delhi,OFFICE,26.3,85.0,66.8,CCS2,120.0,True,39.21,37.31,22.87,32.69,1.429,0.25,14.0,NORMAL,False,False,EVENING,True
CHG_FBD99B1FC5,2026-08-16 18:25:03,2026-08-16 18:25:03,2026-08-16 18:39:38,JNY_699325580,USR_17465,STN_MUM_02,Mumbai,RESIDENTIAL,49.8,80.0,65.8,CCS2,90.0,True,19.87,18.98,14.72,14.6,0.992,0.75,0.0,NORMAL,False,False,EVENING,True
CHG_63EE65B635,2026-08-16 18:25:55,2026-08-16 18:25:55,2026-08-16 19:19:59,JNY_688134207,USR_88833,STN_JPR_01,Jaipur,MALL,31.8,85.0,81.1,CCS2,90.0,True,43.15,40.44,33.56,54.08,1.611,0.0,16.0,NORMAL,False,True,EVENING,True
CHG_3B3D65DE96,2026-08-16 18:31:20,2026-08-16 18:31:20,2026-08-16 19:13:39,JNY_113899802,USR_85855,STN_BLR_01,Bengaluru,OFFICE,18.7,80.0,84.0,CCS2,90.0,True,51.49,49.69,38.14,42.33,1.11,0.25,2.0,NORMAL,False,False,EVENING,True
CHG_CEC3DFAFC8,2026-08-16 18:33:14,2026-08-16 18:33:14,2026-08-16 19:00:07,JNY_370727570,USR_42635,STN_GGN_01,Gurugram,OFFICE,26.5,90.0,61.3,CCS2,120.0,True,38.93,37.61,23.79,26.88,1.13,0.5,10.0,NORMAL,False,False,EVENING,True
CHG_48CAEB8FB6,2026-08-16 18:36:57,2026-08-16 18:36:57,2026-08-16 20:38:15,JNY_424929348,USR_16660,STN_MUM_02,Mumbai,RESIDENTIAL,38.7,85.0,88.2,TYPE2_AC,22.0,False,40.84,40.1,129.93,121.31,0.934,1.0,0.0,NORMAL,False,False,EVENING,True
CHG_CD38E38B00,2026-08-16 18:37:09,2026-08-16 18:37:09,2026-08-16 19:24:16,JNY_350494561,USR_10354,STN_JPR_01,Jaipur,MALL,20.5,90.0,70.7,CCS2,120.0,True,49.14,46.71,30.03,47.13,1.57,0.0,13.0,NORMAL,False,True,EVENING,True
CHG_400A2C61E8,2026-08-16 18:53:55,2026-08-16 18:53:55,2026-08-16 19:58:22,JNY_588522121,USR_52078,STN_DEL_01,Delhi,MALL,53.4,80.0,76.1,TYPE2_AC,22.0,False,20.24,19.22,61.34,64.46,1.051,0.6,0.0,NORMAL,False,False,EVENING,True
CHG_A1EC1CF332,2026-08-16 19:01:25,2026-08-16 19:01:25,2026-08-16 22:58:31,JNY_486744199,USR_47015,STN_MUM_02,Mumbai,RESIDENTIAL,29.4,90.0,61.6,TYPE2_AC,11.0,False,37.33,35.62,248.86,237.12,0.953,0.75,0.0,NORMAL,False,False,EVENING,True
CHG_0FF6932EE5,2026-08-16 19:08:44,2026-08-16 19:08:44,2026-08-16 20:01:08,JNY_686622607,USR_23781,STN_MUM_02,Mumbai,RESIDENTIAL,22.7,85.0,79.9,CHAdeMO,75.0,True,49.78,47.59,46.46,52.4,1.128,0.5,2.0,NORMAL,False,False,EVENING,True
CHG_86DD953771,2026-08-16 19:08:51,2026-08-16 19:08:51,2026-08-16 19:39:42,JNY_152027283,USR_47730,STN_DEL_01,Delhi,MALL,38.1,80.0,67.3,CCS2,60.0,True,28.2,27.35,31.33,30.87,0.985,0.6,0.0,NORMAL,False,False,EVENING,True
CHG_A40D30B47B,2026-08-16 19:12:15,2026-08-16 19:12:15,2026-08-16 19:30:32,JNY_669806755,USR_77339,STN_DEL_02,Delhi,OFFICE,49.4,90.0,57.9,CHAdeMO,100.0,True,23.51,22.91,17.24,18.3,1.062,0.5,0.0,NORMAL,False,False,EVENING,True
CHG_8B0D1CB85E,2026-08-16 19:17:25,2026-08-16 19:17:25,2026-08-16 21:53:58,JNY_798671408,USR_44588,STN_BLR_01,Bengaluru,OFFICE,24.0,85.0,75.0,TYPE2_AC,22.0,False,45.75,44.24,145.57,156.55,1.075,1.0,0.0,NORMAL,False,False,EVENING,True
CHG_108D40F9E5,2026-08-16 19:18:17,2026-08-16 19:18:17,2026-08-16 19:47:15,JNY_253591940,USR_33343,STN_DEL_01,Delhi,MALL,26.7,80.0,67.8,CCS2,90.0,True,36.14,35.68,26.77,28.97,1.082,0.4,3.0,NORMAL,False,False,EVENING,True
CHG_97FDA8B0EF,2026-08-16 19:22:40,2026-08-16 19:22:40,2026-08-16 19:54:47,JNY_851373830,USR_66355,STN_MUM_02,Mumbai,RESIDENTIAL,30.0,80.0,56.1,CCS2,90.0,True,28.05,27.21,20.78,32.12,1.546,0.0,21.0,NORMAL,False,True,EVENING,True
CHG_E3501D1122,2026-08-16 19:24:19,2026-08-16 19:24:19,2026-08-16 23:11:45,JNY_149404453,USR_64409,STN_MUM_02,Mumbai,RESIDENTIAL,20.8,85.0,78.5,TYPE2_AC,22.0,False,50.4,48.46,160.35,227.45,1.418,0.0,7.0,NORMAL,False,False,EVENING,True
CHG_F686CD6525,2026-08-16 19:25:21,2026-08-16 19:25:21,2026-08-16 19:55:39,JNY_421781174,USR_71280,STN_MUM_01,Mumbai,MALL,49.0,90.0,81.8,CCS2,90.0,True,33.54,33.12,27.33,30.31,1.109,0.2,3.0,NORMAL,False,False,EVENING,True
CHG_5B035CD12C,2026-08-16 19:26:53,2026-08-16 19:26:53,2026-08-17 01:26:53,JNY_549428616,USR_54502,STN_GGN_01,Gurugram,OFFICE,21.9,90.0,64.5,TYPE2_AC,7.2,False,43.92,43.21,447.38,360.0,0.805,0.75,0.0,NORMAL,False,False,EVENING,True
CHG_2BE502F0B8,2026-08-16 19:39:07,2026-08-16 19:39:07,2026-08-16 20:09:22,JNY_235127131,USR_35027,STN_DEL_02,Delhi,OFFICE,18.8,95.0,64.7,CCS2,120.0,True,49.3,48.88,31.5,30.25,0.96,1.0,0.0,NORMAL,False,False,EVENING,True
CHG_D92666CAB8,2026-08-16 19:46:54,2026-08-16 19:46:54,2026-08-16 22:08:14,JNY_351959541,USR_28594,STN_GGN_02,Gurugram,MALL,60.5,80.0,80.2,TYPE2_AC,7.2,False,15.64,14.71,144.81,141.35,0.976,0.6,0.0,NORMAL,False,False,EVENING,True
CHG_6955A42A2A,2026-08-16 19:49:28,2026-08-16 19:49:28,2026-08-17 00:32:55,JNY_939704134,USR_74938,STN_GGN_02,Gurugram,MALL,32.9,85.0,74.3,TYPE2_AC,11.0,False,38.71,36.39,246.34,283.46,1.151,0.4,0.0,NORMAL,False,False,EVENING,True
CHG_2D7824A2BC,2026-08-16 19:51:01,2026-08-16 19:51:01,2026-08-16 20:47:47,JNY_426264127,USR_75800,STN_GGN_01,Gurugram,OFFICE,38.3,85.0,74.6,CHAdeMO,50.0,True,34.84,33.75,48.77,56.78,1.164,0.5,6.0,NORMAL,False,False,EVENING,True
CHG_B64F121CB1,2026-08-16 19:55:54,2026-08-16 19:55:54,2026-08-16 20:42:10,JNY_874516485,USR_28176,STN_MUM_01,Mumbai,MALL,14.2,80.0,65.1,CCS2,90.0,True,42.84,39.91,31.73,46.28,1.459,0.0,20.0,NORMAL,False,False,EVENING,True
CHG_7C4480E0AC,2026-08-16 19:57:37,2026-08-16 19:57:37,2026-08-16 20:33:10,JNY_107077205,USR_18598,STN_BLR_01,Bengaluru,OFFICE,32.2,95.0,87.3,CCS2,150.0,True,54.82,52.34,28.02,35.55,1.269,0.5,7.0,NORMAL,False,False,EVENING,True
CHG_A471B73F1A,2026-08-16 20:02:02,2026-08-16 20:02:02,2026-08-16 20:26:53,JNY_940259948,USR_29438,STN_GGN_01,Gurugram,OFFICE,42.9,85.0,81.1,CHAdeMO,100.0,True,34.14,32.07,23.9,24.86,1.04,0.75,1.0,NORMAL,False,False,EVENING,True
CHG_1F9050D4EF,2026-08-16 20:05:10,2026-08-16 20:05:10,2026-08-16 20:37:02,JNY_544817443,USR_19449,STN_MUM_01,Mumbai,MALL,12.7,85.0,71.9,CCS2,150.0,True,51.98,50.23,24.26,31.88,1.314,0.2,13.0,NORMAL,False,False,EVENING,True
CHG_B1023FDC0B,2026-08-16 20:09:45,2026-08-16 20:09:45,2026-08-16 20:56:38,JNY_955272529,USR_46697,STN_GGN_02,Gurugram,MALL,37.3,80.0,74.1,CCS2,60.0,True,31.64,30.52,35.16,46.89,1.334,0.2,5.0,NORMAL,False,False,EVENING,True
CHG_554864045E,2026-08-16 20:10:16,2026-08-16 20:10:16,2026-08-17 01:33:13,JNY_141016197,USR_53101,STN_JPR_02,Jaipur,HIGHWAY,29.2,85.0,83.1,TYPE2_AC,11.0,False,46.37,44.9,295.08,322.95,1.094,0.2,2.0,NORMAL,False,False,EVENING,True
CHG_B7AF7228FC,2026-08-16 20:10:42,2026-08-16 20:10:42,2026-08-16 21:59:50,JNY_151639771,USR_45510,STN_BLR_01,Bengaluru,OFFICE,24.3,80.0,62.6,TYPE2_AC,22.0,False,34.87,33.98,105.66,109.14,1.033,1.0,3.0,NORMAL,False,False,EVENING,True
CHG_7272D0978B,2026-08-16 20:13:02,2026-08-16 20:13:02,2026-08-16 20:33:12,JNY_294517156,USR_39152,STN_BLR_01,Bengaluru,OFFICE,59.4,80.0,71.7,CCS2,60.0,True,14.77,14.47,16.41,20.17,1.229,0.25,4.0,NORMAL,False,False,EVENING,True
CHG_477AE468B7,2026-08-16 20:17:14,2026-08-16 20:17:14,2026-08-16 21:03:45,JNY_653975978,USR_39049,STN_MUM_01,Mumbai,MALL,39.1,85.0,82.7,CCS2,60.0,True,37.96,37.07,44.29,46.53,1.051,0.6,5.0,NORMAL,False,False,EVENING,True
CHG_EA1D17CB94,2026-08-16 20:17:39,2026-08-16 20:17:39,2026-08-16 20:36:43,JNY_307563902,USR_85415,STN_DEL_02,Delhi,OFFICE,60.5,85.0,65.8,CCS2,60.0,True,16.12,15.35,18.81,19.07,1.014,0.75,0.0,NORMAL,False,False,EVENING,True
CHG_E0CD56107A,2026-08-16 20:26:26,2026-08-16 20:26:26,2026-08-16 23:15:02,JNY_253738558,USR_26816,STN_GGN_01,Gurugram,OFFICE,21.4,85.0,80.3,TYPE2_AC,22.0,False,51.07,49.17,162.5,168.61,1.038,1.0,0.0,NORMAL,False,False,EVENING,True
CHG_412D17F821,2026-08-16 20:40:08,2026-08-16 20:40:08,2026-08-16 21:35:26,JNY_494306055,USR_84874,STN_DEL_02,Delhi,OFFICE,18.7,90.0,85.7,CHAdeMO,75.0,True,61.1,57.77,59.75,55.31,0.926,0.75,0.0,NORMAL,False,False,EVENING,True
CHG_E9E3BC233C,2026-08-16 20:41:05,2026-08-16 20:41:05,2026-08-16 21:31:45,JNY_925987742,USR_69495,STN_MUM_02,Mumbai,RESIDENTIAL,22.9,80.0,67.4,CHAdeMO,50.0,True,38.49,36.87,51.31,50.67,0.987,0.5,0.0,NORMAL,False,False,EVENING,True
CHG_A626EA7B1B,2026-08-16 20:44:47,2026-08-16 20:44:47,2026-08-16 23:06:45,JNY_982408317,USR_71053,STN_JPR_01,Jaipur,MALL,30.1,80.0,79.9,TYPE2_AC,22.0,False,39.87,38.35,120.82,141.97,1.175,0.2,3.0,NORMAL,False,False,EVENING,True
CHG_966F869859,2026-08-16 20:49:34,2026-08-16 20:49:34,2026-08-16 21:13:44,JNY_731699349,USR_32850,STN_BLR_01,Bengaluru,OFFICE,50.2,85.0,70.1,CHAdeMO,75.0,True,24.39,23.57,22.77,24.18,1.062,1.0,0.0,NORMAL,False,False,EVENING,True
CHG_562FDEF3DF,2026-08-16 20:51:01,2026-08-16 20:51:01,2026-08-17 01:53:53,JNY_705202847,USR_82503,STN_DEL_03,Delhi,HIGHWAY,30.4,85.0,82.4,TYPE2_AC,11.0,False,44.99,42.86,286.3,302.88,1.058,0.4,0.0,NORMAL,False,False,EVENING,True
CHG_B622C42F0E,2026-08-16 20:51:04,2026-08-16 20:51:04,2026-08-16 21:19:23,JNY_280471488,USR_88481,STN_BLR_01,Bengaluru,OFFICE,29.9,90.0,65.6,CCS2,120.0,True,39.43,37.33,24.09,28.33,1.176,1.0,0.0,MINOR_SLOWDOWN,True,False,EVENING,True
CHG_94AC3F7ABE,2026-08-16 20:51:53,2026-08-16 20:51:53,2026-08-17 01:43:47,JNY_262097106,USR_65641,STN_JPR_01,Jaipur,MALL,24.7,85.0,66.6,TYPE2_AC,11.0,False,40.16,38.77,255.56,291.91,1.142,0.4,2.0,NORMAL,False,False,EVENING,True
CHG_619ECD7E23,2026-08-16 20:52:41,2026-08-16 20:52:41,2026-08-16 21:32:14,JNY_883016233,USR_28531,STN_BLR_01,Bengaluru,OFFICE,13.3,85.0,76.4,CCS2,90.0,True,54.78,52.51,42.61,39.57,0.929,1.0,0.0,NORMAL,False,False,EVENING,True
CHG_58DDBC22B0,2026-08-16 20:52:58,2026-08-16 20:52:58,2026-08-17 00:51:46,JNY_316359807,USR_77905,STN_MUM_01,Mumbai,MALL,26.5,80.0,62.2,TYPE2_AC,11.0,False,33.28,31.41,201.68,238.8,1.184,0.2,2.0,NORMAL,False,False,EVENING,True
CHG_B1D336A784,2026-08-16 20:58:30,2026-08-16 20:58:30,2026-08-16 22:08:50,JNY_456883986,USR_42730,STN_DEL_02,Delhi,OFFICE,29.7,85.0,84.2,CHAdeMO,50.0,True,46.56,44.59,65.19,70.33,1.079,0.75,3.0,NORMAL,False,False,EVENING,True
CHG_C602B1BFD5,2026-08-16 21:01:58,2026-08-16 21:01:58,2026-08-16 21:21:07,JNY_654395185,USR_39183,STN_BLR_01,Bengaluru,OFFICE,29.4,80.0,81.4,CCS2,150.0,True,41.19,39.51,18.31,19.15,1.046,0.75,0.0,NORMAL,False,False,NIGHT,True
CHG_AEA86485A8,2026-08-16 21:02:46,2026-08-16 21:02:46,2026-08-16 21:12:55,JNY_754046117,USR_15305,STN_DEL_02,Delhi,OFFICE,51.2,80.0,75.7,CCS2,150.0,True,21.8,20.72,9.69,10.15,1.048,1.0,0.0,NORMAL,False,False,NIGHT,True
CHG_FCB1079D82,2026-08-16 21:03:11,2026-08-16 21:03:11,2026-08-16 21:24:24,JNY_569950232,USR_39996,STN_GGN_01,Gurugram,OFFICE,19.5,80.0,61.4,CCS2,120.0,True,37.15,35.22,20.64,21.23,1.029,1.0,0.0,NORMAL,False,False,NIGHT,True
CHG_55D6570D0B,2026-08-16 21:07:38,2026-08-16 21:07:38,2026-08-16 21:46:57,JNY_534013233,USR_80084,STN_DEL_02,Delhi,OFFICE,23.4,85.0,89.2,CHAdeMO,100.0,True,54.95,52.11,38.46,39.33,1.023,0.75,0.0,NORMAL,False,False,NIGHT,True
CHG_A0A3D93837,2026-08-16 21:09:07,2026-08-16 21:09:07,2026-08-16 22:02:11,JNY_807582264,USR_65220,STN_DEL_02,Delhi,OFFICE,35.2,85.0,89.2,CCS2,60.0,True,44.42,42.19,51.83,53.07,1.024,0.5,0.0,NORMAL,False,False,NIGHT,True
CHG_0AE7A19D8F,2026-08-16 21:10:25,2026-08-16 21:10:25,2026-08-16 21:50:58,JNY_566146008,USR_56887,STN_MUM_02,Mumbai,RESIDENTIAL,24.4,85.0,78.6,CCS2,90.0,True,47.63,45.78,37.05,40.57,1.095,0.75,0.0,NORMAL,False,False,NIGHT,True
CHG_0F4AAAA7F2,2026-08-16 21:12:20,2026-08-16 21:12:20,2026-08-16 21:37:41,JNY_179028297,USR_32774,STN_DEL_03,Delhi,HIGHWAY,21.4,80.0,69.6,CCS2,120.0,True,40.79,39.24,22.66,25.36,1.119,0.2,4.0,NORMAL,False,False,NIGHT,True
CHG_0BFB8D9FA6,2026-08-16 21:13:36,2026-08-16 21:13:36,2026-08-17 03:13:36,JNY_406165937,USR_91403,STN_DEL_03,Delhi,HIGHWAY,15.3,90.0,69.0,TYPE2_AC,11.0,False,51.54,50.35,343.62,360.0,1.048,0.4,10.0,MINOR_SLOWDOWN,True,False,NIGHT,True
CHG_2F1E1FAEDB,2026-08-16 21:14:38,2026-08-16 21:14:38,2026-08-16 21:37:33,JNY_448386370,USR_64668,STN_BLR_01,Bengaluru,OFFICE,47.5,85.0,85.1,CCS2,90.0,True,31.91,30.49,24.82,22.92,0.923,1.0,0.0,NORMAL,False,False,NIGHT,True
CHG_F20A632BC3,2026-08-16 21:16:37,2026-08-16 21:16:37,2026-08-16 21:43:45,JNY_573992673,USR_28185,STN_MUM_02,Mumbai,RESIDENTIAL,49.1,85.0,68.3,CCS2,60.0,True,24.52,23.5,28.61,27.14,0.949,1.0,0.0,NORMAL,False,False,NIGHT,True
CHG_6289D51A60,2026-08-16 21:25:46,2026-08-16 21:25:46,2026-08-16 21:57:11,JNY_882827602,USR_19075,STN_BLR_01,Bengaluru,OFFICE,32.2,80.0,59.5,CCS2,60.0,True,28.44,27.24,31.6,31.43,0.995,0.75,0.0,NORMAL,False,False,NIGHT,True
CHG_3E59D7AC5B,2026-08-16 21:33:38,2026-08-16 21:33:38,2026-08-16 21:53:49,JNY_964738827,USR_19912,STN_BLR_01,Bengaluru,OFFICE,39.4,90.0,72.5,CCS2,150.0,True,36.69,34.93,17.93,20.19,1.126,1.0,0.0,MINOR_SLOWDOWN,True,False,NIGHT,True
CHG_F510AE37B3,2026-08-16 21:36:40,2026-08-16 21:36:40,2026-08-16 22:03:44,JNY_951595613,USR_84452,STN_GGN_01,Gurugram,OFFICE,26.8,85.0,81.5,CCS2,120.0,True,47.43,45.33,27.67,27.08,0.979,0.75,0.0,NORMAL,False,False,NIGHT,True
CHG_EA8BE31A5E,2026-08-16 21:41:53,2026-08-16 21:41:53,2026-08-16 22:18:26,JNY_721042720,USR_68227,STN_BLR_01,Bengaluru,OFFICE,21.1,85.0,72.3,CCS2,90.0,True,46.2,44.77,35.93,36.55,1.017,0.75,5.0,NORMAL,False,False,NIGHT,True
CHG_6C75EAF30A,2026-08-16 21:49:31,2026-08-16 21:49:31,2026-08-16 22:25:44,JNY_156229236,USR_73107,STN_BLR_01,Bengaluru,OFFICE,34.1,80.0,87.5,CHAdeMO,75.0,True,40.16,39.57,35.7,36.23,1.015,0.75,1.0,NORMAL,False,False,NIGHT,True
CHG_FF236F2ADE,2026-08-16 21:52:38,2026-08-16 21:52:38,2026-08-16 22:22:45,JNY_529022089,USR_62960,STN_MUM_01,Mumbai,MALL,13.3,85.0,60.3,CCS2,120.0,True,43.24,41.15,25.22,30.12,1.194,0.8,3.0,MINOR_SLOWDOWN,True,False,NIGHT,True
CHG_8BA090A578,2026-08-16 21:52:45,2026-08-16 21:52:45,2026-08-16 22:11:34,JNY_387981863,USR_17532,STN_BLR_01,Bengaluru,OFFICE,32.4,80.0,88.3,CCS2,150.0,True,42.03,39.79,18.68,18.83,1.008,1.0,0.0,NORMAL,False,False,NIGHT,True
CHG_6B28A83F1A,2026-08-16 21:57:51,2026-08-16 21:57:51,2026-08-16 22:33:51,JNY_515094480,USR_13853,STN_JPR_02,Jaipur,HIGHWAY,14.6,80.0,78.2,CCS2,90.0,True,51.14,48.9,37.88,36.02,0.951,0.6,0.0,NORMAL,False,False,NIGHT,True
CHG_569A1F0E2B,2026-08-16 22:18:13,2026-08-16 22:18:13,2026-08-16 22:41:09,JNY_360714711,USR_10127,STN_DEL_02,Delhi,OFFICE,53.6,80.0,77.6,CCS2,60.0,True,20.49,19.95,22.76,22.95,1.008,1.0,0.0,NORMAL,False,False,NIGHT,True
CHG_82689E734E,2026-08-16 22:23:20,2026-08-16 22:23:20,2026-08-16 22:42:03,JNY_601933716,USR_73110,STN_JPR_01,Jaipur,MALL,44.3,85.0,79.8,CCS2,120.0,True,32.48,31.19,18.95,18.72,0.988,0.6,0.0,NORMAL,False,False,NIGHT,True
CHG_1710D5CDC1,2026-08-16 22:26:57,2026-08-16 22:26:57,2026-08-16 22:56:30,JNY_669719663,USR_92940,STN_GGN_02,Gurugram,MALL,31.2,85.0,90.0,CCS2,120.0,True,48.42,46.11,28.25,29.56,1.046,1.0,0.0,NORMAL,False,False,NIGHT,True
CHG_77892F2C37,2026-08-16 22:45:38,2026-08-16 22:45:38,2026-08-16 23:08:41,JNY_874390919,USR_45627,STN_MUM_01,Mumbai,MALL,28.4,80.0,75.2,CCS2,120.0,True,38.8,37.07,21.56,23.06,1.07,0.8,0.0,NORMAL,False,False,NIGHT,True
CHG_6B2674316A,2026-08-16 22:50:37,2026-08-16 22:50:37,2026-08-16 23:14:36,JNY_905493043,USR_63305,STN_DEL_02,Delhi,OFFICE,44.1,80.0,82.5,CCS2,90.0,True,29.62,28.72,21.94,23.99,1.093,1.0,0.0,NORMAL,False,False,NIGHT,True
CHG_D829AC7BE0,2026-08-16 22:55:35,2026-08-16 22:55:35,2026-08-16 23:28:32,JNY_237513965,USR_69407,STN_GGN_01,Gurugram,OFFICE,15.1,90.0,63.8,CCS2,120.0,True,47.79,46.93,29.2,32.96,1.129,0.5,5.0,NORMAL,False,False,NIGHT,True
CHG_064040CF38,2026-08-16 23:03:15,2026-08-16 23:03:15,2026-08-16 23:48:43,JNY_933401083,USR_94132,STN_JPR_02,Jaipur,HIGHWAY,14.8,95.0,90.0,CCS2,120.0,True,72.18,68.2,46.12,45.48,0.986,0.8,4.0,NORMAL,False,False,NIGHT,True
CHG_D470C05B5A,2026-08-16 23:07:08,2026-08-16 23:07:08,2026-08-17 00:55:42,JNY_481381809,USR_75177,STN_GGN_01,Gurugram,OFFICE,26.6,80.0,63.2,TYPE2_AC,22.0,False,33.75,32.91,102.27,108.58,1.062,0.75,3.0,NORMAL,False,False,NIGHT,True
CHG_C2F687F808,2026-08-16 23:22:33,2026-08-16 23:22:33,2026-08-16 23:39:13,JNY_288298045,USR_18273,STN_MUM_02,Mumbai,RESIDENTIAL,39.8,85.0,78.0,CCS2,150.0,True,35.26,33.86,16.45,16.68,1.014,0.75,0.0,NORMAL,False,False,NIGHT,True
CHG_FC27742EE1,2026-08-16 23:36:53,2026-08-16 23:36:53,2026-08-16 23:52:11,JNY_941317065,USR_25025,STN_GGN_01,Gurugram,OFFICE,48.4,85.0,71.6,CCS2,120.0,True,26.21,24.79,15.29,15.31,1.001,1.0,0.0,NORMAL,False,False,NIGHT,True
